0 0 0 0 0 0
256 0 0 220 66 45
512 0 0 440 133 91
768 0 0 660 200 136
1024 0 0 878 269 181
1280 0 0 1096 338 227
1536 0 0 1312 410 271
1792 0 0 1528 482 314
2048 0 0 1744 555 355
2303 0 0 1961 625 393
2559 0 0 2179 695 430
2815 0 0 2397 765 468
3071 0 0 2615 834 509
3327 0 0 2833 904 551
3583 0 0 3051 973 593
3839 0 0 3269 1043 636
4095 0 0 3486 1112 678
0 256 0 139 246 91
256 256 0 293 275 113
512 256 0 468 308 140
768 256 0 677 346 172
1024 256 0 890 392 210
1280 256 0 1105 443 249
1536 256 0 1319 500 290
1792 256 0 1533 561 330
2048 256 0 1746 625 371
2303 256 0 1958 693 410
2559 256 0 2172 760 449
2815 256 0 2389 825 487
3071 256 0 2607 890 527
3327 256 0 2826 955 567
3583 256 0 3044 1021 608
3839 256 0 3263 1087 650
4095 256 0 3481 1153 691
0 512 0 278 493 181
256 512 0 380 498 189
512 512 0 518 509 202
768 512 0 710 527 224
1024 512 0 915 556 253
1280 512 0 1123 590 285
1536 512 0 1334 633 321
1792 512 0 1544 682 358
2048 512 0 1755 736 396
2303 512 0 1963 797 436
2559 512 0 2173 858 476
2815 512 0 2386 919 516
3071 512 0 2601 981 557
3327 512 0 2817 1042 598
3583 512 0 3035 1104 638
3839 512 0 3254 1165 676
4095 512 0 3474 1225 714
0 768 0 416 739 272
256 768 0 489 742 276
512 768 0 599 748 284
768 768 0 767 760 299
1024 768 0 957 778 320
1280 768 0 1155 801 344
1536 768 0 1360 831 373
1792 768 0 1566 867 404
2048 768 0 1773 907 436
2303 768 0 1978 956 475
2559 768 0 2184 1008 517
2815 768 0 2390 1064 560
3071 768 0 2597 1124 606
3327 768 0 2805 1183 650
3583 768 0 3021 1240 688
3839 768 0 3241 1292 722
4095 768 0 3465 1343 753
0 1024 0 564 984 360
256 1024 0 619 986 363
512 1024 0 709 990 369
768 1024 0 852 998 380
1024 1024 0 1026 1012 397
1280 1024 0 1210 1029 417
1536 1024 0 1405 1052 442
1792 1024 0 1604 1080 470
2048 1024 0 1805 1111 500
2303 1024 0 2007 1151 536
2559 1024 0 2209 1193 574
2815 1024 0 2413 1240 614
3071 1024 0 2616 1292 657
3327 1024 0 2821 1345 700
3583 1024 0 3030 1398 740
3839 1024 0 3250 1444 770
4095 1024 0 3477 1486 793
0 1280 0 715 1228 450
256 1280 0 756 1230 453
512 1280 0 829 1233 458
768 1280 0 949 1239 466
1024 1280 0 1105 1249 480
1280 1280 0 1274 1262 497
1536 1280 0 1459 1280 519
1792 1280 0 1650 1302 544
2048 1280 0 1844 1326 572
2303 1280 0 2042 1358 604
2559 1280 0 2242 1392 637
2815 1280 0 2443 1430 673
3071 1280 0 2645 1472 712
3327 1280 0 2847 1517 751
3583 1280 0 3050 1567 793
3839 1280 0 3268 1607 819
4095 1280 0 3496 1642 835
0 1536 0 867 1472 550
256 1536 0 900 1473 552
512 1536 0 961 1476 556
768 1536 0 1064 1481 563
1024 1536 0 1204 1489 575
1280 1536 0 1358 1500 588
1536 1536 0 1531 1514 607
1792 1536 0 1713 1532 628
2048 1536 0 1900 1552 652
2303 1536 0 2093 1578 680
2559 1536 0 2288 1606 709
2815 1536 0 2485 1638 741
3071 1536 0 2685 1674 776
3327 1536 0 2885 1712 811
3583 1536 0 3086 1755 850
3839 1536 0 3299 1791 874
4095 1536 0 3521 1824 889
0 1792 0 1016 1716 647
256 1792 0 1044 1717 648
512 1792 0 1096 1720 652
768 1792 0 1184 1724 658
1024 1792 0 1310 1731 667
1280 1792 0 1450 1739 679
1536 1792 0 1613 1751 695
1792 1792 0 1786 1766 713
2048 1792 0 1964 1783 733
2303 1792 0 2152 1804 758
2559 1792 0 2342 1828 784
2815 1792 0 2536 1855 812
3071 1792 0 2732 1885 843
3327 1792 0 2929 1918 875
3583 1792 0 3128 1954 910
3839 1792 0 3337 1988 934
4095 1792 0 3552 2019 949
0 2048 0 1163 1961 742
256 2048 0 1186 1962 743
512 2048 0 1231 1964 746
768 2048 0 1308 1967 751
1024 2048 0 1421 1973 759
1280 2048 0 1549 1980 769
1536 2048 0 1701 1990 782
1792 2048 0 1865 2002 798
2048 2048 0 2035 2016 815
2303 2048 0 2217 2034 837
2559 2048 0 2402 2054 860
2815 2048 0 2591 2077 885
3071 2048 0 2784 2102 913
3327 2048 0 2979 2130 942
3583 2048 0 3175 2161 973
3839 2048 0 3379 2192 997
4095 2048 0 3587 2222 1015
0 2303 0 1308 2205 834
256 2303 0 1329 2206 835
512 2303 0 1368 2208 838
768 2303 0 1437 2211 842
1024 2303 0 1540 2216 849
1280 2303 0 1658 2222 858
1536 2303 0 1800 2231 870
1792 2303 0 1955 2241 884
2048 2303 0 2117 2253 899
2303 2303 0 2293 2269 918
2559 2303 0 2472 2286 939
2815 2303 0 2656 2306 961
3071 2303 0 2845 2328 987
3327 2303 0 3036 2352 1013
3583 2303 0 3230 2379 1042
3839 2303 0 3428 2408 1067
4095 2303 0 3629 2436 1090
0 2559 0 1453 2450 927
256 2559 0 1472 2451 928
512 2559 0 1507 2452 930
768 2559 0 1568 2455 934
1024 2559 0 1662 2459 940
1280 2559 0 1770 2465 948
1536 2559 0 1903 2472 958
1792 2559 0 2049 2482 971
2048 2559 0 2204 2492 984
2303 2559 0 2372 2506 1001
2559 2559 0 2546 2520 1020
2815 2559 0 2725 2537 1040
3071 2559 0 2910 2557 1063
3327 2559 0 3097 2578 1087
3583 2559 0 3288 2602 1113
3839 2559 0 3482 2627 1139
4095 2559 0 3677 2654 1164
0 2815 0 1599 2695 1019
256 2815 0 1615 2696 1020
512 2815 0 1647 2697 1022
768 2815 0 1702 2699 1026
1024 2815 0 1788 2703 1031
1280 2815 0 1887 2708 1038
1536 2815 0 2011 2715 1047
1792 2815 0 2149 2723 1059
2048 2815 0 2296 2732 1071
2303 2815 0 2458 2744 1086
2559 2815 0 2625 2757 1103
2815 2815 0 2799 2772 1121
3071 2815 0 2979 2789 1142
3327 2815 0 3162 2808 1164
3583 2815 0 3350 2829 1188
3839 2815 0 3540 2852 1213
4095 2815 0 3732 2876 1238
0 3071 0 1744 2940 1112
256 3071 0 1759 2941 1113
512 3071 0 1788 2942 1115
768 3071 0 1838 2944 1118
1024 3071 0 1917 2948 1123
1280 3071 0 2009 2952 1129
1536 3071 0 2125 2958 1138
1792 3071 0 2255 2965 1148
2048 3071 0 2394 2974 1159
2303 3071 0 2550 2984 1173
2559 3071 0 2711 2996 1188
2815 3071 0 2879 3009 1205
3071 3071 0 3055 3025 1224
3327 3071 0 3234 3041 1244
3583 3071 0 3417 3060 1266
3839 3071 0 3604 3081 1289
4095 3071 0 3792 3103 1314
0 3327 0 1890 3185 1205
256 3327 0 1903 3186 1206
512 3327 0 1929 3187 1207
768 3327 0 1975 3189 1210
1024 3327 0 2048 3192 1215
1280 3327 0 2133 3196 1220
1536 3327 0 2242 3201 1228
1792 3327 0 2364 3208 1237
2048 3327 0 2496 3215 1247
2303 3327 0 2645 3225 1260
2559 3327 0 2800 3235 1274
2815 3327 0 2963 3247 1289
3071 3327 0 3134 3261 1307
3327 3327 0 3308 3276 1325
3583 3327 0 3487 3293 1345
3839 3327 0 3670 3312 1367
4095 3327 0 3855 3331 1390
0 3583 0 2035 3431 1297
256 3583 0 2047 3431 1298
512 3583 0 2071 3432 1300
768 3583 0 2114 3434 1302
1024 3583 0 2181 3437 1306
1280 3583 0 2261 3440 1312
1536 3583 0 2362 3445 1319
1792 3583 0 2478 3451 1327
2048 3583 0 2603 3458 1336
2303 3583 0 2746 3466 1348
2559 3583 0 2895 3476 1361
2815 3583 0 3052 3487 1375
3071 3583 0 3218 3499 1391
3327 3583 0 3387 3513 1408
3583 3583 0 3563 3528 1427
3839 3583 0 3742 3545 1448
4095 3583 0 3924 3563 1469
0 3839 0 2154 3681 1359
256 3839 0 2165 3682 1359
512 3839 0 2188 3683 1360
768 3839 0 2227 3684 1362
1024 3839 0 2291 3687 1365
1280 3839 0 2365 3691 1369
1536 3839 0 2462 3695 1374
1792 3839 0 2572 3701 1380
2048 3839 0 2692 3707 1387
2303 3839 0 2830 3715 1395
2559 3839 0 2974 3724 1403
2815 3839 0 3128 3733 1413
3071 3839 0 3290 3745 1423
3327 3839 0 3456 3757 1433
3583 3839 0 3630 3771 1442
3839 3839 0 3805 3783 1447
4095 3839 0 3981 3795 1450
0 4095 0 2256 3936 1399
256 4095 0 2266 3936 1399
512 4095 0 2287 3937 1400
768 4095 0 2325 3939 1401
1024 4095 0 2384 3942 1402
1280 4095 0 2455 3945 1403
1536 4095 0 2547 3949 1406
1792 4095 0 2654 3954 1408
2048 4095 0 2769 3960 1411
2303 4095 0 2903 3968 1413
2559 4095 0 3044 3976 1416
2815 4095 0 3194 3985 1419
3071 4095 0 3354 3995 1419
3327 4095 0 3518 4006 1418
3583 4095 0 3691 4018 1412
3839 4095 0 3862 4025 1394
4095 4095 0 4032 4026 1366
0 0 256 52 45 233
256 0 256 241 90 248
512 0 256 442 143 267
768 0 256 660 207 291
1024 0 256 877 276 319
1280 0 256 1093 346 348
1536 0 256 1310 417 379
1792 0 256 1527 487 410
2048 0 256 1744 557 442
2303 0 256 1961 627 474
2559 0 256 2179 696 507
2815 0 256 2397 766 541
3071 0 256 2615 835 577
3327 0 256 2833 905 615
3583 0 256 3051 974 653
3839 0 256 3268 1044 691
4095 0 256 3486 1113 730
0 256 256 166 264 271
256 256 256 305 285 280
512 256 256 469 314 294
768 256 256 673 353 315
1024 256 256 880 404 342
1280 256 256 1090 458 371
1536 256 256 1306 515 400
1792 256 256 1522 574 430
2048 256 256 1738 635 460
2303 256 256 1954 698 493
2559 256 256 2171 762 525
2815 256 256 2389 827 559
3071 256 256 2607 891 594
3327 256 256 2826 956 630
3583 256 256 3044 1022 667
3839 256 256 3263 1088 704
4095 256 256 3481 1154 742
0 512 256 292 493 320
256 512 256 389 499 326
512 512 256 521 511 337
768 512 256 706 532 354
1024 512 256 902 567 378
1280 512 256 1104 606 405
1536 512 256 1315 650 431
1792 512 256 1527 699 460
2048 512 256 1740 750 490
2303 512 256 1952 807 522
2559 512 256 2166 865 555
2815 512 256 2382 924 589
3071 512 256 2599 984 623
3327 512 256 2816 1044 658
3583 512 256 3035 1105 694
3839 512 256 3254 1165 729
4095 512 256 3474 1226 764
0 768 256 434 737 387
256 768 256 504 740 393
512 768 256 610 747 402
768 768 256 769 760 414
1024 768 256 952 782 432
1280 768 256 1144 808 453
1536 768 256 1344 841 478
1792 768 256 1548 880 505
2048 768 256 1753 922 534
2303 768 256 1959 971 568
2559 768 256 2166 1023 602
2815 768 256 2376 1076 638
3071 768 256 2588 1131 673
3327 768 256 2802 1186 708
3583 768 256 3020 1241 741
3839 768 256 3241 1293 772
4095 768 256 3465 1344 801
0 1024 256 580 982 460
256 1024 256 635 983 467
512 1024 256 723 988 474
768 1024 256 859 997 484
1024 1024 256 1026 1013 499
1280 1024 256 1204 1031 516
1536 1024 256 1396 1057 538
1792 1024 256 1591 1087 563
2048 1024 256 1790 1121 590
2303 1024 256 1991 1162 621
2559 1024 256 2194 1205 654
2815 1024 256 2398 1251 689
3071 1024 256 2605 1301 724
3327 1024 256 2813 1351 760
3583 1024 256 3024 1403 796
3839 1024 256 3246 1448 820
4095 1024 256 3477 1487 838
0 1280 256 727 1226 537
256 1280 256 771 1227 543
512 1280 256 843 1230 550
768 1280 256 959 1236 558
1024 1280 256 1110 1248 570
1280 1280 256 1275 1262 585
1536 1280 256 1456 1281 604
1792 1280 256 1644 1304 626
2048 1280 256 1836 1330 651
2303 1280 256 2032 1363 679
2559 1280 256 2231 1398 709
2815 1280 256 2431 1437 742
3071 1280 256 2633 1480 777
3327 1280 256 2835 1526 813
3583 1280 256 3038 1576 852
3839 1280 256 3261 1613 871
4095 1280 256 3496 1642 877
0 1536 256 875 1470 622
256 1536 256 912 1471 628
512 1536 256 973 1473 634
768 1536 256 1073 1478 641
1024 1536 256 1210 1488 652
1280 1536 256 1361 1499 664
1536 1536 256 1531 1514 681
1792 1536 256 1711 1533 700
2048 1536 256 1895 1554 721
2303 1536 256 2087 1581 746
2559 1536 256 2281 1610 773
2815 1536 256 2477 1643 803
3071 1536 256 2676 1680 835
3327 1536 256 2876 1718 868
3583 1536 256 3077 1761 904
3839 1536 256 3294 1796 922
4095 1536 256 3521 1825 928
0 1792 256 1023 1715 708
256 1792 256 1053 1715 713
512 1792 256 1106 1717 719
768 1792 256 1193 1721 725
1024 1792 256 1317 1729 734
1280 1792 256 1455 1738 745
1536 1792 256 1615 1751 759
1792 1792 256 1786 1766 776
2048 1792 256 1963 1783 795
2303 1792 256 2149 1806 817
2559 1792 256 2338 1830 841
2815 1792 256 2530 1857 868
3071 1792 256 2726 1889 897
3327 1792 256 2922 1922 927
3583 1792 256 3121 1959 960
3839 1792 256 3332 1991 978
4095 1792 256 3552 2019 985
0 2048 256 1169 1960 795
256 2048 256 1195 1960 800
512 2048 256 1241 1962 805
768 2048 256 1317 1965 809
1024 2048 256 1428 1971 817
1280 2048 256 1554 1979 826
1536 2048 256 1705 1989 839
1792 2048 256 1866 2002 854
2048 2048 256 2036 2016 870
2303 2048 256 2216 2035 890
2559 2048 256 2400 2055 912
2815 2048 256 2588 2078 935
3071 2048 256 2780 2104 962
3327 2048 256 2973 2132 990
3583 2048 256 3170 2164 1020
3839 2048 256 3375 2194 1038
4095 2048 256 3586 2222 1048
0 2303 256 1315 2204 883
256 2303 256 1337 2204 886
512 2303 256 1378 2206 890
768 2303 256 1445 2209 895
1024 2303 256 1547 2214 901
1280 2303 256 1663 2220 910
1536 2303 256 1804 2229 921
1792 2303 256 1957 2240 934
2048 2303 256 2119 2253 949
2303 2303 256 2293 2269 967
2559 2303 256 2471 2286 986
2815 2303 256 2654 2306 1008
3071 2303 256 2843 2329 1032
3327 2303 256 3033 2354 1057
3583 2303 256 3226 2381 1085
3839 2303 256 3425 2409 1106
4095 2303 256 3629 2437 1121
0 2559 256 1461 2449 972
256 2559 256 1480 2449 974
512 2559 256 1515 2451 977
768 2559 256 1576 2453 981
1024 2559 256 1669 2458 987
1280 2559 256 1776 2463 994
1536 2559 256 1908 2471 1004
1792 2559 256 2052 2481 1016
2048 2559 256 2206 2491 1029
2303 2559 256 2374 2505 1045
2559 2559 256 2546 2520 1063
2815 2559 256 2724 2538 1083
3071 2559 256 2908 2558 1104
3327 2559 256 3095 2579 1128
3583 2559 256 3285 2603 1153
3839 2559 256 3479 2629 1175
4095 2559 256 3676 2655 1196
0 2815 256 1607 2694 1061
256 2815 256 1623 2694 1063
512 2815 256 1655 2696 1065
768 2815 256 1709 2698 1068
1024 2815 256 1794 2702 1074
1280 2815 256 1893 2707 1080
1536 2815 256 2016 2714 1089
1792 2815 256 2153 2722 1100
2048 2815 256 2298 2731 1112
2303 2815 256 2460 2743 1127
2559 2815 256 2626 2757 1143
2815 2815 256 2799 2772 1160
3071 2815 256 2979 2790 1180
3327 2815 256 3161 2808 1201
3583 2815 256 3348 2830 1225
3839 2815 256 3538 2853 1248
4095 2815 256 3729 2877 1272
0 3071 256 1752 2939 1151
256 3071 256 1766 2939 1152
512 3071 256 1795 2941 1153
768 3071 256 1845 2943 1157
1024 3071 256 1923 2946 1162
1280 3071 256 2015 2951 1167
1536 3071 256 2130 2957 1176
1792 3071 256 2259 2964 1185
2048 3071 256 2397 2973 1196
2303 3071 256 2552 2983 1210
2559 3071 256 2713 2995 1224
2815 3071 256 2880 3009 1241
3071 3071 256 3055 3025 1259
3327 3071 256 3233 3041 1279
3583 3071 256 3416 3061 1300
3839 3071 256 3602 3081 1323
4095 3071 256 3790 3103 1346
0 3327 256 1896 3184 1240
256 3327 256 1910 3185 1241
512 3327 256 1936 3186 1242
768 3327 256 1982 3188 1245
1024 3327 256 2054 3191 1250
1280 3327 256 2138 3195 1255
1536 3327 256 2246 3200 1263
1792 3327 256 2368 3207 1272
2048 3327 256 2499 3214 1282
2303 3327 256 2648 3224 1294
2559 3327 256 2802 3235 1307
2815 3327 256 2964 3247 1322
3071 3327 256 3134 3261 1339
3327 3327 256 3308 3276 1357
3583 3327 256 3487 3293 1377
3839 3327 256 3670 3312 1399
4095 3327 256 3854 3332 1421
0 3583 256 2041 3429 1330
256 3583 256 2053 3430 1331
512 3583 256 2078 3431 1332
768 3583 256 2120 3432 1335
1024 3583 256 2187 3435 1339
1280 3583 256 2266 3439 1344
1536 3583 256 2367 3444 1351
1792 3583 256 2482 3450 1359
2048 3583 256 2607 3457 1368
2303 3583 256 2749 3466 1380
2559 3583 256 2897 3475 1392
2815 3583 256 3054 3486 1406
3071 3583 256 3219 3499 1422
3327 3583 256 3388 3513 1438
3583 3583 256 3563 3528 1457
3839 3583 256 3742 3545 1477
4095 3583 256 3923 3563 1498
0 3839 256 2158 3681 1387
256 3839 256 2169 3681 1387
512 3839 256 2192 3682 1388
768 3839 256 2231 3684 1390
1024 3839 256 2294 3686 1393
1280 3839 256 2368 3690 1397
1536 3839 256 2465 3694 1402
1792 3839 256 2575 3700 1408
2048 3839 256 2694 3706 1414
2303 3839 256 2832 3714 1422
2559 3839 256 2976 3723 1431
2815 3839 256 3129 3733 1440
3071 3839 256 3291 3745 1450
3327 3839 256 3457 3757 1459
3583 3839 256 3630 3771 1468
3839 3839 256 3805 3783 1473
4095 3839 256 3981 3795 1476
0 4095 256 2256 3936 1421
256 4095 256 2266 3937 1422
512 4095 256 2288 3937 1422
768 4095 256 2325 3939 1423
1024 4095 256 2384 3942 1424
1280 4095 256 2455 3945 1425
1536 4095 256 2547 3949 1428
1792 4095 256 2654 3954 1430
2048 4095 256 2769 3960 1433
2303 4095 256 2903 3968 1435
2559 4095 256 3044 3976 1438
2815 4095 256 3194 3985 1441
3071 4095 256 3354 3995 1441
3327 4095 256 3518 4006 1440
3583 4095 256 3691 4019 1434
3839 4095 256 3862 4025 1415
4095 4095 256 4032 4026 1388
0 0 512 108 99 467
256 0 512 267 121 462
512 0 512 449 158 462
768 0 512 664 217 472
1024 0 512 878 285 487
1280 0 512 1093 355 504
1536 0 512 1310 423 524
1792 0 512 1527 492 546
2048 0 512 1745 561 570
2303 0 512 1961 629 597
2559 0 512 2179 699 625
2815 0 512 2397 768 654
3071 0 512 2615 837 685
3327 0 512 2833 906 717
3583 0 512 3051 976 749
3839 0 512 3269 1045 783
4095 0 512 3487 1114 817
0 256 512 196 287 469
256 256 512 321 300 465
512 256 512 475 323 468
768 256 512 673 363 482
1024 256 512 876 415 501
1280 256 512 1083 470 522
1536 256 512 1299 526 543
1792 256 512 1516 584 565
2048 256 512 1734 643 588
2303 256 512 1952 704 614
2559 256 512 2170 766 641
2815 256 512 2389 829 669
3071 256 512 2607 893 699
3327 256 512 2826 958 730
3583 256 512 3044 1023 762
3839 256 512 3263 1089 795
4095 256 512 3481 1155 828
0 512 512 306 496 488
256 512 512 401 503 487
512 512 512 528 516 493
768 512 512 705 539 507
1024 512 512 897 576 527
1280 512 512 1096 617 548
1536 512 512 1306 662 570
1792 512 512 1518 710 593
2048 512 512 1731 761 617
2303 512 512 1946 815 643
2559 512 512 2162 871 670
2815 512 512 2379 928 698
3071 512 512 2597 987 726
3327 512 512 2816 1046 756
3583 512 512 3034 1106 787
3839 512 512 3254 1167 817
4095 512 512 3474 1227 849
0 768 512 448 738 532
256 768 512 518 741 537
512 768 512 620 748 544
768 768 512 772 763 555
1024 768 512 953 785 569
1280 768 512 1143 812 586
1536 768 512 1339 848 608
1792 768 512 1538 889 633
2048 768 512 1739 934 660
2303 768 512 1946 983 689
2559 768 512 2155 1033 717
2815 768 512 2367 1085 746
3071 768 512 2583 1137 773
3327 768 512 2801 1189 800
3583 768 512 3019 1243 829
3839 768 512 3241 1294 856
4095 768 512 3465 1345 882
0 1024 512 592 982 591
256 1024 512 647 983 598
512 1024 512 732 988 604
768 1024 512 861 999 610
1024 1024 512 1027 1014 621
1280 1024 512 1205 1033 635
1536 1024 512 1394 1060 655
1792 1024 512 1586 1093 679
2048 1024 512 1781 1128 705
2303 1024 512 1981 1170 733
2559 1024 512 2184 1213 762
2815 1024 512 2388 1260 792
3071 1024 512 2597 1308 822
3327 1024 512 2807 1357 852
3583 1024 512 3018 1408 884
3839 1024 512 3243 1451 903
4095 1024 512 3477 1487 915
0 1280 512 736 1226 655
256 1280 512 781 1226 663
512 1280 512 851 1230 668
768 1280 512 959 1238 670
1024 1280 512 1110 1250 679
1280 1280 512 1275 1263 691
1536 1280 512 1457 1282 709
1792 1280 512 1643 1306 730
2048 1280 512 1833 1333 754
2303 1280 512 2028 1367 780
2559 1280 512 2224 1403 809
2815 1280 512 2422 1444 840
3071 1280 512 2622 1488 872
3327 1280 512 2824 1535 905
3583 1280 512 3028 1584 939
3839 1280 512 3255 1618 952
4095 1280 512 3496 1643 951
0 1536 512 882 1470 726
256 1536 512 920 1470 734
512 1536 512 981 1473 741
768 1536 512 1079 1478 746
1024 1536 512 1213 1488 755
1280 1536 512 1362 1499 765
1536 1536 512 1532 1515 781
1792 1536 512 1709 1534 799
2048 1536 512 1892 1556 819
2303 1536 512 2082 1584 843
2559 1536 512 2274 1614 868
2815 1536 512 2469 1648 895
3071 1536 512 2667 1685 925
3327 1536 512 2866 1725 956
3583 1536 512 3067 1768 988
3839 1536 512 3287 1800 1000
4095 1536 512 3522 1825 997
0 1792 512 1028 1715 801
256 1792 512 1060 1715 808
512 1792 512 1114 1716 816
768 1792 512 1201 1720 823
1024 1792 512 1323 1728 831
1280 1792 512 1458 1737 840
1536 1792 512 1617 1751 854
1792 1792 512 1786 1767 870
2048 1792 512 1961 1785 887
2303 1792 512 2145 1808 908
2559 1792 512 2332 1833 931
2815 1792 512 2524 1861 955
3071 1792 512 2718 1893 983
3327 1792 512 2914 1927 1011
3583 1792 512 3112 1964 1041
3839 1792 512 3327 1994 1053
4095 1792 512 3552 2020 1051
0 2048 512 1174 1960 879
256 2048 512 1201 1959 885
512 2048 512 1249 1961 892
768 2048 512 1326 1964 900
1024 2048 512 1436 1970 908
1280 2048 512 1560 1977 916
1536 2048 512 1709 1988 928
1792 2048 512 1868 2001 942
2048 2048 512 2035 2016 957
2303 2048 512 2214 2036 976
2559 2048 512 2396 2057 996
2815 2048 512 2583 2080 1019
3071 2048 512 2774 2107 1043
3327 2048 512 2966 2136 1069
3583 2048 512 3161 2168 1098
3839 2048 512 3370 2197 1109
4095 2048 512 3587 2223 1109
0 2303 512 1320 2203 960
256 2303 512 1343 2203 965
512 2303 512 1385 2204 971
768 2303 512 1455 2207 978
1024 2303 512 1556 2212 986
1280 2303 512 1671 2219 994
1536 2303 512 1810 2228 1005
1792 2303 512 1961 2239 1017
2048 2303 512 2120 2252 1031
2303 2303 512 2293 2269 1048
2559 2303 512 2469 2287 1066
2815 2303 512 2651 2308 1086
3071 2303 512 2838 2331 1109
3327 2303 512 3027 2356 1133
3583 2303 512 3219 2385 1159
3839 2303 512 3421 2412 1173
4095 2303 512 3629 2437 1179
0 2559 512 1466 2448 1043
256 2559 512 1486 2448 1047
512 2559 512 1523 2449 1051
768 2559 512 1586 2451 1058
1024 2559 512 1678 2456 1065
1280 2559 512 1784 2461 1073
1536 2559 512 1914 2469 1082
1792 2559 512 2057 2479 1094
2048 2559 512 2209 2490 1106
2303 2559 512 2375 2505 1121
2559 2559 512 2546 2520 1138
2815 2559 512 2723 2538 1157
3071 2559 512 2906 2559 1177
3327 2559 512 3091 2581 1199
3583 2559 512 3280 2605 1223
3839 2559 512 3476 2630 1240
4095 2559 512 3675 2656 1251
0 2815 512 1612 2693 1127
256 2815 512 1629 2693 1130
512 2815 512 1662 2694 1134
768 2815 512 1719 2696 1140
1024 2815 512 1804 2700 1147
1280 2815 512 1902 2705 1154
1536 2815 512 2023 2712 1162
1792 2815 512 2159 2720 1172
2048 2815 512 2303 2730 1184
2303 2815 512 2463 2743 1198
2559 2815 512 2627 2756 1213
2815 2815 512 2799 2772 1230
3071 2815 512 2978 2790 1249
3327 2815 512 3159 2809 1269
3583 2815 512 3345 2831 1291
3839 2815 512 3535 2854 1310
4095 2815 512 3727 2878 1327
0 3071 512 1757 2938 1212
256 3071 512 1772 2938 1214
512 3071 512 1802 2939 1218
768 3071 512 1855 2941 1223
1024 3071 512 1933 2944 1230
1280 3071 512 2024 2949 1236
1536 3071 512 2138 2955 1244
1792 3071 512 2266 2963 1253
2048 3071 512 2403 2971 1263
2303 3071 512 2556 2982 1276
2559 3071 512 2715 2994 1290
2815 3071 512 2882 3008 1306
3071 3071 512 3055 3024 1324
3327 3071 512 3232 3042 1342
3583 3071 512 3414 3061 1363
3839 3071 512 3600 3082 1383
4095 3071 512 3788 3104 1402
0 3327 512 1902 3183 1297
256 3327 512 1916 3184 1299
512 3327 512 1943 3184 1302
768 3327 512 1991 3186 1308
1024 3327 512 2063 3189 1313
1280 3327 512 2148 3193 1319
1536 3327 512 2254 3198 1326
1792 3327 512 2375 3205 1335
2048 3327 512 2505 3213 1344
2303 3327 512 2652 3223 1356
2559 3327 512 2805 3234 1369
2815 3327 512 2966 3246 1384
3071 3327 512 3135 3260 1400
3327 3327 512 3308 3276 1417
3583 3327 512 3486 3293 1436
3839 3327 512 3668 3312 1456
4095 3327 512 3852 3332 1477
0 3583 512 2047 3428 1384
256 3583 512 2060 3429 1386
512 3583 512 2085 3429 1389
768 3583 512 2129 3431 1394
1024 3583 512 2196 3433 1399
1280 3583 512 2275 3437 1404
1536 3583 512 2375 3442 1410
1792 3583 512 2489 3448 1418
2048 3583 512 2613 3455 1427
2303 3583 512 2754 3464 1438
2559 3583 512 2901 3474 1450
2815 3583 512 3057 3485 1464
3071 3583 512 3221 3498 1479
3327 3583 512 3389 3512 1495
3583 3583 512 3563 3528 1513
3839 3583 512 3741 3545 1532
4095 3583 512 3922 3564 1552
0 3839 512 2162 3680 1436
256 3839 512 2173 3681 1437
512 3839 512 2197 3681 1439
768 3839 512 2237 3683 1442
1024 3839 512 2300 3685 1446
1280 3839 512 2374 3689 1449
1536 3839 512 2470 3693 1454
1792 3839 512 2580 3699 1460
2048 3839 512 2698 3705 1466
2303 3839 512 2835 3714 1474
2559 3839 512 2979 3722 1482
2815 3839 512 3131 3733 1491
3071 3839 512 3292 3744 1500
3327 3839 512 3458 3757 1510
3583 3839 512 3630 3771 1518
3839 3839 512 3805 3783 1523
4095 3839 512 3980 3795 1525
0 4095 512 2256 3936 1465
256 4095 512 2267 3937 1465
512 4095 512 2288 3938 1465
768 4095 512 2325 3939 1466
1024 4095 512 2385 3942 1467
1280 4095 512 2455 3945 1468
1536 4095 512 2548 3950 1471
1792 4095 512 2654 3955 1473
2048 4095 512 2769 3961 1475
2303 4095 512 2903 3968 1478
2559 4095 512 3044 3976 1481
2815 4095 512 3194 3985 1483
3071 4095 512 3354 3995 1484
3327 4095 512 3519 4007 1482
3583 4095 512 3692 4019 1476
3839 4095 512 3862 4025 1458
4095 4095 512 4032 4026 1430
0 0 768 170 164 704
256 0 768 301 160 692
512 0 768 463 178 687
768 0 768 672 231 693
1024 0 768 884 296 701
1280 0 768 1097 363 711
1536 0 768 1313 430 726
1792 0 768 1529 498 743
2048 0 768 1746 566 761
2303 0 768 1963 634 782
2559 0 768 2180 702 803
2815 0 768 2398 771 826
3071 0 768 2616 840 851
3327 0 768 2833 909 876
3583 0 768 3051 978 903
3839 0 768 3269 1047 930
4095 0 768 3487 1117 959
0 256 768 230 317 695
256 256 768 345 320 678
512 256 768 490 338 672
768 256 768 679 375 684
1024 256 768 880 425 699
1280 256 768 1087 478 716
1536 256 768 1302 532 735
1792 256 768 1518 589 754
2048 256 768 1736 647 773
2303 256 768 1953 708 794
2559 256 768 2171 769 815
2815 256 768 2390 832 838
3071 256 768 2608 896 862
3327 256 768 2826 960 887
3583 256 768 3045 1026 913
3839 256 768 3263 1091 940
4095 256 768 3481 1158 968
0 512 768 321 504 698
256 512 768 416 511 684
512 512 768 541 525 681
768 512 768 709 549 694
1024 512 768 902 583 711
1280 512 768 1104 621 729
1536 512 768 1310 666 750
1792 512 768 1520 715 772
2048 512 768 1731 766 794
2303 512 768 1946 820 816
2559 512 768 2162 875 838
2815 512 768 2380 931 860
3071 512 768 2598 990 884
3327 512 768 2816 1048 908
3583 512 768 3035 1109 934
3839 512 768 3254 1169 959
4095 512 768 3474 1229 986
0 768 768 457 743 722
256 768 768 527 746 721
512 768 768 628 753 724
768 768 768 776 768 734
1024 768 768 964 787 743
1280 768 768 1160 810 754
1536 768 768 1349 848 777
1792 768 768 1540 893 802
2048 768 768 1733 942 829
2303 768 768 1941 990 853
2559 768 768 2152 1039 876
2815 768 768 2366 1089 899
3071 768 768 2583 1140 922
3327 768 768 2801 1192 945
3583 768 768 3019 1245 970
3839 768 768 3241 1297 992
4095 768 768 3465 1347 1014
0 1024 768 598 985 767
256 1024 768 654 986 771
512 1024 768 735 992 771
768 1024 768 855 1005 768
1024 1024 768 1028 1018 773
1280 1024 768 1215 1034 782
1536 1024 768 1403 1061 805
1792 1024 768 1591 1094 830
2048 1024 768 1781 1132 858
2303 1024 768 1981 1174 884
2559 1024 768 2182 1217 911
2815 1024 768 2385 1265 940
3071 1024 768 2592 1313 967
3327 1024 768 2801 1363 994
3583 1024 768 3015 1413 1019
3839 1024 768 3241 1454 1034
4095 1024 768 3477 1489 1043
0 1280 768 740 1228 819
256 1280 768 785 1228 825
512 1280 768 851 1233 823
768 1280 768 947 1246 811
1024 1280 768 1102 1256 814
1280 1280 768 1276 1267 822
1536 1280 768 1463 1283 843
1792 1280 768 1651 1306 867
2048 1280 768 1839 1333 893
2303 1280 768 2031 1367 920
2559 1280 768 2223 1406 950
2815 1280 768 2415 1450 983
3071 1280 768 2613 1496 1014
3327 1280 768 2814 1543 1044
3583 1280 768 3021 1591 1071
3839 1280 768 3251 1622 1079
4095 1280 768 3496 1644 1073
0 1536 768 885 1472 878
256 1536 768 923 1472 884
512 1536 768 984 1475 890
768 1536 768 1078 1481 892
1024 1536 768 1213 1490 897
1280 1536 768 1363 1502 904
1536 1536 768 1533 1517 921
1792 1536 768 1710 1536 940
2048 1536 768 1892 1558 960
2303 1536 768 2079 1587 983
2559 1536 768 2269 1618 1008
2815 1536 768 2461 1653 1034
3071 1536 768 2657 1692 1062
3327 1536 768 2855 1733 1090
3583 1536 768 3056 1776 1118
3839 1536 768 3281 1806 1123
4095 1536 768 3522 1826 1113
0 1792 768 1030 1716 942
256 1792 768 1062 1716 948
512 1792 768 1118 1717 956
768 1792 768 1208 1720 967
1024 1792 768 1328 1728 974
1280 1792 768 1461 1738 981
1536 1792 768 1618 1752 995
1792 1792 768 1785 1768 1010
2048 1792 768 1958 1787 1027
2303 1792 768 2141 1811 1047
2559 1792 768 2326 1837 1068
2815 1792 768 2516 1866 1091
3071 1792 768 2709 1899 1116
3327 1792 768 2903 1934 1141
3583 1792 768 3100 1972 1169
3839 1792 768 3319 2000 1173
4095 1792 768 3553 2021 1160
0 2048 768 1176 1961 1008
256 2048 768 1203 1960 1014
512 2048 768 1253 1961 1023
768 2048 768 1335 1962 1037
1024 2048 768 1445 1968 1046
1280 2048 768 1567 1976 1055
1536 2048 768 1713 1988 1067
1792 2048 768 1870 2001 1080
2048 2048 768 2035 2017 1094
2303 2048 768 2211 2037 1111
2559 2048 768 2391 2059 1130
2815 2048 768 2576 2084 1151
3071 2048 768 2765 2112 1173
3327 2048 768 2956 2142 1197
3583 2048 768 3150 2175 1223
3839 2048 768 3362 2202 1225
4095 2048 768 3587 2224 1212
0 2303 768 1321 2204 1080
256 2303 768 1346 2204 1085
512 2303 768 1390 2204 1094
768 2303 768 1466 2205 1108
1024 2303 768 1567 2210 1118
1280 2303 768 1681 2217 1128
1536 2303 768 1817 2226 1137
1792 2303 768 1966 2238 1149
2048 2303 768 2122 2252 1162
2303 2303 768 2292 2269 1178
2559 2303 768 2467 2288 1194
2815 2303 768 2646 2310 1213
3071 2303 768 2831 2334 1234
3327 2303 768 3019 2361 1256
3583 2303 768 3209 2390 1280
3839 2303 768 3415 2415 1284
4095 2303 768 3629 2438 1274
0 2559 768 1467 2449 1153
256 2559 768 1489 2449 1158
512 2559 768 1529 2449 1167
768 2559 768 1598 2449 1181
1024 2559 768 1691 2453 1191
1280 2559 768 1797 2459 1200
1536 2559 768 1924 2467 1209
1792 2559 768 2064 2477 1219
2048 2559 768 2213 2489 1231
2303 2559 768 2377 2504 1245
2559 2559 768 2546 2520 1261
2815 2559 768 2721 2539 1278
3071 2559 768 2901 2560 1297
3327 2559 768 3085 2583 1317
3583 2559 768 3272 2609 1339
3839 2559 768 3470 2633 1346
4095 2559 768 3675 2657 1341
0 2815 768 1614 2694 1230
256 2815 768 1633 2693 1234
512 2815 768 1669 2693 1242
768 2815 768 1732 2694 1255
1024 2815 768 1818 2697 1265
1280 2815 768 1916 2702 1274
1536 2815 768 2035 2709 1282
1792 2815 768 2168 2718 1291
2048 2815 768 2309 2728 1302
2303 2815 768 2467 2741 1315
2559 2815 768 2630 2756 1329
2815 2815 768 2799 2772 1345
3071 2815 768 2976 2791 1362
3327 2815 768 3155 2811 1381
3583 2815 768 3339 2833 1402
3839 2815 768 3530 2856 1412
4095 2815 768 3726 2880 1416
0 3071 768 1760 2938 1308
256 3071 768 1777 2938 1312
512 3071 768 1810 2938 1320
768 3071 768 1868 2938 1333
1024 3071 768 1948 2941 1342
1280 3071 768 2038 2945 1350
1536 3071 768 2150 2952 1357
1792 3071 768 2276 2960 1366
2048 3071 768 2411 2969 1375
2303 3071 768 2562 2980 1387
2559 3071 768 2719 2993 1400
2815 3071 768 2883 3008 1415
3071 3071 768 3055 3024 1431
3327 3071 768 3230 3042 1449
3583 3071 768 3411 3062 1468
3839 3071 768 3596 3084 1483
4095 3071 768 3785 3106 1494
0 3327 768 1906 3183 1388
256 3327 768 1921 3183 1392
512 3327 768 1952 3183 1399
768 3327 768 2005 3183 1411
1024 3327 768 2079 3186 1419
1280 3327 768 2162 3189 1426
1536 3327 768 2267 3195 1433
1792 3327 768 2386 3202 1441
2048 3327 768 2514 3210 1450
2303 3327 768 2660 3221 1461
2559 3327 768 2811 3232 1473
2815 3327 768 2970 3245 1487
3071 3327 768 3137 3260 1502
3327 3327 768 3308 3276 1518
3583 3327 768 3485 3294 1536
3839 3327 768 3665 3313 1554
4095 3327 768 3848 3334 1572
0 3583 768 2052 3428 1470
256 3583 768 2066 3428 1474
512 3583 768 2095 3428 1480
768 3583 768 2144 3428 1492
1024 3583 768 2212 3430 1499
1280 3583 768 2290 3434 1505
1536 3583 768 2388 3439 1511
1792 3583 768 2501 3445 1518
2048 3583 768 2623 3453 1527
2303 3583 768 2762 3462 1537
2559 3583 768 2908 3472 1548
2815 3583 768 3062 3484 1561
3071 3583 768 3224 3497 1575
3327 3583 768 3390 3512 1590
3583 3583 768 3563 3528 1607
3839 3583 768 3740 3546 1625
4095 3583 768 3919 3565 1643
0 3839 768 2165 3680 1517
256 3839 768 2178 3680 1519
512 3839 768 2203 3680 1523
768 3839 768 2247 3681 1530
1024 3839 768 2310 3683 1535
1280 3839 768 2384 3687 1539
1536 3839 768 2479 3692 1543
1792 3839 768 2587 3697 1549
2048 3839 768 2705 3704 1554
2303 3839 768 2841 3712 1562
2559 3839 768 2983 3721 1569
2815 3839 768 3134 3732 1578
3071 3839 768 3295 3744 1587
3327 3839 768 3459 3756 1596
3583 3839 768 3631 3771 1604
3839 3839 768 3805 3783 1607
4095 3839 768 3979 3795 1609
0 4095 768 2257 3937 1539
256 4095 768 2267 3937 1540
512 4095 768 2288 3938 1540
768 4095 768 2326 3940 1541
1024 4095 768 2385 3943 1541
1280 4095 768 2456 3946 1542
1536 4095 768 2548 3950 1545
1792 4095 768 2654 3955 1547
2048 4095 768 2769 3961 1549
2303 4095 768 2903 3969 1552
2559 4095 768 3044 3977 1554
2815 4095 768 3195 3986 1557
3071 4095 768 3355 3996 1557
3327 4095 768 3519 4007 1556
3583 4095 768 3692 4019 1549
3839 4095 768 3862 4025 1531
4095 4095 768 4031 4025 1503
0 0 1024 217 197 936
256 0 1024 329 190 927
512 0 1024 479 205 921
768 0 1024 684 254 917
1024 0 1024 893 314 921
1280 0 1024 1105 376 927
1536 0 1024 1319 441 939
1792 0 1024 1535 507 953
2048 0 1024 1750 573 967
2303 0 1024 1966 641 984
2559 0 1024 2183 709 1002
2815 0 1024 2400 777 1021
3071 0 1024 2618 845 1042
3327 0 1024 2835 914 1063
3583 0 1024 3053 982 1085
3839 0 1024 3270 1051 1109
4095 0 1024 3488 1120 1133
0 256 1024 265 337 924
256 256 1024 372 340 902
512 256 1024 510 357 889
768 256 1024 693 393 891
1024 256 1024 891 439 904
1280 256 1024 1096 489 921
1536 256 1024 1309 542 938
1792 256 1024 1524 597 956
2048 256 1024 1740 654 973
2303 256 1024 1957 714 991
2559 256 1024 2174 775 1010
2815 256 1024 2392 837 1030
3071 256 1024 2610 901 1050
3327 256 1024 2828 965 1071
3583 256 1024 3046 1030 1094
3839 256 1024 3264 1095 1117
4095 256 1024 3482 1161 1141
0 512 1024 344 515 921
256 512 1024 439 523 897
512 512 1024 561 537 886
768 512 1024 723 562 894
1024 512 1024 914 594 911
1280 512 1024 1113 630 929
1536 512 1024 1316 675 947
1792 512 1024 1524 723 967
2048 512 1024 1734 773 987
2303 512 1024 1948 826 1007
2559 512 1024 2164 881 1026
2815 512 1024 2382 936 1046
3071 512 1024 2599 994 1067
3327 512 1024 2818 1053 1089
3583 512 1024 3036 1113 1111
3839 512 1024 3255 1173 1133
4095 512 1024 3475 1233 1156
0 768 1024 472 751 931
256 768 1024 543 754 922
512 768 1024 643 761 924
768 768 1024 785 775 944
1024 768 1024 973 792 953
1280 768 1024 1168 814 960
1536 768 1024 1351 856 970
1792 768 1024 1540 901 989
2048 768 1024 1734 949 1012
2303 768 1024 1942 997 1034
2559 768 1024 2153 1045 1055
2815 768 1024 2368 1094 1076
3071 768 1024 2584 1144 1097
3327 768 1024 2802 1196 1118
3583 768 1024 3020 1249 1140
3839 768 1024 3242 1300 1161
4095 768 1024 3466 1350 1180
0 1024 1024 609 991 963
256 1024 1024 665 992 961
512 1024 1024 746 998 963
768 1024 1024 864 1009 972
1024 1024 1024 1036 1022 977
1280 1024 1024 1221 1037 984
1536 1024 1024 1408 1065 995
1792 1024 1024 1599 1097 1011
2048 1024 1024 1794 1132 1032
2303 1024 1024 1987 1176 1058
2559 1024 1024 2184 1222 1084
2815 1024 1024 2384 1270 1111
3071 1024 1024 2591 1318 1136
3327 1024 1024 2801 1368 1160
3583 1024 1024 3014 1417 1183
3839 1024 1024 3242 1457 1197
4095 1024 1024 3478 1492 1204
0 1280 1024 749 1233 1004
256 1280 1024 794 1233 1006
512 1280 1024 860 1237 1006
768 1280 1024 957 1248 1003
1024 1280 1024 1108 1259 1005
1280 1280 1024 1279 1271 1011
1536 1280 1024 1471 1286 1024
1792 1280 1024 1665 1304 1040
2048 1280 1024 1862 1326 1056
2303 1280 1024 2045 1365 1084
2559 1280 1024 2230 1407 1113
2815 1280 1024 2419 1452 1143
3071 1280 1024 2614 1500 1173
3327 1280 1024 2813 1547 1202
3583 1280 1024 3019 1595 1228
3839 1280 1024 3250 1626 1235
4095 1280 1024 3497 1646 1231
0 1536 1024 892 1475 1055
256 1536 1024 930 1475 1059
512 1536 1024 990 1478 1063
768 1536 1024 1085 1484 1068
1024 1536 1024 1212 1496 1066
1280 1536 1024 1356 1509 1065
1536 1536 1024 1534 1522 1076
1792 1536 1024 1719 1538 1088
2048 1536 1024 1909 1556 1102
2303 1536 1024 2101 1582 1120
2559 1536 1024 2295 1611 1139
2815 1536 1024 2493 1642 1160
3071 1536 1024 2680 1684 1195
3327 1536 1024 2866 1730 1232
3583 1536 1024 3057 1778 1267
3839 1536 1024 3280 1809 1275
4095 1536 1024 3523 1828 1265
0 1792 1024 1036 1719 1111
256 1792 1024 1068 1719 1115
512 1792 1024 1123 1720 1122
768 1792 1024 1213 1723 1131
1024 1792 1024 1324 1733 1130
1280 1792 1024 1451 1746 1127
1536 1792 1024 1613 1758 1132
1792 1792 1024 1786 1772 1142
2048 1792 1024 1968 1788 1156
2303 1792 1024 2157 1808 1172
2559 1792 1024 2350 1830 1190
2815 1792 1024 2545 1855 1208
3071 1792 1024 2731 1891 1239
3327 1792 1024 2915 1930 1275
3583 1792 1024 3101 1974 1312
3839 1792 1024 3317 2003 1319
4095 1792 1024 3554 2023 1306
0 2048 1024 1180 1963 1169
256 2048 1024 1208 1963 1174
512 2048 1024 1257 1963 1182
768 2048 1024 1340 1964 1195
1024 2048 1024 1443 1972 1196
1280 2048 1024 1558 1983 1195
1536 2048 1024 1701 1995 1191
1792 2048 1024 1862 2009 1200
2048 2048 1024 2034 2022 1217
2303 2048 1024 2214 2040 1236
2559 2048 1024 2397 2060 1256
2815 2048 1024 2584 2084 1277
3071 2048 1024 2774 2111 1300
3327 2048 1024 2964 2141 1325
3583 2048 1024 3149 2178 1361
3839 2048 1024 3360 2205 1367
4095 2048 1024 3588 2225 1352
0 2303 1024 1325 2206 1233
256 2303 1024 1350 2206 1238
512 2303 1024 1395 2206 1246
768 2303 1024 1470 2207 1259
1024 2303 1024 1569 2212 1266
1280 2303 1024 1679 2220 1270
1536 2303 1024 1812 2231 1271
1792 2303 1024 1961 2243 1280
2048 2303 1024 2121 2255 1294
2303 2303 1024 2293 2272 1310
2559 2303 1024 2468 2290 1328
2815 2303 1024 2649 2311 1347
3071 2303 1024 2834 2336 1367
3327 2303 1024 3020 2362 1390
3583 2303 1024 3207 2393 1417
3839 2303 1024 3413 2418 1420
4095 2303 1024 3630 2440 1407
0 2559 1024 1471 2450 1299
256 2559 1024 1492 2450 1304
512 2559 1024 1533 2450 1312
768 2559 1024 1602 2450 1326
1024 2559 1024 1696 2454 1336
1280 2559 1024 1800 2460 1344
1536 2559 1024 1924 2469 1348
1792 2559 1024 2064 2480 1357
2048 2559 1024 2213 2491 1369
2303 2559 1024 2377 2506 1384
2559 2559 1024 2545 2522 1399
2815 2559 1024 2719 2541 1416
3071 2559 1024 2899 2563 1435
3327 2559 1024 3082 2586 1454
3583 2559 1024 3269 2612 1475
3839 2559 1024 3468 2636 1478
4095 2559 1024 3676 2658 1467
0 2815 1024 1616 2695 1368
256 2815 1024 1636 2695 1372
512 2815 1024 1673 2694 1380
768 2815 1024 1736 2694 1394
1024 2815 1024 1824 2697 1406
1280 2815 1024 1922 2701 1416
1536 2815 1024 2040 2709 1422
1792 2815 1024 2171 2718 1431
2048 2815 1024 2312 2729 1441
2303 2815 1024 2469 2742 1454
2559 2815 1024 2630 2757 1468
2815 2815 1024 2799 2773 1483
3071 2815 1024 2974 2792 1500
3327 2815 1024 3152 2813 1518
3583 2815 1024 3335 2836 1538
3839 2815 1024 3527 2859 1542
4095 2815 1024 3726 2881 1534
0 3071 1024 1762 2939 1440
256 3071 1024 1780 2939 1444
512 3071 1024 1814 2939 1452
768 3071 1024 1872 2939 1465
1024 3071 1024 1955 2941 1477
1280 3071 1024 2047 2944 1488
1536 3071 1024 2158 2951 1495
1792 3071 1024 2283 2959 1504
2048 3071 1024 2416 2968 1513
2303 3071 1024 2566 2980 1525
2559 3071 1024 2721 2993 1538
2815 3071 1024 2884 3008 1552
3071 3071 1024 3055 3025 1568
3327 3071 1024 3228 3044 1584
3583 3071 1024 3407 3064 1603
3839 3071 1024 3593 3086 1611
4095 3071 1024 3784 3108 1612
0 3327 1024 1908 3184 1513
256 3327 1024 1924 3184 1517
512 3327 1024 1956 3184 1524
768 3327 1024 2009 3183 1537
1024 3327 1024 2086 3185 1549
1280 3327 1024 2173 3188 1560
1536 3327 1024 2278 3193 1568
1792 3327 1024 2396 3201 1577
2048 3327 1024 2522 3209 1586
2303 3327 1024 2666 3219 1596
2559 3327 1024 2815 3231 1608
2815 3327 1024 2973 3244 1621
3071 3327 1024 3138 3260 1635
3327 3327 1024 3307 3276 1651
3583 3327 1024 3483 3295 1668
3839 3327 1024 3663 3315 1681
4095 3327 1024 3845 3336 1692
0 3583 1024 2055 3429 1589
256 3583 1024 2069 3428 1593
512 3583 1024 2098 3428 1600
768 3583 1024 2148 3428 1612
1024 3583 1024 2220 3429 1623
1280 3583 1024 2301 3432 1634
1536 3583 1024 2401 3437 1643
1792 3583 1024 2512 3443 1651
2048 3583 1024 2633 3451 1659
2303 3583 1024 2770 3460 1669
2559 3583 1024 2914 3471 1680
2815 3583 1024 3066 3483 1692
3071 3583 1024 3227 3497 1705
3327 3583 1024 3392 3511 1720
3583 3583 1024 3563 3528 1736
3839 3583 1024 3738 3547 1751
4095 3583 1024 3917 3566 1767
0 3839 1024 2167 3681 1631
256 3839 1024 2180 3681 1633
512 3839 1024 2206 3681 1638
768 3839 1024 2250 3681 1645
1024 3839 1024 2315 3683 1653
1280 3839 1024 2392 3686 1660
1536 3839 1024 2487 3690 1666
1792 3839 1024 2595 3696 1672
2048 3839 1024 2712 3703 1677
2303 3839 1024 2847 3711 1684
2559 3839 1024 2988 3721 1692
2815 3839 1024 3138 3731 1700
3071 3839 1024 3297 3743 1708
3327 3839 1024 3461 3756 1716
3583 3839 1024 3632 3771 1724
3839 3839 1024 3804 3784 1727
4095 3839 1024 3977 3795 1728
0 4095 1024 2258 3938 1650
256 4095 1024 2269 3938 1650
512 4095 1024 2290 3939 1651
768 4095 1024 2327 3941 1651
1024 4095 1024 2386 3943 1652
1280 4095 1024 2457 3947 1653
1536 4095 1024 2549 3951 1655
1792 4095 1024 2655 3956 1657
2048 4095 1024 2770 3962 1659
2303 4095 1024 2904 3969 1662
2559 4095 1024 3045 3977 1664
2815 4095 1024 3195 3986 1666
3071 4095 1024 3355 3997 1667
3327 4095 1024 3520 4008 1665
3583 4095 1024 3693 4020 1659
3839 4095 1024 3863 4025 1640
4095 4095 1024 4031 4025 1613
0 0 1280 261 223 1166
256 0 1280 358 219 1162
512 0 1280 497 234 1154
768 0 1280 698 279 1143
1024 0 1280 905 333 1143
1280 0 1280 1114 391 1147
1536 0 1280 1327 454 1156
1792 0 1280 1541 518 1167
2048 0 1280 1756 583 1179
2303 0 1280 1971 649 1193
2559 0 1280 2187 716 1208
2815 0 1280 2403 783 1224
3071 0 1280 2620 851 1241
3327 0 1280 2837 919 1259
3583 0 1280 3055 988 1279
3839 0 1280 3272 1056 1299
4095 0 1280 3489 1125 1319
0 256 1280 300 355 1155
256 256 1280 401 360 1130
512 256 1280 533 378 1111
768 256 1280 711 413 1101
1024 256 1280 906 456 1112
1280 256 1280 1107 502 1129
1536 256 1280 1318 553 1146
1792 256 1280 1531 607 1163
2048 256 1280 1746 663 1179
2303 256 1280 1961 722 1195
2559 256 1280 2178 782 1212
2815 256 1280 2395 843 1229
3071 256 1280 2613 906 1247
3327 256 1280 2830 970 1266
3583 256 1280 3048 1035 1285
3839 256 1280 3266 1100 1305
4095 256 1280 3484 1165 1326
0 512 1280 371 528 1147
256 512 1280 465 536 1117
512 512 1280 584 551 1098
768 512 1280 741 576 1098
1024 512 1280 928 607 1114
1280 512 1280 1123 641 1134
1536 512 1280 1324 685 1149
1792 512 1280 1530 732 1166
2048 512 1280 1739 781 1185
2303 512 1280 1953 833 1203
2559 512 1280 2168 887 1222
2815 512 1280 2385 942 1241
3071 512 1280 2602 999 1259
3327 512 1280 2820 1058 1278
3583 512 1280 3038 1117 1298
3839 512 1280 3257 1177 1318
4095 512 1280 3477 1236 1338
0 768 1280 490 760 1146
256 768 1280 561 764 1130
512 768 1280 660 771 1130
768 768 1280 799 784 1152
1024 768 1280 982 800 1165
1280 768 1280 1173 823 1173
1536 768 1280 1352 867 1170
1792 768 1280 1542 912 1180
2048 768 1280 1738 957 1199
2303 768 1280 1945 1004 1220
2559 768 1280 2156 1051 1241
2815 768 1280 2370 1099 1261
3071 768 1280 2587 1149 1281
3327 768 1280 2804 1200 1301
3583 768 1280 3022 1253 1321
3839 768 1280 3243 1304 1340
4095 768 1280 3467 1353 1358
0 1024 1280 622 998 1167
256 1024 1280 679 1000 1160
512 1024 1280 761 1004 1162
768 1024 1280 880 1014 1178
1024 1024 1280 1047 1027 1190
1280 1024 1280 1226 1043 1197
1536 1024 1280 1412 1072 1196
1792 1024 1280 1607 1102 1203
2048 1024 1280 1807 1134 1216
2303 1024 1280 1994 1180 1241
2559 1024 1280 2186 1227 1266
2815 1024 1280 2385 1276 1290
3071 1024 1280 2592 1324 1313
3327 1024 1280 2802 1372 1335
3583 1024 1280 3015 1422 1357
3839 1024 1280 3243 1461 1370
4095 1024 1280 3479 1495 1379
0 1280 1280 759 1238 1197
256 1280 1280 804 1238 1196
512 1280 1280 872 1242 1197
768 1280 1280 974 1251 1203
1024 1280 1280 1119 1262 1211
1280 1280 1280 1283 1275 1218
1536 1280 1280 1478 1288 1223
1792 1280 1280 1679 1304 1229
2048 1280 1280 1885 1321 1235
2303 1280 1280 2058 1365 1260
2559 1280 1280 2236 1410 1286
2815 1280 1280 2424 1456 1312
3071 1280 1280 2618 1503 1340
3327 1280 1280 2815 1551 1368
3583 1280 1280 3020 1599 1394
3839 1280 1280 3251 1630 1403
4095 1280 1280 3499 1649 1401
0 1536 1280 901 1480 1240
256 1536 1280 938 1480 1242
512 1536 1280 999 1482 1245
768 1536 1280 1095 1487 1251
1024 1536 1280 1213 1501 1246
1280 1536 1280 1350 1516 1241
1536 1536 1280 1536 1527 1246
1792 1536 1280 1729 1540 1251
2048 1536 1280 1928 1554 1258
2303 1536 1280 2123 1578 1270
2559 1536 1280 2322 1603 1284
2815 1536 1280 2526 1630 1298
3071 1536 1280 2704 1676 1339
3327 1536 1280 2878 1728 1385
3583 1536 1280 3060 1781 1426
3839 1536 1280 3280 1813 1438
4095 1536 1280 3524 1831 1431
0 1792 1280 1043 1722 1289
256 1792 1280 1075 1722 1292
512 1792 1280 1130 1723 1297
768 1792 1280 1218 1726 1304
1024 1792 1280 1322 1739 1296
1280 1792 1280 1441 1754 1285
1536 1792 1280 1607 1766 1282
1792 1792 1280 1788 1777 1287
2048 1792 1280 1979 1790 1297
2303 1792 1280 2176 1806 1309
2559 1792 1280 2376 1823 1322
2815 1792 1280 2578 1844 1335
3071 1792 1280 2758 1881 1373
3327 1792 1280 2932 1925 1417
3583 1792 1280 3105 1976 1464
3839 1792 1280 3317 2007 1477
4095 1792 1280 3555 2025 1466
0 2048 1280 1186 1965 1341
256 2048 1280 1213 1965 1345
512 2048 1280 1263 1966 1351
768 2048 1280 1344 1967 1361
1024 2048 1280 1440 1977 1355
1280 2048 1280 1548 1990 1344
1536 2048 1280 1689 2004 1327
1792 2048 1280 1854 2017 1331
2048 2048 1280 2034 2027 1348
2303 2048 1280 2220 2043 1368
2559 2048 1280 2408 2061 1387
2815 2048 1280 2598 2082 1408
3071 2048 1280 2791 2107 1429
3327 2048 1280 2980 2137 1457
3583 2048 1280 3153 2179 1507
3839 2048 1280 3359 2208 1519
4095 2048 1280 3589 2227 1506
0 2303 1280 1330 2208 1399
256 2303 1280 1354 2208 1402
512 2303 1280 1399 2208 1409
768 2303 1280 1474 2209 1420
1024 2303 1280 1569 2216 1422
1280 2303 1280 1674 2225 1421
1536 2303 1280 1802 2238 1410
1792 2303 1280 1952 2250 1414
2048 2303 1280 2118 2261 1428
2303 2303 1280 2294 2276 1445
2559 2303 1280 2472 2293 1461
2815 2303 1280 2656 2312 1479
3071 2303 1280 2843 2335 1499
3327 2303 1280 3029 2361 1522
3583 2303 1280 3209 2395 1560
3839 2303 1280 3412 2421 1567
4095 2303 1280 3631 2441 1554
0 2559 1280 1475 2452 1458
256 2559 1280 1496 2452 1462
512 2559 1280 1537 2452 1469
768 2559 1280 1606 2452 1480
1024 2559 1280 1698 2456 1489
1280 2559 1280 1801 2462 1495
1536 2559 1280 1919 2474 1491
1792 2559 1280 2057 2485 1495
2048 2559 1280 2209 2496 1506
2303 2559 1280 2375 2510 1520
2559 2559 1280 2545 2526 1535
2815 2559 1280 2721 2543 1551
3071 2559 1280 2903 2564 1569
3327 2559 1280 3086 2587 1588
3583 2559 1280 3268 2614 1616
3839 2559 1280 3467 2638 1619
4095 2559 1280 3677 2660 1607
0 2815 1280 1620 2696 1520
256 2815 1280 1639 2696 1524
512 2815 1280 1676 2696 1531
768 2815 1280 1739 2696 1543
1024 2815 1280 1828 2698 1555
1280 2815 1280 1927 2703 1565
1536 2815 1280 2040 2711 1568
1792 2815 1280 2170 2721 1573
2048 2815 1280 2309 2732 1580
2303 2815 1280 2467 2745 1593
2559 2815 1280 2629 2759 1607
2815 2815 1280 2798 2776 1623
3071 2815 1280 2973 2795 1640
3327 2815 1280 3151 2815 1658
3583 2815 1280 3333 2839 1678
3839 2815 1280 3526 2861 1679
4095 2815 1280 3728 2882 1666
0 3071 1280 1766 2941 1585
256 3071 1280 1783 2940 1589
512 3071 1280 1817 2940 1596
768 3071 1280 1875 2940 1608
1024 3071 1280 1959 2942 1621
1280 3071 1280 2053 2945 1634
1536 3071 1280 2163 2952 1641
1792 3071 1280 2285 2960 1647
2048 3071 1280 2417 2970 1654
2303 3071 1280 2566 2982 1666
2559 3071 1280 2722 2995 1679
2815 3071 1280 2884 3010 1693
3071 3071 1280 3054 3027 1708
3327 3071 1280 3227 3046 1725
3583 3071 1280 3405 3067 1743
3839 3071 1280 3592 3088 1747
4095 3071 1280 3784 3109 1741
0 3327 1280 1911 3185 1652
256 3327 1280 1927 3185 1656
512 3327 1280 1958 3185 1662
768 3327 1280 2012 3184 1674
1024 3327 1280 2091 3185 1689
1280 3327 1280 2181 3187 1703
1536 3327 1280 2286 3193 1713
1792 3327 1280 2402 3200 1721
2048 3327 1280 2527 3209 1727
2303 3327 1280 2669 3220 1738
2559 3327 1280 2818 3232 1749
2815 3327 1280 2974 3245 1762
3071 3327 1280 3139 3261 1776
3327 3327 1280 3307 3277 1792
3583 3327 1280 3481 3296 1808
3839 3327 1280 3660 3317 1817
4095 3327 1280 3844 3338 1820
0 3583 1280 2057 3430 1722
256 3583 1280 2072 3429 1725
512 3583 1280 2101 3429 1732
768 3583 1280 2150 3429 1743
1024 3583 1280 2225 3429 1758
1280 3583 1280 2310 3431 1773
1536 3583 1280 2411 3435 1784
1792 3583 1280 2522 3442 1792
2048 3583 1280 2640 3450 1799
2303 3583 1280 2776 3459 1809
2559 3583 1280 2919 3470 1820
2815 3583 1280 3070 3482 1831
3071 3583 1280 3229 3497 1844
3327 3583 1280 3392 3512 1858
3583 3583 1280 3562 3529 1874
3839 3583 1280 3737 3548 1888
4095 3583 1280 3914 3568 1901
0 3839 1280 2170 3682 1760
256 3839 1280 2182 3682 1762
512 3839 1280 2208 3682 1766
768 3839 1280 2252 3682 1773
1024 3839 1280 2320 3684 1783
1280 3839 1280 2398 3686 1793
1536 3839 1280 2494 3690 1801
1792 3839 1280 2602 3695 1807
2048 3839 1280 2717 3702 1812
2303 3839 1280 2851 3711 1819
2559 3839 1280 2992 3720 1826
2815 3839 1280 3141 3731 1834
3071 3839 1280 3299 3744 1842
3327 3839 1280 3462 3757 1850
3583 3839 1280 3632 3772 1857
3839 3839 1280 3803 3785 1860
4095 3839 1280 3976 3796 1860
0 4095 1280 2260 3939 1777
256 4095 1280 2270 3939 1777
512 4095 1280 2291 3940 1777
768 4095 1280 2328 3942 1777
1024 4095 1280 2388 3944 1778
1280 4095 1280 2458 3947 1780
1536 4095 1280 2550 3952 1781
1792 4095 1280 2656 3957 1783
2048 4095 1280 2771 3963 1785
2303 4095 1280 2905 3970 1788
2559 4095 1280 3046 3978 1790
2815 4095 1280 3196 3987 1791
3071 4095 1280 3356 3998 1792
3327 4095 1280 3521 4009 1791
3583 4095 1280 3694 4021 1784
3839 4095 1280 3863 4026 1766
4095 4095 1280 4031 4025 1739
0 0 1536 310 253 1396
256 0 1536 394 253 1390
512 0 1536 522 269 1383
768 0 1536 716 307 1373
1024 0 1536 919 357 1370
1280 0 1536 1126 410 1371
1536 0 1536 1337 470 1377
1792 0 1536 1550 532 1385
2048 0 1536 1763 595 1395
2303 0 1536 1977 660 1407
2559 0 1536 2192 725 1420
2815 0 1536 2408 792 1434
3071 0 1536 2624 859 1450
3327 0 1536 2841 926 1466
3583 0 1536 3058 994 1483
3839 0 1536 3275 1062 1501
4095 0 1536 3492 1130 1519
0 256 1536 339 377 1387
256 256 1536 433 384 1362
512 256 1536 559 402 1340
768 256 1536 734 435 1320
1024 256 1536 925 475 1329
1280 256 1536 1122 518 1344
1536 256 1536 1330 567 1360
1792 256 1536 1541 619 1375
2048 256 1536 1754 673 1390
2303 256 1536 1968 731 1405
2559 256 1536 2184 791 1421
2815 256 1536 2400 852 1436
3071 256 1536 2617 914 1453
3327 256 1536 2834 977 1470
3583 256 1536 3051 1041 1487
3839 256 1536 3269 1106 1506
4095 256 1536 3486 1171 1524
0 512 1536 402 543 1379
256 512 1536 493 552 1347
512 512 1536 610 568 1320
768 512 1536 768 594 1299
1024 512 1536 948 623 1317
1280 512 1536 1137 655 1341
1536 512 1536 1335 698 1354
1792 512 1536 1539 744 1370
2048 512 1536 1747 791 1389
2303 512 1536 1960 842 1407
2559 512 1536 2174 895 1425
2815 512 1536 2390 950 1443
3071 512 1536 2606 1007 1461
3327 512 1536 2823 1064 1479
3583 512 1536 3041 1123 1497
3839 512 1536 3260 1183 1515
4095 512 1536 3479 1242 1534
0 768 1536 512 771 1372
256 768 1536 583 775 1353
512 768 1536 683 783 1336
768 768 1536 826 799 1324
1024 768 1536 998 815 1349
1280 768 1536 1178 838 1374
1536 768 1536 1358 881 1365
1792 768 1536 1548 924 1373
2048 768 1536 1745 967 1392
2303 768 1536 1952 1012 1413
2559 768 1536 2162 1059 1435
2815 768 1536 2375 1106 1455
3071 768 1536 2591 1156 1475
3327 768 1536 2807 1206 1495
3583 768 1536 3025 1259 1514
3839 768 1536 3246 1309 1532
4095 768 1536 3470 1358 1550
0 1024 1536 640 1007 1383
256 1024 1536 696 1009 1372
512 1024 1536 781 1014 1362
768 1024 1536 907 1024 1356
1024 1024 1536 1063 1037 1382
1280 1024 1536 1231 1053 1408
1536 1024 1536 1418 1081 1404
1792 1024 1536 1612 1111 1409
2048 1024 1536 1812 1141 1421
2303 1024 1536 1997 1189 1438
2559 1024 1536 2188 1236 1457
2815 1024 1536 2388 1283 1479
3071 1024 1536 2595 1331 1501
3327 1024 1536 2804 1379 1522
3583 1024 1536 3018 1427 1542
3839 1024 1536 3245 1466 1557
4095 1024 1536 3482 1499 1568
0 1280 1536 773 1245 1402
256 1280 1536 818 1246 1397
512 1280 1536 889 1249 1394
768 1280 1536 1000 1256 1391
1024 1280 1536 1136 1267 1415
1280 1280 1536 1290 1280 1440
1536 1280 1536 1484 1293 1444
1792 1280 1536 1684 1309 1448
2048 1280 1536 1889 1326 1454
2303 1280 1536 2057 1373 1465
2559 1280 1536 2234 1419 1480
2815 1280 1536 2424 1464 1501
3071 1280 1536 2619 1510 1525
3327 1280 1536 2816 1558 1550
3583 1280 1536 3021 1605 1574
3839 1280 1536 3252 1635 1585
4095 1280 1536 3500 1653 1588
0 1536 1536 912 1486 1437
256 1536 1536 949 1486 1436
512 1536 1536 1012 1488 1436
768 1536 1536 1111 1492 1437
1024 1536 1536 1226 1506 1447
1280 1536 1536 1357 1520 1459
1536 1536 1536 1541 1531 1463
1792 1536 1536 1734 1544 1467
2048 1536 1536 1932 1558 1472
2303 1536 1536 2126 1583 1480
2559 1536 1536 2324 1609 1489
2815 1536 1536 2528 1635 1501
3071 1536 1536 2703 1683 1534
3327 1536 1536 2875 1735 1572
3583 1536 1536 3060 1787 1604
3839 1536 1536 3281 1817 1616
4095 1536 1536 3526 1834 1614
0 1792 1536 1053 1727 1479
256 1792 1536 1084 1727 1480
512 1792 1536 1140 1728 1482
768 1792 1536 1230 1731 1486
1024 1792 1536 1331 1744 1489
1280 1792 1536 1447 1758 1491
1536 1792 1536 1611 1770 1489
1792 1792 1536 1792 1781 1492
2048 1792 1536 1983 1793 1498
2303 1792 1536 2182 1809 1506
2559 1792 1536 2384 1825 1514
2815 1792 1536 2590 1844 1523
3071 1792 1536 2770 1882 1552
3327 1792 1536 2941 1927 1589
3583 1792 1536 3107 1980 1637
3839 1792 1536 3318 2011 1652
4095 1792 1536 3557 2028 1645
0 2048 1536 1195 1969 1526
256 2048 1536 1222 1969 1528
512 2048 1536 1271 1970 1532
768 2048 1536 1352 1971 1539
1024 2048 1536 1446 1981 1537
1280 2048 1536 1552 1994 1532
1536 2048 1536 1690 2009 1520
1792 2048 1536 1855 2021 1521
2048 2048 1536 2038 2031 1529
2303 2048 1536 2230 2045 1539
2559 2048 1536 2425 2060 1549
2815 2048 1536 2625 2077 1560
3071 2048 1536 2823 2098 1576
3327 2048 1536 3012 2127 1603
3583 2048 1536 3161 2180 1670
3839 2048 1536 3359 2212 1690
4095 2048 1536 3591 2230 1680
0 2303 1536 1337 2211 1578
256 2303 1536 1361 2211 1581
512 2303 1536 1406 2212 1586
768 2303 1536 1480 2212 1594
1024 2303 1536 1574 2219 1597
1280 2303 1536 1675 2230 1594
1536 2303 1536 1787 2248 1570
1792 2303 1536 1936 2260 1565
2048 2303 1536 2109 2270 1572
2303 2303 1536 2294 2282 1580
2559 2303 1536 2482 2296 1590
2815 2303 1536 2676 2311 1600
3071 2303 1536 2873 2329 1612
3327 2303 1536 3062 2353 1637
3583 2303 1536 3219 2395 1709
3839 2303 1536 3413 2424 1732
4095 2303 1536 3633 2444 1723
0 2559 1536 1481 2455 1633
256 2559 1536 1502 2455 1636
512 2559 1536 1543 2455 1642
768 2559 1536 1611 2455 1651
1024 2559 1536 1702 2459 1658
1280 2559 1536 1800 2467 1658
1536 2559 1536 1899 2485 1633
1792 2559 1536 2033 2498 1624
2048 2559 1536 2190 2508 1625
2303 2559 1536 2367 2519 1635
2559 2559 1536 2547 2532 1646
2815 2559 1536 2733 2546 1658
3071 2559 1536 2925 2562 1670
3327 2559 1536 3112 2582 1693
3583 2559 1536 3279 2615 1753
3839 2559 1536 3470 2640 1775
4095 2559 1536 3679 2662 1770
0 2815 1536 1625 2699 1690
256 2815 1536 1645 2698 1693
512 2815 1536 1681 2698 1699
768 2815 1536 1744 2698 1709
1024 2815 1536 1831 2701 1719
1280 2815 1536 1927 2706 1726
1536 2815 1536 2031 2718 1717
1792 2815 1536 2153 2731 1707
2048 2815 1536 2287 2744 1696
2303 2815 1536 2453 2755 1710
2559 2815 1536 2623 2767 1726
2815 2815 1536 2799 2781 1742
3071 2815 1536 2979 2798 1760
3327 2815 1536 3160 2816 1779
3583 2815 1536 3342 2840 1806
3839 2815 1536 3532 2862 1819
4095 2815 1536 3729 2885 1822
0 3071 1536 1770 2943 1751
256 3071 1536 1788 2942 1754
512 3071 1536 1821 2942 1760
768 3071 1536 1879 2942 1770
1024 3071 1536 1962 2944 1782
1280 3071 1536 2055 2947 1791
1536 3071 1536 2159 2956 1792
1792 3071 1536 2276 2967 1787
2048 3071 1536 2400 2979 1779
2303 3071 1536 2555 2990 1792
2559 3071 1536 2715 3001 1807
2815 3071 1536 2882 3015 1823
3071 3071 1536 3054 3031 1840
3327 3071 1536 3229 3048 1857
3583 3071 1536 3409 3069 1876
3839 3071 1536 3595 3090 1884
4095 3071 1536 3786 3112 1886
0 3327 1536 1916 3187 1812
256 3327 1536 1931 3187 1816
512 3327 1536 1962 3186 1822
768 3327 1536 2016 3186 1832
1024 3327 1536 2094 3187 1845
1280 3327 1536 2183 3190 1857
1536 3327 1536 2286 3195 1864
1792 3327 1536 2399 3204 1865
2048 3327 1536 2518 3215 1863
2303 3327 1536 2663 3225 1875
2559 3327 1536 2813 3236 1887
2815 3327 1536 2971 3249 1901
3071 3327 1536 3137 3264 1916
3327 3327 1536 3306 3281 1932
3583 3327 1536 3480 3299 1949
3839 3327 1536 3661 3319 1956
4095 3327 1536 3845 3340 1958
0 3583 1536 2061 3431 1877
256 3583 1536 2076 3431 1880
512 3583 1536 2104 3431 1886
768 3583 1536 2154 3430 1896
1024 3583 1536 2228 3431 1909
1280 3583 1536 2312 3433 1923
1536 3583 1536 2413 3437 1933
1792 3583 1536 2522 3444 1938
2048 3583 1536 2637 3453 1941
2303 3583 1536 2774 3462 1951
2559 3583 1536 2917 3473 1962
2815 3583 1536 3069 3485 1974
3071 3583 1536 3228 3499 1988
3327 3583 1536 3392 3514 2002
3583 3583 1536 3561 3532 2018
3839 3583 1536 3736 3550 2032
4095 3583 1536 3913 3570 2044
0 3839 1536 2173 3683 1912
256 3839 1536 2186 3683 1914
512 3839 1536 2211 3683 1918
768 3839 1536 2254 3684 1924
1024 3839 1536 2322 3685 1933
1280 3839 1536 2400 3687 1942
1536 3839 1536 2497 3691 1950
1792 3839 1536 2604 3697 1955
2048 3839 1536 2718 3704 1959
2303 3839 1536 2852 3713 1966
2559 3839 1536 2992 3722 1973
2815 3839 1536 3141 3733 1981
3071 3839 1536 3300 3745 1989
3327 3839 1536 3462 3759 1998
3583 3839 1536 3632 3774 2005
3839 3839 1536 3803 3787 2008
4095 3839 1536 3976 3800 2008
0 4095 1536 2262 3940 1928
256 4095 1536 2273 3940 1928
512 4095 1536 2294 3941 1929
768 4095 1536 2330 3943 1929
1024 4095 1536 2390 3946 1930
1280 4095 1536 2461 3949 1931
1536 4095 1536 2552 3953 1933
1792 4095 1536 2658 3958 1934
2048 4095 1536 2773 3964 1937
2303 4095 1536 2907 3972 1939
2559 4095 1536 3048 3980 1941
2815 4095 1536 3198 3989 1943
3071 4095 1536 3358 3999 1944
3327 4095 1536 3522 4010 1943
3583 4095 1536 3695 4022 1937
3839 4095 1536 3866 4028 1918
4095 4095 1536 4036 4030 1891
0 0 1792 360 289 1626
256 0 1792 432 290 1621
512 0 1792 550 304 1614
768 0 1792 736 337 1604
1024 0 1792 936 382 1599
1280 0 1792 1140 432 1597
1536 0 1792 1349 489 1600
1792 0 1792 1560 548 1606
2048 0 1792 1772 609 1614
2303 0 1792 1985 672 1624
2559 0 1792 2199 737 1635
2815 0 1792 2414 802 1648
3071 0 1792 2630 868 1661
3327 0 1792 2846 935 1675
3583 0 1792 3062 1002 1691
3839 0 1792 3278 1070 1707
4095 0 1792 3495 1137 1724
0 256 1792 381 403 1619
256 256 1792 467 410 1596
512 256 1792 587 427 1571
768 256 1792 759 459 1545
1024 256 1792 946 496 1550
1280 256 1792 1140 536 1563
1536 256 1792 1345 583 1577
1792 256 1792 1553 633 1591
2048 256 1792 1764 686 1604
2303 256 1792 1977 743 1618
2559 256 1792 2191 801 1632
2815 256 1792 2407 861 1647
3071 256 1792 2623 923 1662
3327 256 1792 2839 985 1677
3583 256 1792 3056 1049 1694
3839 256 1792 3273 1113 1710
4095 256 1792 3490 1178 1727
0 512 1792 435 561 1610
256 512 1792 522 570 1580
512 512 1792 638 586 1548
768 512 1792 796 613 1513
1024 512 1792 971 641 1526
1280 512 1792 1154 672 1549
1536 512 1792 1350 713 1561
1792 512 1792 1552 757 1578
2048 512 1792 1758 803 1596
2303 512 1792 1969 853 1613
2559 512 1792 2182 905 1631
2815 512 1792 2396 959 1648
3071 512 1792 2612 1015 1665
3327 512 1792 2828 1072 1682
3583 512 1792 3045 1131 1700
3839 512 1792 3264 1189 1717
4095 512 1792 3483 1248 1734
0 768 1792 538 783 1601
256 768 1792 608 788 1580
512 768 1792 707 797 1554
768 768 1792 853 814 1520
1024 768 1792 1018 833 1539
1280 768 1792 1189 856 1562
1536 768 1792 1369 896 1558
1792 768 1792 1559 937 1568
2048 768 1792 1755 979 1588
2303 768 1792 1961 1023 1610
2559 768 1792 2170 1068 1632
2815 768 1792 2382 1115 1653
3071 768 1792 2597 1163 1673
3327 768 1792 2813 1213 1692
3583 768 1792 3029 1265 1711
3839 768 1792 3250 1316 1729
4095 768 1792 3473 1364 1747
0 1024 1792 660 1017 1605
256 1024 1792 716 1019 1591
512 1024 1792 802 1024 1573
768 1024 1792 933 1035 1549
1024 1024 1792 1082 1049 1573
1280 1024 1792 1243 1067 1602
1536 1024 1792 1427 1092 1607
1792 1024 1792 1619 1122 1614
2048 1024 1792 1815 1154 1622
2303 1024 1792 2000 1200 1634
2559 1024 1792 2192 1247 1650
2815 1024 1792 2392 1292 1671
3071 1024 1792 2599 1339 1691
3327 1024 1792 2809 1386 1712
3583 1024 1792 3022 1434 1733
3839 1024 1792 3248 1473 1749
4095 1024 1792 3485 1505 1762
0 1280 1792 788 1253 1615
256 1280 1792 833 1254 1607
512 1280 1792 907 1257 1598
768 1280 1792 1022 1263 1585
1024 1280 1792 1156 1275 1611
1280 1280 1792 1304 1287 1643
1536 1280 1792 1493 1299 1661
1792 1280 1792 1687 1317 1667
2048 1280 1792 1884 1339 1663
2303 1280 1792 2055 1385 1665
2559 1280 1792 2234 1430 1674
2815 1280 1792 2425 1473 1691
3071 1280 1792 2621 1519 1713
3327 1280 1792 2819 1565 1736
3583 1280 1792 3024 1612 1758
3839 1280 1792 3255 1641 1772
4095 1280 1792 3503 1659 1780
0 1536 1792 925 1493 1641
256 1536 1792 962 1493 1638
512 1536 1792 1026 1495 1633
768 1536 1792 1128 1499 1628
1024 1536 1792 1244 1511 1643
1280 1536 1792 1374 1524 1663
1536 1536 1792 1551 1535 1678
1792 1536 1792 1739 1549 1686
2048 1536 1792 1935 1564 1688
2303 1536 1792 2128 1589 1692
2559 1536 1792 2325 1616 1699
2815 1536 1792 2525 1644 1709
3071 1536 1792 2700 1692 1733
3327 1536 1792 2873 1744 1761
3583 1536 1792 3061 1794 1787
3839 1536 1792 3283 1823 1800
4095 1536 1792 3529 1839 1804
0 1792 1792 1064 1733 1676
256 1792 1792 1095 1733 1675
512 1792 1792 1151 1734 1674
768 1792 1792 1243 1737 1674
1024 1792 1792 1346 1748 1682
1280 1792 1792 1463 1761 1692
1536 1792 1792 1620 1773 1700
1792 1792 1792 1797 1786 1706
2048 1792 1792 1988 1797 1710
2303 1792 1792 2187 1812 1716
2559 1792 1792 2389 1829 1722
2815 1792 1792 2592 1849 1728
3071 1792 1792 2770 1888 1749
3327 1792 1792 2941 1934 1777
3583 1792 1792 3108 1986 1817
3839 1792 1792 3319 2016 1833
4095 1792 1792 3559 2032 1832
0 2048 1792 1204 1974 1716
256 2048 1792 1231 1974 1717
512 2048 1792 1280 1975 1719
768 2048 1792 1362 1976 1722
1024 2048 1792 1459 1985 1724
1280 2048 1792 1565 1997 1725
1536 2048 1792 1697 2013 1725
1792 2048 1792 1860 2025 1727
2048 2048 1792 2043 2035 1731
2303 2048 1792 2237 2048 1736
2559 2048 1792 2435 2062 1742
2815 2048 1792 2637 2077 1749
3071 2048 1792 2833 2099 1763
3327 2048 1792 3018 2130 1788
3583 2048 1792 3163 2185 1848
3839 2048 1792 3360 2217 1868
4095 2048 1792 3593 2234 1863
0 2303 1792 1346 2216 1764
256 2303 1792 1370 2216 1766
512 2303 1792 1414 2216 1769
768 2303 1792 1489 2217 1774
1024 2303 1792 1583 2223 1778
1280 2303 1792 1683 2233 1777
1536 2303 1792 1786 2253 1758
1792 2303 1792 1933 2267 1753
2048 2303 1792 2108 2276 1757
2303 2303 1792 2297 2287 1762
2559 2303 1792 2489 2299 1768
2815 2303 1792 2687 2312 1774
3071 2303 1792 2885 2330 1784
3327 2303 1792 3074 2353 1807
3583 2303 1792 3222 2399 1881
3839 2303 1792 3414 2428 1907
4095 2303 1792 3636 2447 1901
0 2559 1792 1489 2458 1814
256 2559 1792 1510 2458 1817
512 2559 1792 1550 2458 1821
768 2559 1792 1618 2459 1828
1024 2559 1792 1709 2463 1834
1280 2559 1792 1804 2471 1834
1536 2559 1792 1894 2491 1809
1792 2559 1792 2025 2505 1797
2048 2559 1792 2183 2516 1793
2303 2559 1792 2364 2526 1800
2559 2559 1792 2549 2537 1808
2815 2559 1792 2740 2549 1816
3071 2559 1792 2936 2564 1825
3327 2559 1792 3126 2582 1846
3583 2559 1792 3284 2617 1915
3839 2559 1792 3472 2644 1943
4095 2559 1792 3681 2665 1943
0 2815 1792 1632 2702 1868
256 2815 1792 1651 2702 1870
512 2815 1792 1688 2702 1875
768 2815 1792 1750 2702 1883
1024 2815 1792 1837 2704 1891
1280 2815 1792 1931 2710 1896
1536 2815 1792 2030 2723 1885
1792 2815 1792 2145 2738 1868
2048 2815 1792 2271 2755 1846
2303 2815 1792 2442 2764 1857
2559 2815 1792 2618 2774 1869
2815 2815 1792 2800 2786 1881
3071 2815 1792 2986 2801 1895
3327 2815 1792 3172 2818 1913
3583 2815 1792 3351 2841 1951
3839 2815 1792 3538 2864 1975
4095 2815 1792 3732 2887 1989
0 3071 1792 1776 2945 1924
256 3071 1792 1794 2945 1926
512 3071 1792 1827 2945 1931
768 3071 1792 1885 2945 1940
1024 3071 1792 1967 2947 1950
1280 3071 1792 2058 2951 1958
1536 3071 1792 2159 2960 1956
1792 3071 1792 2268 2973 1943
2048 3071 1792 2383 2989 1922
2303 3071 1792 2539 3000 1926
2559 3071 1792 2702 3011 1933
2815 3071 1792 2875 3023 1945
3071 3071 1792 3054 3037 1960
3327 3071 1792 3235 3052 1978
3583 3071 1792 3417 3071 2003
3839 3071 1792 3602 3092 2025
4095 3071 1792 3788 3114 2045
0 3327 1792 1921 3189 1981
256 3327 1792 1937 3189 1984
512 3327 1792 1967 3189 1989
768 3327 1792 2020 3189 1998
1024 3327 1792 2099 3190 2009
1280 3327 1792 2186 3192 2020
1536 3327 1792 2288 3199 2025
1792 3327 1792 2393 3209 2018
2048 3327 1792 2503 3223 2005
2303 3327 1792 2643 3236 2000
2559 3327 1792 2793 3248 2002
2815 3327 1792 2958 3259 2013
3071 3327 1792 3131 3272 2029
3327 3327 1792 3306 3286 2046
3583 3327 1792 3485 3303 2065
3839 3327 1792 3666 3322 2086
4095 3327 1792 3848 3342 2108
0 3583 1792 2066 3433 2042
256 3583 1792 2080 3433 2044
512 3583 1792 2109 3433 2050
768 3583 1792 2158 3433 2058
1024 3583 1792 2232 3433 2070
1280 3583 1792 2316 3435 2082
1536 3583 1792 2415 3440 2091
1792 3583 1792 2520 3448 2092
2048 3583 1792 2629 3459 2087
2303 3583 1792 2760 3471 2083
2559 3583 1792 2901 3482 2086
2815 3583 1792 3057 3493 2098
3071 3583 1792 3221 3506 2113
3327 3583 1792 3389 3520 2128
3583 3583 1792 3562 3536 2145
3839 3583 1792 3737 3554 2167
4095 3583 1792 3913 3573 2193
0 3839 1792 2177 3685 2076
256 3839 1792 2190 3685 2077
512 3839 1792 2215 3685 2081
768 3839 1792 2259 3686 2086
1024 3839 1792 2326 3687 2094
1280 3839 1792 2404 3689 2103
1536 3839 1792 2500 3693 2110
1792 3839 1792 2605 3700 2113
2048 3839 1792 2716 3708 2113
2303 3839 1792 2845 3718 2111
2559 3839 1792 2984 3728 2114
2815 3839 1792 3136 3738 2123
3071 3839 1792 3296 3750 2132
3327 3839 1792 3460 3762 2141
3583 3839 1792 3631 3777 2150
3839 3839 1792 3805 3791 2157
4095 3839 1792 3979 3805 2164
0 4095 1792 2266 3942 2092
256 4095 1792 2277 3942 2092
512 4095 1792 2298 3943 2093
768 4095 1792 2334 3945 2093
1024 4095 1792 2394 3947 2094
1280 4095 1792 2465 3950 2096
1536 4095 1792 2556 3955 2097
1792 4095 1792 2661 3960 2099
2048 4095 1792 2776 3966 2101
2303 4095 1792 2910 3973 2103
2559 4095 1792 3050 3981 2106
2815 4095 1792 3200 3990 2108
3071 4095 1792 3360 4000 2109
3327 4095 1792 3524 4011 2108
3583 4095 1792 3697 4024 2103
3839 4095 1792 3870 4032 2085
4095 4095 1792 4044 4038 2058
0 0 2048 411 330 1857
256 0 2048 470 329 1852
512 0 2048 578 340 1846
768 0 2048 757 368 1836
1024 0 2048 953 409 1830
1280 0 2048 1155 455 1825
1536 0 2048 1362 509 1826
1792 0 2048 1571 566 1829
2048 0 2048 1782 625 1834
2303 0 2048 1994 686 1843
2559 0 2048 2207 749 1852
2815 0 2048 2421 814 1863
3071 0 2048 2636 879 1875
3327 0 2048 2851 945 1888
3583 0 2048 3067 1011 1902
3839 0 2048 3283 1078 1916
4095 0 2048 3499 1145 1931
0 256 2048 424 432 1851
256 256 2048 502 438 1830
512 256 2048 617 454 1805
768 256 2048 786 484 1773
1024 256 2048 969 518 1775
1280 256 2048 1158 556 1785
1536 256 2048 1360 600 1797
1792 256 2048 1566 649 1809
2048 256 2048 1775 700 1821
2303 256 2048 1986 756 1833
2559 256 2048 2200 813 1846
2815 256 2048 2414 872 1860
3071 256 2048 2629 933 1873
3327 256 2048 2845 994 1888
3583 256 2048 3061 1057 1902
3839 256 2048 3277 1121 1918
4095 256 2048 3494 1185 1933
0 512 2048 470 580 1843
256 512 2048 553 589 1814
512 512 2048 666 605 1779
768 512 2048 825 632 1734
1024 512 2048 996 660 1739
1280 512 2048 1173 690 1756
1536 512 2048 1366 729 1771
1792 512 2048 1566 771 1787
2048 512 2048 1770 816 1805
2303 512 2048 1979 865 1822
2559 512 2048 2191 916 1839
2815 512 2048 2404 969 1856
3071 512 2048 2619 1024 1873
3327 512 2048 2834 1080 1889
3583 512 2048 3051 1139 1905
3839 512 2048 3268 1197 1922
4095 512 2048 3486 1255 1938
0 768 2048 566 796 1832
256 768 2048 633 801 1811
512 768 2048 733 811 1779
768 768 2048 881 829 1732
1024 768 2048 1039 851 1733
1280 768 2048 1204 877 1744
1536 768 2048 1384 913 1749
1792 768 2048 1573 951 1764
2048 768 2048 1767 991 1786
2303 768 2048 1972 1034 1809
2559 768 2048 2179 1078 1831
2815 768 2048 2390 1124 1852
3071 768 2048 2604 1172 1873
3327 768 2048 2819 1221 1892
3583 768 2048 3035 1273 1911
3839 768 2048 3254 1323 1929
4095 768 2048 3476 1372 1947
0 1024 2048 682 1027 1830
256 1024 2048 737 1030 1814
512 1024 2048 824 1036 1790
768 1024 2048 957 1047 1754
1024 1024 2048 1103 1064 1763
1280 1024 2048 1258 1082 1785
1536 1024 2048 1439 1105 1809
1792 1024 2048 1625 1135 1819
2048 1024 2048 1815 1170 1821
2303 1024 2048 2003 1213 1830
2559 1024 2048 2197 1257 1844
2815 1024 2048 2398 1302 1864
3071 1024 2048 2605 1347 1885
3327 1024 2048 2814 1394 1906
3583 1024 2048 3026 1441 1926
3839 1024 2048 3252 1480 1944
4095 1024 2048 3488 1512 1961
0 1280 2048 806 1262 1833
256 1280 2048 851 1263 1823
512 1280 2048 925 1267 1808
768 1280 2048 1043 1273 1784
1024 1280 2048 1176 1284 1802
1280 1280 2048 1321 1296 1833
1536 1280 2048 1503 1306 1877
1792 1280 2048 1688 1328 1884
2048 1280 2048 1875 1356 1867
2303 1280 2048 2053 1399 1863
2559 1280 2048 2236 1441 1868
2815 1280 2048 2427 1484 1883
3071 1280 2048 2623 1528 1903
3327 1280 2048 2822 1574 1924
3583 1280 2048 3028 1619 1946
3839 1280 2048 3259 1648 1963
4095 1280 2048 3506 1665 1977
0 1536 2048 939 1501 1850
256 1536 2048 976 1501 1844
512 1536 2048 1041 1503 1836
768 1536 2048 1146 1507 1822
1024 1536 2048 1266 1517 1836
1280 1536 2048 1398 1529 1859
1536 1536 2048 1562 1540 1894
1792 1536 2048 1744 1555 1906
2048 1536 2048 1936 1573 1904
2303 1536 2048 2131 1596 1906
2559 1536 2048 2326 1624 1911
2815 1536 2048 2518 1657 1919
3071 1536 2048 2695 1704 1934
3327 1536 2048 2872 1754 1952
3583 1536 2048 3062 1801 1974
3839 1536 2048 3286 1829 1988
4095 1536 2048 3531 1845 1998
0 1792 2048 1076 1740 1877
256 1792 2048 1107 1740 1874
512 1792 2048 1164 1741 1870
768 1792 2048 1257 1744 1864
1024 1792 2048 1367 1752 1874
1280 1792 2048 1487 1763 1889
1536 1792 2048 1632 1777 1914
1792 1792 2048 1803 1790 1926
2048 1792 2048 1993 1802 1929
2303 1792 2048 2192 1817 1934
2559 1792 2048 2391 1835 1939
2815 1792 2048 2587 1859 1944
3071 1792 2048 2763 1899 1958
3327 1792 2048 2935 1944 1976
3583 1792 2048 3108 1993 2004
3839 1792 2048 3321 2022 2018
4095 1792 2048 3562 2037 2023
0 2048 2048 1215 1980 1910
256 2048 2048 1242 1980 1910
512 2048 2048 1291 1981 1909
768 2048 2048 1374 1982 1909
1024 2048 2048 1475 1989 1914
1280 2048 2048 1584 2000 1922
1536 2048 2048 1707 2016 1936
1792 2048 2048 1866 2029 1944
2048 2048 2048 2048 2039 1947
2303 2048 2048 2242 2052 1952
2559 2048 2048 2439 2065 1957
2815 2048 2048 2641 2081 1962
3071 2048 2048 2829 2107 1977
3327 2048 2048 3007 2141 1999
3583 2048 2048 3160 2192 2036
3839 2048 2048 3362 2222 2051
4095 2048 2048 3596 2238 2051
0 2303 2048 1355 2221 1954
256 2303 2048 1379 2221 1954
512 2303 2048 1424 2221 1956
768 2303 2048 1499 2222 1958
1024 2303 2048 1595 2227 1963
1280 2303 2048 1696 2237 1967
1536 2303 2048 1795 2257 1965
1792 2303 2048 1939 2270 1966
2048 2303 2048 2114 2279 1969
2303 2303 2048 2301 2290 1974
2559 2303 2048 2493 2302 1979
2815 2303 2048 2690 2316 1984
3071 2303 2048 2886 2334 1994
3327 2303 2048 3071 2360 2013
3583 2303 2048 3220 2405 2068
3839 2303 2048 3414 2434 2088
4095 2303 2048 3638 2451 2085
0 2559 2048 1497 2463 2000
256 2559 2048 1519 2463 2001
512 2559 2048 1558 2463 2004
768 2559 2048 1626 2463 2008
1024 2559 2048 1718 2467 2014
1280 2559 2048 1813 2475 2016
1536 2559 2048 1900 2495 2006
1792 2559 2048 2028 2509 1998
2048 2559 2048 2183 2520 1993
2303 2559 2048 2365 2530 1998
2559 2559 2048 2551 2541 2003
2815 2559 2048 2743 2553 2008
3071 2559 2048 2941 2567 2014
3327 2559 2048 3132 2585 2032
3583 2559 2048 3286 2622 2093
3839 2559 2048 3474 2648 2119
4095 2559 2048 3684 2668 2122
0 2815 2048 1640 2705 2049
256 2815 2048 1659 2705 2051
512 2815 2048 1695 2705 2055
768 2815 2048 1757 2705 2061
1024 2815 2048 1844 2708 2068
1280 2815 2048 1937 2714 2072
1536 2815 2048 2033 2727 2066
1792 2815 2048 2142 2744 2047
2048 2815 2048 2259 2763 2020
2303 2815 2048 2434 2772 2024
2559 2815 2048 2614 2782 2029
2815 2815 2048 2801 2792 2034
3071 2815 2048 2995 2805 2040
3327 2815 2048 3186 2819 2056
3583 2815 2048 3361 2843 2107
3839 2815 2048 3545 2866 2141
4095 2815 2048 3734 2890 2164
0 3071 2048 1783 2948 2102
256 3071 2048 1800 2948 2104
512 3071 2048 1834 2948 2108
768 3071 2048 1891 2948 2115
1024 3071 2048 1973 2950 2123
1280 3071 2048 2064 2954 2130
1536 3071 2048 2162 2964 2129
1792 3071 2048 2263 2980 2109
2048 3071 2048 2365 2999 2078
2303 3071 2048 2519 3012 2065
2559 3071 2048 2684 3024 2059
2815 3071 2048 2865 3034 2064
3071 3071 2048 3054 3044 2074
3327 3071 2048 3244 3057 2091
3583 3071 2048 3428 3074 2127
3839 3071 2048 3610 3094 2168
4095 3071 2048 3791 3117 2212
0 3327 2048 1927 3192 2156
256 3327 2048 1943 3192 2158
512 3327 2048 1973 3192 2163
768 3327 2048 2026 3191 2170
1024 3327 2048 2104 3193 2179
1280 3327 2048 2191 3195 2188
1536 3327 2048 2290 3202 2192
1792 3327 2048 2387 3215 2177
2048 3327 2048 2483 3233 2149
2303 3327 2048 2614 3250 2118
2559 3327 2048 2763 3264 2102
2815 3327 2048 2938 3273 2108
3071 3327 2048 3121 3283 2123
3327 3327 2048 3307 3294 2142
3583 3327 2048 3494 3307 2164
3839 3327 2048 3674 3325 2208
4095 3327 2048 3850 3345 2267
0 3583 2048 2071 3435 2213
256 3583 2048 2086 3435 2215
512 3583 2048 2114 3435 2219
768 3583 2048 2163 3435 2227
1024 3583 2048 2237 3436 2237
1280 3583 2048 2320 3438 2247
1536 3583 2048 2418 3443 2255
1792 3583 2048 2517 3452 2250
2048 3583 2048 2618 3466 2236
2303 3583 2048 2738 3482 2208
2559 3583 2048 2875 3496 2197
2815 3583 2048 3039 3505 2209
3071 3583 2048 3211 3515 2225
3327 3583 2048 3384 3527 2242
3583 3583 2048 3562 3541 2261
3839 3583 2048 3739 3558 2297
4095 3583 2048 3914 3576 2345
0 3839 2048 2182 3687 2246
256 3839 2048 2195 3687 2248
512 3839 2048 2220 3687 2251
768 3839 2048 2264 3688 2256
1024 3839 2048 2331 3689 2263
1280 3839 2048 2408 3691 2270
1536 3839 2048 2503 3695 2276
1792 3839 2048 2605 3703 2276
2048 3839 2048 2713 3712 2272
2303 3839 2048 2834 3725 2256
2559 3839 2048 2970 3736 2251
2815 3839 2048 3126 3745 2261
3071 3839 2048 3290 3756 2272
3327 3839 2048 3457 3768 2282
3583 3839 2048 3631 3781 2292
3839 3839 2048 3806 3796 2306
4095 3839 2048 3983 3810 2323
0 4095 2048 2271 3943 2264
256 4095 2048 2281 3944 2265
512 4095 2048 2302 3945 2265
768 4095 2048 2339 3946 2266
1024 4095 2048 2399 3949 2267
1280 4095 2048 2469 3952 2268
1536 4095 2048 2560 3956 2270
1792 4095 2048 2666 3962 2272
2048 4095 2048 2780 3967 2274
2303 4095 2048 2914 3975 2277
2559 4095 2048 3054 3983 2279
2815 4095 2048 3203 3992 2281
3071 4095 2048 3363 4002 2282
3327 4095 2048 3527 4013 2282
3583 4095 2048 3699 4025 2278
3839 4095 2048 3876 4037 2261
4095 4095 2048 4055 4047 2235
0 0 2303 461 370 2085
256 0 2303 509 367 2085
512 0 2303 607 375 2081
768 0 2303 781 401 2069
1024 0 2303 973 439 2061
1280 0 2303 1172 482 2054
1536 0 2303 1378 532 2053
1792 0 2303 1585 586 2054
2048 0 2303 1794 643 2057
2303 0 2303 2005 703 2064
2559 0 2303 2217 765 2071
2815 0 2303 2430 827 2081
3071 0 2303 2644 892 2091
3327 0 2303 2858 956 2103
3583 0 2303 3073 1022 2115
3839 0 2303 3289 1088 2129
4095 0 2303 3504 1154 2142
0 256 2303 468 462 2082
256 256 2303 538 467 2064
512 256 2303 647 482 2039
768 256 2303 813 511 2006
1024 256 2303 993 543 2004
1280 256 2303 1179 578 2011
1536 256 2303 1378 621 2020
1792 256 2303 1582 668 2030
2048 256 2303 1789 717 2040
2303 256 2303 1998 771 2051
2559 256 2303 2210 827 2063
2815 256 2303 2423 885 2075
3071 256 2303 2637 945 2088
3327 256 2303 2852 1005 2101
3583 256 2303 3067 1067 2115
3839 256 2303 3283 1130 2129
4095 256 2303 3499 1194 2143
0 512 2303 508 601 2075
256 512 2303 586 610 2048
512 512 2303 696 626 2013
768 512 2303 854 653 1965
1024 512 2303 1022 681 1961
1280 512 2303 1197 711 1970
1536 512 2303 1386 747 1985
1792 512 2303 1583 788 2001
2048 512 2303 1785 831 2018
2303 512 2303 1992 879 2035
2559 512 2303 2202 929 2051
2815 512 2303 2414 981 2067
3071 512 2303 2628 1035 2083
3327 512 2303 2842 1091 2099
3583 512 2303 3058 1148 2114
3839 512 2303 3274 1206 2130
4095 512 2303 3491 1265 2146
0 768 2303 597 812 2064
256 768 2303 662 816 2043
512 768 2303 760 827 2010
768 768 2303 908 845 1959
1024 768 2303 1066 870 1940
1280 768 2303 1230 898 1934
1536 768 2303 1406 931 1946
1792 768 2303 1592 967 1965
2048 768 2303 1784 1005 1988
2303 768 2303 1986 1047 2012
2559 768 2303 2192 1090 2034
2815 768 2303 2401 1135 2056
3071 768 2303 2614 1182 2076
3327 768 2303 2827 1231 2096
3583 768 2303 3042 1282 2115
3839 768 2303 3260 1332 2133
4095 768 2303 3480 1382 2151
0 1024 2303 708 1039 2058
256 1024 2303 762 1042 2042
512 1024 2303 848 1049 2016
768 1024 2303 982 1061 1975
1024 1024 2303 1129 1079 1961
1280 1024 2303 1284 1100 1962
1536 1024 2303 1457 1122 1999
1792 1024 2303 1638 1151 2014
2048 1024 2303 1824 1186 2014
2303 1024 2303 2013 1228 2025
2559 1024 2303 2208 1270 2040
2815 1024 2303 2408 1313 2060
3071 1024 2303 2614 1358 2081
3327 1024 2303 2822 1403 2103
3583 1024 2303 3034 1450 2123
3839 1024 2303 3258 1489 2143
4095 1024 2303 3491 1521 2163
0 1280 2303 827 1272 2057
256 1280 2303 872 1274 2046
512 1280 2303 946 1277 2028
768 1280 2303 1065 1284 1998
1024 1280 2303 1201 1297 1992
1280 1280 2303 1347 1311 2005
1536 1280 2303 1516 1321 2065
1792 1280 2303 1694 1343 2078
2048 1280 2303 1878 1373 2058
2303 1280 2303 2058 1413 2056
2559 1280 2303 2243 1454 2061
2815 1280 2303 2433 1496 2076
3071 1280 2303 2630 1539 2095
3327 1280 2303 2829 1583 2115
3583 1280 2303 3034 1628 2137
3839 1280 2303 3264 1656 2158
4095 1280 2303 3509 1673 2178
0 1536 2303 957 1510 2068
256 1536 2303 994 1510 2060
512 1536 2303 1059 1513 2048
768 1536 2303 1165 1517 2029
1024 1536 2303 1290 1527 2026
1280 1536 2303 1424 1538 2039
1536 1536 2303 1576 1549 2100
1792 1536 2303 1751 1564 2122
2048 1536 2303 1942 1582 2118
2303 1536 2303 2138 1605 2121
2559 1536 2303 2329 1633 2122
2815 1536 2303 2514 1671 2120
3071 1536 2303 2693 1717 2129
3327 1536 2303 2873 1765 2143
3583 1536 2303 3066 1811 2163
3839 1536 2303 3290 1837 2181
4095 1536 2303 3535 1852 2197
0 1792 2303 1091 1748 2088
256 1792 2303 1122 1748 2083
512 1792 2303 1179 1750 2076
768 1792 2303 1273 1752 2065
1024 1792 2303 1388 1760 2064
1280 1792 2303 1511 1770 2076
1536 1792 2303 1645 1783 2127
1792 1792 2303 1811 1795 2149
2048 1792 2303 2000 1807 2152
2303 1792 2303 2199 1822 2156
2559 1792 2303 2394 1842 2157
2815 1792 2303 2584 1870 2154
3071 1792 2303 2760 1910 2161
3327 1792 2303 2934 1954 2171
3583 1792 2303 3110 2002 2192
3839 1792 2303 3325 2030 2208
4095 1792 2303 3566 2043 2220
0 2048 2303 1227 1987 2114
256 2048 2303 1254 1988 2112
512 2048 2303 1304 1988 2109
768 2048 2303 1388 1990 2104
1024 2048 2303 1494 1996 2104
1280 2048 2303 1605 2005 2113
1536 2048 2303 1719 2021 2148
1792 2048 2303 1873 2034 2165
2048 2048 2303 2055 2044 2168
2303 2048 2303 2248 2056 2172
2559 2048 2303 2445 2070 2176
2815 2048 2303 2646 2085 2181
3071 2048 2303 2831 2113 2189
3327 2048 2303 3006 2149 2201
3583 2048 2303 3163 2200 2225
3839 2048 2303 3366 2229 2239
4095 2048 2303 3600 2243 2246
0 2303 2303 1367 2227 2152
256 2303 2303 1391 2227 2151
512 2303 2303 1435 2228 2150
768 2303 2303 1511 2229 2149
1024 2303 2303 1610 2233 2151
1280 2303 2303 1714 2241 2156
1536 2303 2303 1815 2259 2172
1792 2303 2303 1955 2272 2182
2048 2303 2303 2120 2283 2187
2303 2303 2303 2307 2294 2191
2559 2303 2303 2499 2306 2196
2815 2303 2303 2695 2320 2201
3071 2303 2303 2889 2339 2207
3327 2303 2303 3073 2365 2220
3583 2303 2303 3222 2411 2258
3839 2303 2303 3417 2440 2274
4095 2303 2303 3642 2456 2277
0 2559 2303 1507 2468 2193
256 2559 2303 1529 2468 2193
512 2559 2303 1569 2468 2194
768 2559 2303 1637 2469 2196
1024 2559 2303 1730 2473 2199
1280 2559 2303 1828 2479 2203
1536 2559 2303 1923 2496 2206
1792 2559 2303 2046 2510 2208
2048 2559 2303 2190 2524 2209
2303 2559 2303 2370 2534 2213
2559 2559 2303 2556 2545 2217
2815 2559 2303 2748 2557 2222
3071 2559 2303 2946 2570 2227
3327 2559 2303 3135 2589 2241
3583 2559 2303 3287 2628 2287
3839 2559 2303 3475 2654 2308
4095 2559 2303 3687 2673 2312
0 2815 2303 1649 2710 2238
256 2815 2303 1668 2710 2239
512 2815 2303 1704 2710 2241
768 2815 2303 1767 2710 2245
1024 2815 2303 1854 2713 2250
1280 2815 2303 1948 2718 2255
1536 2815 2303 2046 2730 2255
1792 2815 2303 2153 2747 2247
2048 2815 2303 2265 2767 2232
2303 2815 2303 2439 2775 2236
2559 2815 2303 2619 2785 2241
2815 2815 2303 2806 2796 2245
3071 2815 2303 2999 2808 2251
3327 2815 2303 3189 2823 2264
3583 2815 2303 3357 2849 2310
3839 2815 2303 3542 2873 2336
4095 2815 2303 3738 2894 2349
0 3071 2303 1792 2953 2288
256 3071 2303 1809 2953 2289
512 3071 2303 1842 2953 2292
768 3071 2303 1899 2953 2297
1024 3071 2303 1982 2955 2303
1280 3071 2303 2072 2958 2309
1536 3071 2303 2171 2968 2311
1792 3071 2303 2270 2983 2299
2048 3071 2303 2368 3004 2278
2303 3071 2303 2523 3016 2270
2559 3071 2303 2689 3027 2267
2815 3071 2303 2870 3036 2272
3071 3071 2303 3059 3047 2279
3327 3071 2303 3247 3060 2291
3583 3071 2303 3429 3078 2320
3839 3071 2303 3612 3099 2355
4095 3071 2303 3794 3121 2393
0 3327 2303 1935 3196 2339
256 3327 2303 1950 3195 2340
512 3327 2303 1981 3195 2344
768 3327 2303 2033 3195 2349
1024 3327 2303 2111 3197 2357
1280 3327 2303 2198 3199 2365
1536 3327 2303 2297 3206 2369
1792 3327 2303 2391 3220 2357
2048 3327 2303 2483 3239 2335
2303 3327 2303 2615 3255 2312
2559 3327 2303 2764 3268 2300
2815 3327 2303 2939 3277 2305
3071 3327 2303 3123 3287 2314
3327 3327 2303 3309 3298 2324
3583 3327 2303 3500 3311 2336
3839 3327 2303 3680 3328 2378
4095 3327 2303 3854 3349 2441
0 3583 2303 2078 3439 2392
256 3583 2303 2093 3439 2394
512 3583 2303 2121 3439 2398
768 3583 2303 2170 3438 2404
1024 3583 2303 2243 3439 2413
1280 3583 2303 2326 3441 2421
1536 3583 2303 2423 3446 2428
1792 3583 2303 2521 3457 2424
2048 3583 2303 2618 3470 2412
2303 3583 2303 2724 3491 2374
2559 3583 2303 2855 3507 2353
2815 3583 2303 3023 3516 2361
3071 3583 2303 3199 3526 2370
3327 3583 2303 3378 3536 2380
3583 3583 2303 3563 3548 2390
3839 3583 2303 3742 3563 2435
4095 3583 2303 3919 3579 2502
0 3839 2303 2189 3690 2427
256 3839 2303 2202 3690 2428
512 3839 2303 2227 3690 2431
768 3839 2303 2270 3690 2435
1024 3839 2303 2337 3692 2441
1280 3839 2303 2414 3694 2447
1536 3839 2303 2509 3698 2453
1792 3839 2303 2609 3706 2453
2048 3839 2303 2715 3716 2449
2303 3839 2303 2824 3733 2422
2559 3839 2303 2954 3746 2408
2815 3839 2303 3113 3755 2415
3071 3839 2303 3281 3765 2421
3327 3839 2303 3452 3775 2427
3583 3839 2303 3631 3787 2432
3839 3839 2303 3809 3800 2455
4095 3839 2303 3986 3812 2489
0 4095 2303 2278 3945 2449
256 4095 2303 2289 3946 2449
512 4095 2303 2310 3947 2450
768 4095 2303 2346 3948 2450
1024 4095 2303 2405 3951 2451
1280 4095 2303 2475 3954 2453
1536 4095 2303 2566 3958 2455
1792 4095 2303 2671 3964 2457
2048 4095 2303 2785 3970 2459
2303 4095 2303 2918 3977 2462
2559 4095 2303 3058 3985 2464
2815 4095 2303 3207 3994 2467
3071 4095 2303 3366 4004 2468
3327 4095 2303 3530 4015 2469
3583 4095 2303 3702 4028 2466
3839 4095 2303 3878 4038 2450
4095 4095 2303 4055 4047 2425
0 0 2559 511 411 2315
256 0 2559 551 406 2318
512 0 2559 641 412 2315
768 0 2559 806 435 2302
1024 0 2559 994 470 2293
1280 0 2559 1190 509 2285
1536 0 2559 1393 557 2282
1792 0 2559 1599 609 2281
2048 0 2559 1807 663 2282
2303 0 2559 2016 721 2287
2559 0 2559 2227 781 2293
2815 0 2559 2439 842 2300
3071 0 2559 2652 905 2310
3327 0 2559 2866 969 2320
3583 0 2559 3080 1033 2331
3839 0 2559 3295 1099 2343
4095 0 2559 3510 1164 2356
0 256 2559 513 494 2313
256 256 2559 577 498 2298
512 256 2559 679 511 2275
768 256 2559 841 538 2240
1024 256 2559 1017 569 2236
1280 256 2559 1200 602 2240
1536 256 2559 1397 642 2246
1792 256 2559 1598 687 2253
2048 256 2559 1803 735 2262
2303 256 2559 2011 788 2271
2559 256 2559 2221 842 2282
2815 256 2559 2433 899 2292
3071 256 2559 2646 958 2304
3327 256 2559 2860 1017 2316
3583 256 2559 3075 1079 2329
3839 256 2559 3290 1141 2342
4095 256 2559 3505 1204 2355
0 512 2559 547 624 2308
256 512 2559 620 633 2283
512 512 2559 727 649 2249
768 512 2559 884 675 2199
1024 512 2559 1049 702 2188
1280 512 2559 1221 732 2189
1536 512 2559 1408 767 2203
1792 512 2559 1602 806 2218
2048 512 2559 1801 847 2234
2303 512 2559 2006 894 2249
2559 512 2559 2214 943 2265
2815 512 2559 2425 994 2280
3071 512 2559 2637 1047 2295
3327 512 2559 2851 1102 2310
3583 512 2559 3065 1159 2325
3839 512 2559 3281 1216 2341
4095 512 2559 3497 1275 2356
0 768 2559 629 828 2296
256 768 2559 692 833 2276
512 768 2559 788 843 2242
768 768 2559 936 862 2189
1024 768 2559 1094 889 2153
1280 768 2559 1257 919 2132
1536 768 2559 1430 950 2149
1792 768 2559 1612 984 2170
2048 768 2559 1802 1020 2194
2303 768 2559 2002 1060 2218
2559 768 2559 2206 1102 2241
2815 768 2559 2413 1146 2262
3071 768 2559 2624 1193 2283
3327 768 2559 2837 1241 2302
3583 768 2559 3051 1292 2321
3839 768 2559 3267 1342 2339
4095 768 2559 3485 1393 2357
0 1024 2559 735 1052 2288
256 1024 2559 788 1055 2272
512 1024 2559 873 1062 2245
768 1024 2559 1007 1075 2199
1024 1024 2559 1156 1095 2166
1280 1024 2559 1311 1118 2149
1536 1024 2559 1477 1140 2185
1792 1024 2559 1653 1169 2203
2048 1024 2559 1836 1203 2208
2303 1024 2559 2026 1242 2222
2559 1024 2559 2219 1283 2238
2815 1024 2559 2419 1325 2259
3071 1024 2559 2624 1369 2280
3327 1024 2559 2831 1413 2302
3583 1024 2559 3042 1459 2323
3839 1024 2559 3265 1498 2345
4095 1024 2559 3495 1532 2367
0 1280 2559 850 1283 2284
256 1280 2559 894 1284 2272
512 1280 2559 968 1288 2251
768 1280 2559 1087 1296 2217
1024 1280 2559 1226 1310 2192
1280 1280 2559 1374 1325 2185
1536 1280 2559 1533 1338 2240
1792 1280 2559 1704 1362 2255
2048 1280 2559 1883 1392 2244
2303 1280 2559 2065 1429 2247
2559 1280 2559 2251 1468 2254
2815 1280 2559 2441 1508 2269
3071 1280 2559 2637 1551 2288
3327 1280 2559 2837 1594 2308
3583 1280 2559 3042 1637 2330
3839 1280 2559 3270 1665 2355
4095 1280 2559 3513 1682 2380
0 1536 2559 976 1519 2288
256 1536 2559 1013 1520 2280
512 1536 2559 1078 1522 2265
768 1536 2559 1184 1527 2241
1024 1536 2559 1313 1537 2224
1280 1536 2559 1450 1549 2224
1536 1536 2559 1595 1561 2285
1792 1536 2559 1763 1577 2310
2048 1536 2559 1947 1596 2312
2303 1536 2559 2140 1619 2319
2559 1536 2559 2329 1648 2322
2815 1536 2559 2511 1686 2319
3071 1536 2559 2693 1731 2324
3327 1536 2559 2876 1777 2335
3583 1536 2559 3071 1821 2353
3839 1536 2559 3295 1846 2375
4095 1536 2559 3539 1860 2398
0 1792 2559 1107 1756 2302
256 1792 2559 1139 1757 2296
512 1792 2559 1196 1758 2286
768 1792 2559 1290 1761 2270
1024 1792 2559 1409 1769 2260
1280 1792 2559 1535 1778 2264
1536 1792 2559 1665 1791 2318
1792 1792 2559 1825 1804 2346
2048 1792 2559 2007 1817 2356
2303 1792 2559 2202 1832 2364
2559 1792 2559 2394 1853 2367
2815 1792 2559 2582 1882 2363
3071 1792 2559 2760 1922 2363
3327 1792 2559 2936 1965 2368
3583 1792 2559 3114 2011 2382
3839 1792 2559 3329 2038 2400
4095 1792 2559 3570 2050 2420
0 2048 2559 1241 1995 2321
256 2048 2559 1268 1995 2318
512 2048 2559 1318 1996 2313
768 2048 2559 1402 1998 2303
1024 2048 2559 1512 2003 2298
1280 2048 2559 1627 2011 2303
1536 2048 2559 1740 2026 2345
1792 2048 2559 1889 2039 2370
2048 2048 2559 2063 2049 2385
2303 2048 2559 2255 2061 2392
2559 2048 2559 2451 2075 2398
2815 2048 2559 2652 2090 2402
3071 2048 2559 2835 2120 2403
3327 2048 2559 3009 2156 2405
3583 2048 2559 3166 2207 2416
3839 2048 2559 3370 2236 2429
4095 2048 2559 3604 2250 2444
0 2303 2559 1379 2234 2354
256 2303 2559 1403 2234 2352
512 2303 2559 1448 2235 2349
768 2303 2559 1524 2236 2344
1024 2303 2559 1626 2240 2342
1280 2303 2559 1733 2247 2346
1536 2303 2559 1840 2261 2370
1792 2303 2559 1974 2275 2389
2048 2303 2559 2128 2288 2406
2303 2303 2559 2314 2299 2411
2559 2303 2559 2504 2311 2415
2815 2303 2559 2701 2324 2420
3071 2303 2559 2894 2344 2423
3327 2303 2559 3077 2371 2430
3583 2303 2559 3226 2418 2450
3839 2303 2559 3421 2446 2463
4095 2303 2559 3646 2461 2473
0 2559 2559 1518 2475 2389
256 2559 2559 1540 2475 2389
512 2559 2559 1580 2475 2388
768 2559 2559 1648 2475 2387
1024 2559 2559 1743 2479 2388
1280 2559 2559 1844 2484 2391
1536 2559 2559 1947 2498 2402
1792 2559 2559 2066 2512 2414
2048 2559 2559 2197 2528 2427
2303 2559 2559 2377 2538 2430
2559 2559 2559 2562 2548 2434
2815 2559 2559 2753 2560 2439
3071 2559 2559 2950 2574 2444
3327 2559 2559 3139 2593 2453
3583 2559 2559 3289 2634 2482
3839 2559 2559 3477 2660 2497
4095 2559 2559 3691 2678 2504
0 2815 2559 1659 2716 2431
256 2815 2559 1678 2716 2431
512 2815 2559 1715 2716 2432
768 2815 2559 1777 2716 2433
1024 2815 2559 1865 2718 2436
1280 2815 2559 1961 2723 2440
1536 2815 2559 2062 2734 2445
1792 2815 2559 2166 2750 2447
2048 2815 2559 2272 2770 2448
2303 2815 2559 2445 2779 2451
2559 2815 2559 2625 2788 2455
2815 2815 2559 2811 2799 2460
3071 2815 2559 3004 2811 2464
3327 2815 2559 3192 2827 2476
3583 2815 2559 3356 2855 2512
3839 2815 2559 3541 2879 2531
4095 2815 2559 3742 2899 2539
0 3071 2559 1801 2958 2476
256 3071 2559 1818 2958 2477
512 3071 2559 1851 2958 2479
768 3071 2559 1909 2958 2482
1024 3071 2559 1991 2959 2486
1280 3071 2559 2083 2963 2491
1536 3071 2559 2183 2971 2495
1792 3071 2559 2280 2987 2492
2048 3071 2559 2374 3007 2484
2303 3071 2559 2529 3019 2480
2559 3071 2559 2694 3030 2479
2815 3071 2559 2875 3040 2483
3071 3071 2559 3063 3051 2488
3327 3071 2559 3251 3064 2496
3583 3071 2559 3431 3083 2518
3839 3071 2559 3614 3103 2546
4095 3071 2559 3798 3125 2578
0 3327 2559 1943 3200 2524
256 3327 2559 1959 3200 2525
512 3327 2559 1989 3200 2528
768 3327 2559 2042 3200 2532
1024 3327 2559 2120 3201 2538
1280 3327 2559 2207 3203 2544
1536 3327 2559 2305 3210 2549
1792 3327 2559 2399 3224 2542
2048 3327 2559 2489 3242 2528
2303 3327 2559 2618 3259 2512
2559 3327 2559 2767 3272 2504
2815 3327 2559 2942 3281 2508
3071 3327 2559 3126 3291 2513
3327 3327 2559 3312 3302 2518
3583 3327 2559 3505 3314 2524
3839 3327 2559 3686 3331 2561
4095 3327 2559 3858 3352 2620
0 3583 2559 2086 3443 2575
256 3583 2559 2100 3443 2576
512 3583 2559 2129 3442 2579
768 3583 2559 2177 3442 2584
1024 3583 2559 2251 3443 2591
1280 3583 2559 2334 3445 2599
1536 3583 2559 2430 3450 2605
1792 3583 2559 2527 3460 2602
2048 3583 2559 2622 3475 2594
2303 3583 2559 2719 3498 2554
2559 3583 2559 2845 3515 2532
2815 3583 2559 3015 3524 2536
3071 3583 2559 3194 3533 2541
3327 3583 2559 3376 3543 2546
3583 3583 2559 3565 3554 2552
3839 3583 2559 3746 3568 2597
4095 3583 2559 3923 3583 2669
0 3839 2559 2197 3693 2611
256 3839 2559 2210 3693 2612
512 3839 2559 2234 3693 2614
768 3839 2559 2278 3694 2618
1024 3839 2559 2344 3695 2623
1280 3839 2559 2421 3697 2628
1536 3839 2559 2515 3702 2633
1792 3839 2559 2615 3709 2634
2048 3839 2559 2719 3719 2631
2303 3839 2559 2821 3738 2601
2559 3839 2559 2946 3753 2585
2815 3839 2559 3107 3761 2588
3071 3839 2559 3277 3771 2592
3327 3839 2559 3451 3781 2596
3583 3839 2559 3633 3792 2599
3839 3839 2559 3812 3804 2624
4095 3839 2559 3990 3815 2664
0 4095 2559 2287 3948 2637
256 4095 2559 2297 3948 2637
512 4095 2559 2318 3949 2638
768 4095 2559 2354 3951 2639
1024 4095 2559 2413 3953 2640
1280 4095 2559 2482 3957 2641
1536 4095 2559 2573 3961 2643
1792 4095 2559 2678 3966 2645
2048 4095 2559 2791 3972 2648
2303 4095 2559 2924 3979 2651
2559 4095 2559 3063 3987 2654
2815 4095 2559 3212 3996 2657
3071 4095 2559 3371 4007 2659
3327 4095 2559 3534 4018 2660
3583 4095 2559 3706 4030 2659
3839 4095 2559 3881 4040 2644
4095 4095 2559 4057 4048 2621
0 0 2815 562 452 2544
256 0 2815 597 447 2548
512 0 2815 679 452 2546
768 0 2815 833 471 2535
1024 0 2815 1017 502 2526
1280 0 2815 1209 539 2517
1536 0 2815 1410 583 2512
1792 0 2815 1615 632 2509
2048 0 2815 1821 684 2508
2303 0 2815 2029 741 2511
2559 0 2815 2239 799 2516
2815 0 2815 2450 859 2522
3071 0 2815 2662 920 2530
3327 0 2815 2875 983 2538
3583 0 2815 3088 1046 2548
3839 0 2815 3303 1111 2559
4095 0 2815 3517 1175 2571
0 256 2815 558 526 2545
256 256 2815 617 530 2531
512 256 2815 715 542 2510
768 256 2815 870 567 2477
1024 256 2815 1042 595 2470
1280 256 2815 1223 627 2470
1536 256 2815 1416 665 2474
1792 256 2815 1616 708 2479
2048 256 2815 1818 754 2486
2303 256 2815 2025 806 2494
2559 256 2815 2234 859 2502
2815 256 2815 2444 914 2512
3071 256 2815 2657 972 2522
3327 256 2815 2869 1031 2533
3583 256 2815 3083 1091 2545
3839 256 2815 3297 1152 2557
4095 256 2815 3512 1215 2569
0 512 2815 587 649 2541
256 512 2815 656 657 2518
512 512 2815 759 672 2485
768 512 2815 913 697 2437
1024 512 2815 1077 725 2419
1280 512 2815 1247 754 2413
1536 512 2815 1430 787 2425
1792 512 2815 1622 825 2438
2048 512 2815 1818 865 2452
2303 512 2815 2022 910 2467
2559 512 2815 2228 958 2481
2815 512 2815 2437 1008 2496
3071 512 2815 2648 1061 2510
3327 512 2815 2861 1114 2524
3583 512 2815 3074 1171 2538
3839 512 2815 3289 1228 2553
4095 512 2815 3504 1285 2568
0 768 2815 663 846 2530
256 768 2815 723 851 2510
512 768 2815 818 861 2477
768 768 2815 964 880 2423
1024 768 2815 1124 908 2375
1280 768 2815 1287 939 2342
1536 768 2815 1456 969 2358
1792 768 2815 1635 1001 2379
2048 768 2815 1822 1036 2403
2303 768 2815 2020 1075 2427
2559 768 2815 2221 1116 2450
2815 768 2815 2427 1159 2471
3071 768 2815 2636 1205 2491
3327 768 2815 2847 1252 2511
3583 768 2815 3060 1302 2529
3839 768 2815 3275 1353 2547
4095 768 2815 3491 1404 2565
0 1024 2815 765 1066 2520
256 1024 2815 816 1069 2504
512 1024 2815 900 1076 2476
768 1024 2815 1033 1089 2429
1024 1024 2815 1184 1112 2383
1280 1024 2815 1340 1136 2349
1536 1024 2815 1501 1161 2365
1792 1024 2815 1673 1190 2383
2048 1024 2815 1852 1221 2402
2303 1024 2815 2041 1258 2419
2559 1024 2815 2234 1297 2438
2815 1024 2815 2432 1338 2459
3071 1024 2815 2636 1380 2481
3327 1024 2815 2842 1424 2503
3583 1024 2815 3052 1470 2525
3839 1024 2815 3272 1508 2548
4095 1024 2815 3501 1542 2573
0 1280 2815 875 1294 2512
256 1280 2815 918 1296 2500
512 1280 2815 991 1300 2478
768 1280 2815 1110 1308 2441
1024 1280 2815 1252 1323 2404
1280 1280 2815 1400 1341 2379
1536 1280 2815 1555 1361 2394
1792 1280 2815 1721 1385 2408
2048 1280 2815 1894 1412 2421
2303 1280 2815 2075 1447 2431
2559 1280 2815 2261 1483 2445
2815 1280 2815 2451 1522 2462
3071 1280 2815 2647 1563 2482
3327 1280 2815 2846 1605 2503
3583 1280 2815 3051 1647 2526
3839 1280 2815 3277 1675 2554
4095 1280 2815 3518 1693 2585
0 1536 2815 998 1529 2513
256 1536 2815 1034 1530 2504
512 1536 2815 1098 1533 2487
768 1536 2815 1205 1538 2459
1024 1536 2815 1336 1549 2432
1280 1536 2815 1475 1562 2415
1536 1536 2815 1621 1578 2437
1792 1536 2815 1781 1597 2456
2048 1536 2815 1952 1617 2471
2303 1536 2815 2138 1641 2490
2559 1536 2815 2325 1669 2504
2815 1536 2815 2512 1703 2510
3071 1536 2815 2696 1745 2517
3327 1536 2815 2882 1789 2527
3583 1536 2815 3077 1831 2545
3839 1536 2815 3301 1856 2571
4095 1536 2815 3543 1869 2602
0 1792 2815 1125 1765 2521
256 1792 2815 1157 1766 2514
512 1792 2815 1213 1768 2502
768 1792 2815 1308 1771 2482
1024 1792 2815 1430 1779 2463
1280 1792 2815 1560 1789 2453
1536 1792 2815 1695 1802 2477
1792 1792 2815 1848 1817 2503
2048 1792 2815 2012 1833 2530
2303 1792 2815 2201 1849 2550
2559 1792 2815 2391 1870 2563
2815 1792 2815 2582 1895 2566
3071 1792 2815 2763 1933 2564
3327 1792 2815 2942 1975 2564
3583 1792 2815 3120 2021 2574
3839 1792 2815 3334 2047 2594
4095 1792 2815 3574 2059 2622
0 2048 2815 1257 2003 2534
256 2048 2815 1284 2004 2530
512 2048 2815 1334 2005 2522
768 2048 2815 1418 2007 2509
1024 2048 2815 1530 2012 2497
1280 2048 2815 1650 2019 2492
1536 2048 2815 1775 2032 2515
1792 2048 2815 1918 2044 2551
2048 2048 2815 2073 2056 2596
2303 2048 2815 2263 2067 2611
2559 2048 2815 2458 2080 2622
2815 2048 2815 2658 2095 2626
3071 2048 2815 2842 2125 2619
3327 2048 2815 3017 2162 2611
3583 2048 2815 3173 2215 2609
3839 2048 2815 3375 2244 2622
4095 2048 2815 3608 2257 2644
0 2303 2815 1393 2242 2560
256 2303 2815 1417 2242 2558
512 2303 2815 1461 2242 2553
768 2303 2815 1538 2244 2544
1024 2303 2815 1642 2248 2537
1280 2303 2815 1754 2254 2535
1536 2303 2815 1871 2266 2551
1792 2303 2815 2000 2279 2582
2048 2303 2815 2136 2293 2623
2303 2303 2815 2321 2304 2631
2559 2303 2815 2511 2315 2637
2815 2303 2815 2707 2329 2641
3071 2303 2815 2900 2349 2642
3327 2303 2815 3083 2376 2641
3583 2303 2815 3231 2425 2643
3839 2303 2815 3425 2454 2654
4095 2303 2815 3650 2468 2671
0 2559 2815 1530 2481 2591
256 2559 2815 1552 2481 2589
512 2559 2815 1592 2482 2587
768 2559 2815 1661 2483 2583
1024 2559 2815 1757 2486 2580
1280 2559 2815 1862 2490 2580
1536 2559 2815 1973 2501 2590
1792 2559 2815 2087 2515 2614
2048 2559 2815 2204 2532 2648
2303 2559 2815 2384 2542 2651
2559 2559 2815 2568 2553 2654
2815 2559 2815 2759 2565 2658
3071 2559 2815 2956 2578 2663
3327 2559 2815 3144 2598 2668
3583 2559 2815 3293 2640 2677
3839 2559 2815 3481 2667 2688
4095 2559 2815 3696 2683 2700
0 2815 2815 1670 2722 2627
256 2815 2815 1689 2722 2627
512 2815 2815 1725 2722 2626
768 2815 2815 1788 2722 2625
1024 2815 2815 1877 2725 2625
1280 2815 2815 1975 2729 2627
1536 2815 2815 2082 2738 2633
1792 2815 2815 2183 2754 2648
2048 2815 2815 2279 2774 2667
2303 2815 2815 2452 2783 2670
2559 2815 2815 2631 2792 2673
2815 2815 2815 2817 2803 2677
3071 2815 2815 3009 2815 2682
3327 2815 2815 3197 2831 2689
3583 2815 2815 3358 2862 2710
3839 2815 2815 3544 2885 2724
4095 2815 2815 3746 2904 2733
0 3071 2815 1811 2963 2669
256 3071 2815 1828 2963 2669
512 3071 2815 1862 2963 2670
768 3071 2815 1919 2963 2671
1024 3071 2815 2002 2965 2673
1280 3071 2815 2095 2968 2676
1536 3071 2815 2198 2976 2682
1792 3071 2815 2294 2990 2688
2048 3071 2815 2386 3010 2695
2303 3071 2815 2537 3022 2694
2559 3071 2815 2700 3034 2695
2815 3071 2815 2881 3043 2699
3071 3071 2815 3068 3054 2703
3327 3071 2815 3256 3067 2709
3583 3071 2815 3434 3087 2723
3839 3071 2815 3617 3108 2744
4095 3071 2815 3802 3129 2769
0 3327 2815 1953 3205 2714
256 3327 2815 1968 3205 2714
512 3327 2815 1999 3205 2716
768 3327 2815 2051 3205 2718
1024 3327 2815 2129 3206 2722
1280 3327 2815 2217 3208 2727
1536 3327 2815 2317 3214 2732
1792 3327 2815 2412 3227 2733
2048 3327 2815 2504 3244 2730
2303 3327 2815 2628 3261 2721
2559 3327 2815 2772 3275 2717
2815 3327 2815 2948 3284 2721
3071 3327 2815 3131 3294 2726
3327 3327 2815 3317 3305 2730
3583 3327 2815 3510 3317 2735
3839 3327 2815 3690 3335 2763
4095 3327 2815 3862 3357 2807
0 3583 2815 2095 3447 2762
256 3583 2815 2109 3447 2763
512 3583 2815 2137 3447 2765
768 3583 2815 2186 3447 2768
1024 3583 2815 2259 3448 2773
1280 3583 2815 2342 3450 2779
1536 3583 2815 2440 3454 2785
1792 3583 2815 2536 3464 2786
2048 3583 2815 2632 3478 2784
2303 3583 2815 2726 3501 2757
2559 3583 2815 2851 3518 2743
2815 3583 2815 3020 3527 2746
3071 3583 2815 3199 3536 2751
3327 3583 2815 3381 3546 2755
3583 3583 2815 3569 3557 2760
3839 3583 2815 3750 3571 2795
4095 3583 2815 3927 3587 2850
0 3839 2815 2206 3696 2799
256 3839 2815 2218 3697 2800
512 3839 2815 2243 3697 2802
768 3839 2815 2286 3697 2804
1024 3839 2815 2353 3699 2809
1280 3839 2815 2430 3701 2813
1536 3839 2815 2524 3705 2818
1792 3839 2815 2623 3713 2820
2048 3839 2815 2726 3722 2819
2303 3839 2815 2827 3741 2799
2559 3839 2815 2952 3756 2789
2815 3839 2815 3112 3764 2792
3071 3839 2815 3282 3774 2796
3327 3839 2815 3456 3784 2800
3583 3839 2815 3637 3795 2803
3839 3839 2815 3816 3807 2821
4095 3839 2815 3994 3819 2850
0 4095 2815 2297 3950 2830
256 4095 2815 2307 3951 2830
512 4095 2815 2327 3952 2831
768 4095 2815 2363 3953 2832
1024 4095 2815 2422 3956 2833
1280 4095 2815 2491 3959 2835
1536 4095 2815 2581 3964 2837
1792 4095 2815 2685 3969 2839
2048 4095 2815 2799 3975 2842
2303 4095 2815 2931 3982 2845
2559 4095 2815 3070 3990 2848
2815 4095 2815 3218 3999 2852
3071 4095 2815 3376 4009 2855
3327 4095 2815 3539 4020 2857
3583 4095 2815 3710 4032 2856
3839 4095 2815 3885 4043 2844
4095 4095 2815 4062 4052 2823
0 0 3071 612 492 2772
256 0 3071 644 488 2777
512 0 3071 720 492 2777
768 0 3071 863 507 2768
1024 0 3071 1041 536 2759
1280 0 3071 1230 570 2750
1536 0 3071 1429 612 2743
1792 0 3071 1631 658 2739
2048 0 3071 1836 708 2736
2303 0 3071 2043 762 2738
2559 0 3071 2251 818 2740
2815 0 3071 2461 877 2745
3071 0 3071 2673 937 2751
3327 0 3071 2885 998 2759
3583 0 3071 3098 1061 2768
3839 0 3071 3311 1124 2778
4095 0 3071 3525 1188 2788
0 256 3071 604 559 2776
256 256 3071 659 563 2764
512 256 3071 751 575 2744
768 256 3071 899 597 2714
1024 256 3071 1068 624 2705
1280 256 3071 1246 654 2702
1536 256 3071 1437 690 2704
1792 256 3071 1634 732 2707
2048 256 3071 1835 776 2712
2303 256 3071 2040 825 2718
2559 256 3071 2248 877 2725
2815 256 3071 2457 931 2733
3071 256 3071 2668 988 2742
3327 256 3071 2880 1045 2752
3583 256 3071 3093 1105 2763
3839 256 3071 3306 1166 2774
4095 256 3071 3520 1227 2785
0 512 3071 628 675 2773
256 512 3071 693 683 2752
512 512 3071 792 698 2721
768 512 3071 942 721 2675
1024 512 3071 1104 748 2654
1280 512 3071 1273 777 2642
1536 512 3071 1454 809 2651
1792 512 3071 1643 845 2661
2048 512 3071 1837 884 2674
2303 512 3071 2039 929 2687
2559 512 3071 2243 975 2700
2815 512 3071 2451 1024 2714
3071 512 3071 2661 1075 2727
3327 512 3071 2872 1128 2740
3583 512 3071 3084 1184 2754
3839 512 3071 3298 1240 2767
4095 512 3071 3512 1297 2781
0 768 3071 700 865 2763
256 768 3071 757 870 2744
512 768 3071 849 881 2712
768 768 3071 993 899 2659
1024 768 3071 1153 928 2605
1280 768 3071 1317 959 2564
1536 768 3071 1483 988 2575
1792 768 3071 1660 1020 2594
2048 768 3071 1844 1053 2617
2303 768 3071 2039 1091 2640
2559 768 3071 2238 1131 2662
2815 768 3071 2442 1173 2683
3071 768 3071 2650 1219 2703
3327 768 3071 2860 1265 2722
3583 768 3071 3071 1314 2740
3839 768 3071 3285 1364 2757
4095 768 3071 3500 1415 2775
0 1024 3071 796 1081 2752
256 1024 3071 845 1085 2737
512 1024 3071 928 1092 2709
768 1024 3071 1060 1105 2661
1024 1024 3071 1212 1128 2608
1280 1024 3071 1369 1153 2566
1536 1024 3071 1528 1179 2572
1792 1024 3071 1697 1208 2586
2048 1024 3071 1873 1238 2606
2303 1024 3071 2060 1274 2623
2559 1024 3071 2251 1311 2642
2815 1024 3071 2448 1351 2663
3071 1024 3071 2650 1393 2685
3327 1024 3071 2855 1436 2708
3583 1024 3071 3063 1481 2729
3839 1024 3071 3282 1520 2754
4095 1024 3071 3507 1555 2780
0 1280 3071 902 1306 2743
256 1280 3071 944 1308 2731
512 1280 3071 1016 1313 2708
768 1280 3071 1135 1322 2669
1024 1280 3071 1277 1337 2626
1280 1280 3071 1427 1356 2590
1536 1280 3071 1580 1377 2591
1792 1280 3071 1743 1402 2599
2048 1280 3071 1913 1429 2612
2303 1280 3071 2092 1463 2624
2559 1280 3071 2275 1499 2639
2815 1280 3071 2464 1537 2657
3071 1280 3071 2660 1577 2678
3327 1280 3071 2858 1617 2701
3583 1280 3071 3062 1659 2724
3839 1280 3071 3286 1687 2754
4095 1280 3071 3523 1705 2790
0 1536 3071 1021 1540 2740
256 1536 3071 1057 1541 2731
512 1536 3071 1121 1544 2713
768 1536 3071 1227 1550 2682
1024 1536 3071 1359 1561 2648
1280 1536 3071 1500 1575 2621
1536 1536 3071 1647 1592 2625
1792 1536 3071 1804 1612 2635
2048 1536 3071 1969 1635 2648
2303 1536 3071 2147 1661 2665
2559 1536 3071 2329 1690 2679
2815 1536 3071 2514 1723 2691
3071 1536 3071 2701 1762 2704
3327 1536 3071 2890 1802 2719
3583 1536 3071 3086 1844 2738
3839 1536 3071 3308 1868 2768
4095 1536 3071 3548 1880 2806
0 1792 3071 1146 1775 2744
256 1792 3071 1177 1776 2737
512 1792 3071 1233 1778 2723
768 1792 3071 1328 1782 2700
1024 1792 3071 1451 1790 2674
1280 1792 3071 1583 1800 2655
1536 1792 3071 1722 1814 2660
1792 1792 3071 1872 1831 2674
2048 1792 3071 2030 1849 2694
2303 1792 3071 2208 1869 2711
2559 1792 3071 2389 1892 2725
2815 1792 3071 2574 1920 2735
3071 1792 3071 2758 1954 2743
3327 1792 3071 2942 1991 2752
3583 1792 3071 3125 2034 2764
3839 1792 3071 3341 2058 2790
4095 1792 3071 3579 2069 2825
0 2048 3071 1274 2012 2753
256 2048 3071 1301 2012 2747
512 2048 3071 1351 2014 2738
768 2048 3071 1435 2016 2721
1024 2048 3071 1549 2022 2703
1280 2048 3071 1672 2029 2690
1536 2048 3071 1803 2041 2697
1792 2048 3071 1945 2055 2718
2048 2048 3071 2096 2069 2748
2303 2048 3071 2272 2085 2762
2559 2048 3071 2453 2102 2775
2815 2048 3071 2642 2122 2785
3071 2048 3071 2826 2150 2791
3327 2048 3071 3007 2182 2795
3583 2048 3071 3175 2228 2797
3839 2048 3071 3381 2253 2816
4095 2048 3071 3613 2265 2846
0 2303 3071 1408 2250 2773
256 2303 3071 1432 2250 2770
512 2303 3071 1477 2251 2763
768 2303 3071 1553 2252 2752
1024 2303 3071 1659 2257 2739
1280 2303 3071 1773 2263 2731
1536 2303 3071 1897 2273 2736
1792 2303 3071 2029 2286 2756
2048 2303 3071 2166 2301 2786
2303 2303 3071 2338 2315 2797
2559 2303 3071 2515 2330 2808
2815 2303 3071 2701 2346 2819
3071 2303 3071 2892 2366 2831
3327 2303 3071 3077 2390 2839
3583 2303 3071 3235 2436 2835
3839 2303 3071 3431 2462 2848
4095 2303 3071 3655 2476 2872
0 2559 3071 1544 2489 2798
256 2559 3071 1565 2489 2796
512 2559 3071 1606 2490 2792
768 2559 3071 1675 2491 2785
1024 2559 3071 1772 2494 2778
1280 2559 3071 1879 2498 2773
1536 2559 3071 1996 2507 2778
1792 2559 3071 2116 2520 2796
2048 2559 3071 2238 2536 2824
2303 2559 3071 2404 2548 2835
2559 2559 3071 2577 2561 2845
2815 2559 3071 2761 2575 2855
3071 2559 3071 2955 2589 2867
3327 2559 3071 3143 2608 2877
3583 2559 3071 3297 2648 2872
3839 2559 3071 3487 2674 2881
4095 2559 3071 3700 2690 2900
0 2815 3071 1682 2729 2830
256 2815 3071 1701 2729 2828
512 2815 3071 1738 2729 2826
768 2815 3071 1800 2730 2823
1024 2815 3071 1891 2732 2819
1280 2815 3071 1991 2736 2817
1536 2815 3071 2102 2743 2822
1792 2815 3071 2208 2757 2838
2048 2815 3071 2311 2775 2862
2303 2815 3071 2469 2786 2878
2559 2815 3071 2638 2797 2889
2815 2815 3071 2822 2808 2893
3071 2815 3071 3014 2821 2899
3327 2815 3071 3201 2837 2904
3583 2815 3071 3363 2868 2908
3839 2815 3071 3549 2892 2917
4095 2815 3071 3751 2910 2930
0 3071 3071 1822 2970 2867
256 3071 3071 1839 2970 2867
512 3071 3071 1873 2970 2866
768 3071 3071 1930 2970 2865
1024 3071 3071 2014 2972 2864
1280 3071 3071 2108 2974 2865
1536 3071 3071 2215 2981 2869
1792 3071 3071 2316 2994 2879
2048 3071 3071 2415 3010 2894
2303 3071 3071 2552 3025 2905
2559 3071 3071 2707 3038 2914
2815 3071 3071 2887 3047 2917
3071 3071 3071 3074 3058 2921
3327 3071 3071 3261 3072 2926
3583 3071 3071 3440 3092 2931
3839 3071 3071 3622 3113 2944
4095 3071 3071 3807 3135 2964
0 3327 3071 1963 3211 2908
256 3327 3071 1979 3211 2908
512 3327 3071 2009 3211 2908
768 3327 3071 2062 3211 2909
1024 3327 3071 2140 3212 2911
1280 3327 3071 2229 3214 2913
1536 3327 3071 2331 3220 2917
1792 3327 3071 2430 3231 2922
2048 3327 3071 2527 3245 2927
2303 3327 3071 2641 3264 2931
2559 3327 3071 2779 3279 2935
2815 3327 3071 2954 3288 2938
3071 3327 3071 3136 3298 2942
3327 3327 3071 3323 3309 2946
3583 3327 3071 3515 3321 2951
3839 3327 3071 3695 3339 2970
4095 3327 3071 3866 3362 3000
0 3583 3071 2105 3452 2953
256 3583 3071 2119 3452 2953
512 3583 3071 2147 3452 2954
768 3583 3071 2196 3452 2956
1024 3583 3071 2269 3453 2960
1280 3583 3071 2353 3455 2964
1536 3583 3071 2451 3459 2969
1792 3583 3071 2550 3468 2972
2048 3583 3071 2649 3481 2975
2303 3583 3071 2737 3504 2964
2559 3583 3071 2858 3522 2958
2815 3583 3071 3026 3530 2961
3071 3583 3071 3204 3539 2965
3327 3583 3071 3386 3549 2969
3583 3583 3071 3574 3560 2974
3839 3583 3071 3755 3575 2999
4095 3583 3071 3932 3592 3039
0 3839 3071 2217 3701 2992
256 3839 3071 2229 3701 2992
512 3839 3071 2254 3701 2993
768 3839 3071 2297 3702 2995
1024 3839 3071 2363 3703 2998
1280 3839 3071 2440 3705 3002
1536 3839 3071 2534 3709 3006
1792 3839 3071 2634 3716 3009
2048 3839 3071 2739 3726 3011
2303 3839 3071 2837 3744 3002
2559 3839 3071 2960 3759 2997
2815 3839 3071 3119 3767 3000
3071 3839 3071 3288 3777 3004
3327 3839 3071 3461 3787 3008
3583 3839 3071 3642 3798 3011
3839 3839 3071 3821 3811 3025
4095 3839 3071 4000 3824 3046
0 4095 3071 2309 3953 3027
256 4095 3071 2319 3954 3027
512 4095 3071 2340 3955 3028
768 4095 3071 2375 3956 3029
1024 4095 3071 2433 3959 3030
1280 4095 3071 2502 3962 3032
1536 4095 3071 2592 3966 3034
1792 4095 3071 2695 3972 3037
2048 4095 3071 2808 3978 3040
2303 4095 3071 2939 3985 3043
2559 4095 3071 3077 3993 3047
2815 4095 3071 3225 4002 3051
3071 4095 3071 3383 4012 3054
3327 4095 3071 3545 4023 3058
3583 4095 3071 3716 4035 3059
3839 4095 3071 3891 4047 3049
4095 4095 3071 4070 4058 3032
0 0 3327 663 533 3000
256 0 3327 692 529 3006
512 0 3327 762 532 3007
768 0 3327 893 544 3001
1024 0 3327 1065 570 2992
1280 0 3327 1251 601 2982
1536 0 3327 1448 641 2974
1792 0 3327 1648 685 2969
2048 0 3327 1851 732 2965
2303 0 3327 2057 785 2965
2559 0 3327 2265 839 2966
2815 0 3327 2474 896 2969
3071 0 3327 2684 955 2974
3327 0 3327 2895 1015 2980
3583 0 3327 3107 1076 2988
3839 0 3327 3320 1138 2997
4095 0 3327 3533 1201 3006
0 256 3327 650 593 3006
256 256 3327 701 597 2996
512 256 3327 788 607 2979
768 256 3327 929 627 2951
1024 256 3327 1094 653 2941
1280 256 3327 1269 681 2935
1536 256 3327 1458 716 2935
1792 256 3327 1653 755 2936
2048 256 3327 1852 798 2939
2303 256 3327 2056 846 2943
2559 256 3327 2262 896 2949
2815 256 3327 2470 949 2955
3071 256 3327 2680 1004 2963
3327 256 3327 2891 1061 2972
3583 256 3327 3103 1120 2981
3839 256 3327 3315 1179 2992
4095 256 3327 3529 1240 3002
0 512 3327 670 702 3006
256 512 3327 731 710 2987
512 512 3327 826 724 2958
768 512 3327 971 746 2914
1024 512 3327 1132 772 2890
1280 512 3327 1299 800 2875
1536 512 3327 1478 831 2880
1792 512 3327 1665 866 2888
2048 512 3327 1857 904 2898
2303 512 3327 2057 947 2909
2559 512 3327 2259 992 2921
2815 512 3327 2465 1040 2933
3071 512 3327 2674 1091 2945
3327 512 3327 2884 1143 2957
3583 512 3327 3095 1197 2970
3839 512 3327 3308 1253 2983
4095 512 3327 3521 1310 2996
0 768 3327 737 885 2996
256 768 3327 791 890 2978
512 768 3327 880 901 2947
768 768 3327 1022 919 2896
1024 768 3327 1181 947 2840
1280 768 3327 1346 978 2796
1536 768 3327 1510 1007 2802
1792 768 3327 1685 1038 2816
2048 768 3327 1867 1070 2837
2303 768 3327 2060 1107 2857
2559 768 3327 2257 1146 2877
2815 768 3327 2459 1188 2897
3071 768 3327 2665 1233 2916
3327 768 3327 2873 1278 2934
3583 768 3327 3083 1327 2952
3839 768 3327 3296 1376 2969
4095 768 3327 3509 1427 2986
0 1024 3327 828 1097 2985
256 1024 3327 876 1101 2970
512 1024 3327 956 1108 2942
768 1024 3327 1087 1122 2895
1024 1024 3327 1239 1144 2840
1280 1024 3327 1397 1170 2795
1536 1024 3327 1555 1195 2795
1792 1024 3327 1722 1223 2804
2048 1024 3327 1896 1253 2820
2303 1024 3327 2081 1288 2836
2559 1024 3327 2271 1325 2853
2815 1024 3327 2466 1364 2873
3071 1024 3327 2666 1405 2894
3327 1024 3327 2869 1448 2915
3583 1024 3327 3076 1493 2935
3839 1024 3327 3292 1532 2960
4095 1024 3327 3515 1567 2988
0 1280 3327 930 1319 2975
256 1280 3327 971 1322 2962
512 1280 3327 1042 1326 2939
768 1280 3327 1159 1335 2899
1024 1280 3327 1302 1351 2853
1280 1280 3327 1453 1370 2813
1536 1280 3327 1605 1391 2809
1792 1280 3327 1767 1416 2812
2048 1280 3327 1935 1443 2820
2303 1280 3327 2112 1476 2830
2559 1280 3327 2294 1511 2843
2815 1280 3327 2482 1549 2860
3071 1280 3327 2676 1588 2881
3327 1280 3327 2874 1627 2903
3583 1280 3327 3076 1669 2925
3839 1280 3327 3296 1699 2957
4095 1280 3327 3528 1719 2995
0 1536 3327 1046 1551 2969
256 1536 3327 1081 1552 2959
512 1536 3327 1144 1556 2940
768 1536 3327 1249 1562 2908
1024 1536 3327 1382 1573 2870
1280 1536 3327 1524 1587 2838
1536 1536 3327 1671 1605 2832
1792 1536 3327 1827 1626 2834
2048 1536 3327 1988 1649 2843
2303 1536 3327 2162 1677 2853
2559 1536 3327 2339 1707 2866
2815 1536 3327 2522 1741 2880
3071 1536 3327 2711 1776 2898
3327 1536 3327 2903 1814 2916
3583 1536 3327 3098 1854 2935
3839 1536 3327 3317 1879 2968
4095 1536 3327 3553 1892 3011
0 1792 3327 1167 1785 2969
256 1792 3327 1198 1786 2961
512 1792 3327 1254 1788 2946
768 1792 3327 1348 1792 2921
1024 1792 3327 1472 1801 2891
1280 1792 3327 1605 1811 2865
1536 1792 3327 1745 1826 2860
1792 1792 3327 1895 1843 2862
2048 1792 3327 2051 1863 2871
2303 1792 3327 2219 1887 2882
2559 1792 3327 2393 1913 2894
2815 1792 3327 2572 1942 2909
3071 1792 3327 2758 1973 2926
3327 1792 3327 2946 2006 2943
3583 1792 3327 3134 2045 2957
3839 1792 3327 3350 2068 2987
4095 1792 3327 3584 2079 3029
0 2048 3327 1293 2021 2973
256 2048 3327 1320 2022 2967
512 2048 3327 1369 2023 2956
768 2048 3327 1454 2026 2937
1024 2048 3327 1568 2032 2915
1280 2048 3327 1692 2039 2895
1536 2048 3327 1826 2051 2891
1792 2048 3327 1970 2066 2894
2048 2048 3327 2119 2082 2903
2303 2048 3327 2283 2103 2915
2559 2048 3327 2452 2125 2928
2815 2048 3327 2628 2149 2943
3071 2048 3327 2812 2175 2961
3327 2048 3327 2998 2203 2978
3583 2048 3327 3179 2240 2986
3839 2048 3327 3389 2263 3012
4095 2048 3327 3618 2275 3049
0 2303 3327 1425 2258 2989
256 2303 3327 1449 2259 2984
512 2303 3327 1493 2260 2976
768 2303 3327 1570 2261 2962
1024 2303 3327 1676 2266 2945
1280 2303 3327 1792 2272 2931
1536 2303 3327 1919 2282 2929
1792 2303 3327 2055 2294 2935
2048 2303 3327 2197 2309 2947
2303 2303 3327 2356 2326 2960
2559 2303 3327 2522 2345 2975
2815 2303 3327 2696 2365 2992
3071 2303 3327 2884 2384 3013
3327 2303 3327 3070 2407 3030
3583 2303 3327 3239 2447 3025
3839 2303 3327 3439 2470 3042
4095 2303 3327 3660 2484 3073
0 2559 3327 1559 2497 3008
256 2559 3327 1580 2497 3005
512 2559 3327 1620 2498 3000
768 2559 3327 1689 2499 2990
1024 2559 3327 1787 2502 2979
1280 2559 3327 1896 2506 2970
1536 2559 3327 2017 2515 2970
1792 2559 3327 2143 2526 2979
2048 2559 3327 2274 2540 2995
2303 2559 3327 2427 2555 3012
2559 2559 3327 2589 2571 3029
2815 2559 3327 2764 2586 3043
3071 2559 3327 2953 2601 3062
3327 2559 3327 3139 2620 3076
3583 2559 3327 3301 2658 3064
3839 2559 3327 3493 2682 3075
4095 2559 3327 3705 2698 3100
0 2815 3327 1695 2736 3035
256 2815 3327 1714 2736 3033
512 2815 3327 1751 2737 3029
768 2815 3327 1814 2737 3023
1024 2815 3327 1905 2740 3016
1280 2815 3327 2006 2743 3011
1536 2815 3327 2121 2750 3012
1792 2815 3327 2235 2761 3026
2048 2815 3327 2349 2776 3049
2303 2815 3327 2492 2790 3075
2559 2815 3327 2651 2803 3092
2815 2815 3327 2830 2815 3098
3071 2815 3327 3018 2828 3105
3327 2815 3327 3203 2845 3110
3583 2815 3327 3368 2876 3103
3839 2815 3327 3555 2899 3111
4095 2815 3327 3756 2917 3129
0 3071 3327 1834 2976 3068
256 3071 3327 1851 2976 3067
512 3071 3327 1885 2977 3065
768 3071 3327 1942 2977 3062
1024 3071 3327 2027 2979 3058
1280 3071 3327 2122 2981 3056
1536 3071 3327 2232 2987 3057
1792 3071 3327 2340 2998 3069
2048 3071 3327 2448 3011 3086
2303 3071 3327 2575 3027 3108
2559 3071 3327 2721 3041 3123
2815 3071 3327 2898 3052 3127
3071 3071 3327 3081 3063 3131
3327 3071 3327 3266 3077 3136
3583 3071 3327 3444 3098 3136
3839 3071 3327 3627 3119 3145
4095 3071 3327 3812 3141 3161
0 3327 3327 1974 3217 3104
256 3327 3327 1989 3217 3104
512 3327 3327 2020 3217 3103
768 3327 3327 2073 3217 3102
1024 3327 3327 2152 3218 3102
1280 3327 3327 2241 3220 3102
1536 3327 3327 2345 3225 3104
1792 3327 3327 2450 3235 3111
2048 3327 3327 2554 3247 3121
2303 3327 3327 2662 3266 3135
2559 3327 3327 2795 3281 3145
2815 3327 3327 2965 3291 3149
3071 3327 3327 3145 3302 3154
3327 3327 3327 3328 3313 3159
3583 3327 3327 3519 3325 3166
3839 3327 3327 3699 3344 3178
4095 3327 3327 3871 3367 3194
0 3583 3327 2115 3458 3146
256 3583 3327 2129 3458 3146
512 3583 3327 2157 3458 3146
768 3583 3327 2206 3458 3147
1024 3583 3327 2280 3459 3148
1280 3583 3327 2364 3460 3150
1536 3583 3327 2464 3465 3154
1792 3583 3327 2565 3473 3159
2048 3583 3327 2668 3483 3166
2303 3583 3327 2754 3506 3168
2559 3583 3327 2871 3524 3171
2815 3583 3327 3035 3533 3175
3071 3583 3327 3211 3543 3179
3327 3583 3327 3391 3553 3184
3583 3583 3327 3579 3564 3188
3839 3583 3327 3760 3579 3206
4095 3583 3327 3937 3597 3231
0 3839 3327 2228 3705 3186
256 3839 3327 2240 3705 3187
512 3839 3327 2265 3706 3187
768 3839 3327 2308 3706 3188
1024 3839 3327 2374 3708 3190
1280 3839 3327 2451 3710 3192
1536 3839 3327 2546 3714 3196
1792 3839 3327 2647 3720 3200
2048 3839 3327 2753 3729 3204
2303 3839 3327 2850 3747 3205
2559 3839 3327 2971 3761 3206
2815 3839 3327 3127 3771 3210
3071 3839 3327 3295 3780 3214
3327 3839 3327 3467 3790 3218
3583 3839 3327 3647 3802 3222
3839 3839 3327 3827 3815 3232
4095 3839 3327 4006 3830 3245
0 4095 3327 2322 3957 3226
256 4095 3327 2333 3957 3226
512 4095 3327 2353 3958 3227
768 4095 3327 2389 3960 3227
1024 4095 3327 2446 3962 3229
1280 4095 3327 2514 3965 3231
1536 4095 3327 2603 3970 3233
1792 4095 3327 2706 3975 3236
2048 4095 3327 2818 3981 3239
2303 4095 3327 2949 3988 3243
2559 4095 3327 3086 3996 3247
2815 4095 3327 3233 4005 3251
3071 4095 3327 3390 4015 3256
3327 4095 3327 3552 4026 3260
3583 4095 3327 3722 4038 3263
3839 4095 3327 3897 4051 3257
4095 4095 3327 4077 4064 3244
0 0 3583 713 573 3228
256 0 3583 740 570 3234
512 0 3583 805 572 3236
768 0 3583 925 581 3233
1024 0 3583 1092 604 3225
1280 0 3583 1273 634 3215
1536 0 3583 1468 671 3207
1792 0 3583 1666 713 3200
2048 0 3583 1868 758 3195
2303 0 3583 2073 809 3193
2559 0 3583 2279 861 3193
2815 0 3583 2487 916 3195
3071 0 3583 2697 974 3198
3327 0 3583 2907 1032 3203
3583 0 3583 3118 1093 3210
3839 0 3583 3330 1154 3217
4095 0 3583 3543 1216 3226
0 256 3583 697 628 3237
256 256 3583 744 632 3228
512 256 3583 826 641 3212
768 256 3583 960 658 3189
1024 256 3583 1122 683 3177
1280 256 3583 1294 710 3169
1536 256 3583 1480 743 3167
1792 256 3583 1673 781 3167
2048 256 3583 1870 822 3168
2303 256 3583 2073 868 3171
2559 256 3583 2277 917 3174
2815 256 3583 2484 968 3180
3071 256 3583 2693 1023 3186
3327 256 3583 2903 1078 3194
3583 256 3583 3114 1136 3202
3839 256 3583 3326 1194 3211
4095 256 3583 3538 1254 3221
0 512 3583 712 731 3239
256 512 3583 770 738 3221
512 512 3583 861 751 3194
768 512 3583 1001 772 3154
1024 512 3583 1159 797 3131
1280 512 3583 1324 823 3116
1536 512 3583 1501 853 3119
1792 512 3583 1687 887 3124
2048 512 3583 1878 924 3129
2303 512 3583 2076 966 3136
2559 512 3583 2277 1011 3145
2815 512 3583 2481 1058 3154
3071 512 3583 2688 1108 3165
3327 512 3583 2897 1159 3177
3583 512 3583 3107 1213 3188
3839 512 3583 3319 1268 3200
4095 512 3583 3531 1323 3212
0 768 3583 775 907 3229
256 768 3583 826 912 3213
512 768 3583 913 922 3183
768 768 3583 1051 940 3133
1024 768 3583 1207 965 3089
1280 768 3583 1369 992 3055
1536 768 3583 1535 1019 3058
1792 768 3583 1710 1050 3065
2048 768 3583 1891 1083 3074
2303 768 3583 2082 1122 3085
2559 768 3583 2277 1162 3098
2815 768 3583 2477 1204 3114
3071 768 3583 2681 1248 3131
3327 768 3583 2887 1293 3149
3583 768 3583 3097 1341 3166
3839 768 3583 3307 1390 3182
4095 768 3583 3519 1440 3199
0 1024 3583 862 1115 3218
256 1024 3583 908 1118 3203
512 1024 3583 987 1126 3176
768 1024 3583 1115 1139 3130
1024 1024 3583 1263 1160 3086
1280 1024 3583 1418 1182 3051
1536 1024 3583 1577 1205 3054
1792 1024 3583 1746 1231 3059
2048 1024 3583 1922 1260 3067
2303 1024 3583 2107 1295 3076
2559 1024 3583 2297 1332 3087
2815 1024 3583 2490 1371 3100
3071 1024 3583 2689 1413 3116
3327 1024 3583 2889 1457 3131
3583 1024 3583 3092 1503 3147
3839 1024 3583 3305 1545 3170
4095 1024 3583 3523 1582 3197
0 1280 3583 960 1333 3207
256 1280 3583 999 1336 3195
512 1280 3583 1070 1341 3172
768 1280 3583 1185 1350 3132
1024 1280 3583 1325 1365 3094
1280 1280 3583 1472 1382 3064
1536 1280 3583 1625 1400 3065
1792 1280 3583 1789 1423 3068
2048 1280 3583 1959 1448 3074
2303 1280 3583 2140 1479 3081
2559 1280 3583 2324 1512 3089
2815 1280 3583 2513 1548 3098
3071 1280 3583 2705 1588 3110
3327 1280 3583 2899 1630 3122
3583 1280 3583 3096 1677 3135
3839 1280 3583 3309 1710 3163
4095 1280 3583 3534 1735 3201
0 1536 3583 1072 1563 3199
256 1536 3583 1107 1565 3189
512 1536 3583 1169 1568 3170
768 1536 3583 1273 1575 3137
1024 1536 3583 1403 1586 3105
1280 1536 3583 1541 1599 3080
1536 1536 3583 1688 1615 3081
1792 1536 3583 1845 1634 3084
2048 1536 3583 2010 1655 3090
2303 1536 3583 2186 1681 3097
2559 1536 3583 2366 1710 3104
2815 1536 3583 2550 1742 3113
3071 1536 3583 2739 1777 3124
3327 1536 3583 2929 1815 3135
3583 1536 3583 3122 1857 3148
3839 1536 3583 3334 1886 3176
4095 1536 3583 3560 1906 3215
0 1792 3583 1191 1796 3197
256 1792 3583 1221 1797 3188
512 1792 3583 1277 1799 3173
768 1792 3583 1370 1804 3146
1024 1792 3583 1491 1812 3120
1280 1792 3583 1620 1822 3099
1536 1792 3583 1760 1836 3100
1792 1792 3583 1911 1852 3103
2048 1792 3583 2069 1870 3109
2303 1792 3583 2240 1893 3116
2559 1792 3583 2415 1918 3124
2815 1792 3583 2596 1945 3133
3071 1792 3583 2781 1977 3144
3327 1792 3583 2968 2010 3155
3583 1792 3583 3157 2048 3166
3839 1792 3583 3366 2074 3194
4095 1792 3583 3590 2091 3232
0 2048 3583 1314 2031 3197
256 2048 3583 1340 2032 3191
512 2048 3583 1390 2033 3179
768 2048 3583 1474 2036 3158
1024 2048 3583 1585 2042 3137
1280 2048 3583 1706 2050 3120
1536 2048 3583 1839 2061 3121
1792 2048 3583 1983 2075 3125
2048 2048 3583 2134 2091 3131
2303 2048 3583 2300 2110 3138
2559 2048 3583 2470 2132 3146
2815 2048 3583 2647 2156 3155
3071 2048 3583 2829 2183 3167
3327 2048 3583 3012 2212 3178
3583 2048 3583 3197 2247 3188
3839 2048 3583 3403 2270 3214
4095 2048 3583 3624 2286 3252
0 2303 3583 1443 2267 3208
256 2303 3583 1467 2268 3203
512 2303 3583 1512 2269 3194
768 2303 3583 1588 2271 3178
1024 2303 3583 1692 2276 3161
1280 2303 3583 1806 2282 3147
1536 2303 3583 1931 2292 3149
1792 2303 3583 2068 2304 3153
2048 2303 3583 2212 2318 3160
2303 2303 3583 2372 2335 3167
2559 2303 3583 2538 2354 3176
2815 2303 3583 2710 2375 3186
3071 2303 3583 2889 2398 3199
3327 2303 3583 3070 2424 3210
3583 2303 3583 3248 2457 3217
3839 2303 3583 3449 2479 3240
4095 2303 3583 3666 2494 3275
0 2559 3583 1575 2505 3223
256 2559 3583 1596 2506 3220
512 2559 3583 1637 2506 3213
768 2559 3583 1706 2508 3201
1024 2559 3583 1803 2511 3188
1280 2559 3583 1911 2516 3177
1536 2559 3583 2029 2524 3178
1792 2559 3583 2158 2535 3184
2048 2559 3583 2294 2548 3192
2303 2559 3583 2448 2563 3201
2559 2559 3583 2608 2579 3210
2815 2559 3583 2776 2598 3220
3071 2559 3583 2953 2618 3232
3327 2559 3583 3131 2640 3243
3583 2559 3583 3305 2670 3248
3839 2559 3583 3501 2691 3269
4095 2559 3583 3711 2706 3301
0 2815 3583 1710 2744 3245
256 2815 3583 1729 2744 3242
512 2815 3583 1766 2745 3238
768 2815 3583 1828 2746 3230
1024 2815 3583 1920 2748 3220
1280 2815 3583 2021 2752 3211
1536 2815 3583 2134 2759 3212
1792 2815 3583 2255 2769 3218
2048 2815 3583 2382 2780 3228
2303 2815 3583 2528 2794 3240
2559 2815 3583 2682 2809 3250
2815 2815 3583 2848 2825 3258
3071 2815 3583 3021 2843 3267
3327 2815 3583 3195 2863 3276
3583 2815 3583 3368 2889 3284
3839 2815 3583 3558 2909 3303
4095 2815 3583 3761 2924 3329
0 3071 3583 1847 2984 3274
256 3071 3583 1865 2984 3272
512 3071 3583 1898 2984 3269
768 3071 3583 1955 2985 3264
1024 3071 3583 2041 2986 3257
1280 3071 3583 2137 2989 3252
1536 3071 3583 2246 2995 3251
1792 3071 3583 2362 3004 3257
2048 3071 3583 2482 3015 3265
2303 3071 3583 2618 3028 3277
2559 3071 3583 2764 3042 3287
2815 3071 3583 2925 3056 3295
3071 3071 3583 3093 3072 3306
3327 3071 3583 3266 3090 3317
3583 3071 3583 3445 3109 3330
3839 3071 3583 3629 3128 3344
4095 3071 3583 3818 3148 3360
0 3327 3583 1986 3224 3306
256 3327 3583 2001 3224 3305
512 3327 3583 2032 3224 3303
768 3327 3583 2085 3224 3301
1024 3327 3583 2164 3225 3297
1280 3327 3583 2254 3228 3294
1536 3327 3583 2361 3232 3294
1792 3327 3583 2472 3240 3298
2048 3327 3583 2585 3250 3305
2303 3327 3583 2708 3264 3316
2559 3327 3583 2844 3278 3326
2815 3327 3583 2998 3291 3335
3071 3327 3583 3164 3305 3346
3327 3327 3583 3336 3319 3358
3583 3327 3583 3521 3332 3374
3839 3327 3583 3701 3351 3385
4095 3327 3583 3877 3373 3392
0 3583 3583 2126 3465 3344
256 3583 3583 2140 3464 3344
512 3583 3583 2168 3465 3343
768 3583 3583 2217 3465 3342
1024 3583 3583 2291 3466 3341
1280 3583 3583 2376 3467 3340
1536 3583 3583 2478 3471 3342
1792 3583 3583 2583 3478 3346
2048 3583 3583 2691 3487 3352
2303 3583 3583 2789 3505 3364
2559 3583 3583 2907 3522 3374
2815 3583 3583 3052 3535 3384
3071 3583 3583 3221 3547 3390
3327 3583 3583 3398 3557 3396
3583 3583 3583 3584 3569 3404
3839 3583 3583 3765 3584 3414
4095 3583 3583 3942 3602 3427
0 3839 3583 2240 3711 3384
256 3839 3583 2253 3711 3384
512 3839 3583 2278 3711 3385
768 3839 3583 2320 3712 3385
1024 3839 3583 2387 3713 3385
1280 3839 3583 2464 3715 3386
1536 3839 3583 2559 3719 3388
1792 3839 3583 2662 3725 3392
2048 3839 3583 2770 3733 3397
2303 3839 3583 2874 3748 3406
2559 3839 3583 2994 3762 3414
2815 3839 3583 3137 3774 3422
3071 3839 3583 3302 3784 3427
3327 3839 3583 3474 3794 3431
3583 3839 3583 3654 3805 3435
3839 3839 3583 3833 3819 3441
4095 3839 3583 4011 3834 3448
0 4095 3583 2338 3960 3427
256 4095 3583 2348 3961 3427
512 4095 3583 2369 3962 3428
768 4095 3583 2404 3963 3428
1024 4095 3583 2461 3966 3430
1280 4095 3583 2529 3969 3432
1536 4095 3583 2617 3973 3434
1792 4095 3583 2719 3978 3437
2048 4095 3583 2830 3984 3441
2303 4095 3583 2960 3992 3445
2559 4095 3583 3097 4000 3449
2815 4095 3583 3243 4009 3454
3071 4095 3583 3399 4019 3459
3327 4095 3583 3560 4030 3464
3583 4095 3583 3729 4042 3469
3839 4095 3583 3904 4055 3466
4095 4095 3583 4083 4068 3459
0 0 3839 763 613 3455
256 0 3839 788 611 3462
512 0 3839 848 612 3466
768 0 3839 958 618 3466
1024 0 3839 1119 640 3458
1280 0 3839 1297 667 3449
1536 0 3839 1488 702 3441
1792 0 3839 1685 741 3434
2048 0 3839 1885 784 3428
2303 0 3839 2089 832 3426
2559 0 3839 2295 881 3426
2815 0 3839 2503 934 3427
3071 0 3839 2712 989 3430
3327 0 3839 2922 1045 3434
3583 0 3839 3133 1103 3440
3839 0 3839 3345 1163 3446
4095 0 3839 3558 1223 3453
0 256 3839 743 663 3468
256 256 3839 788 667 3459
512 256 3839 865 675 3447
768 256 3839 990 690 3428
1024 256 3839 1147 712 3418
1280 256 3839 1316 737 3411
1536 256 3839 1501 768 3409
1792 256 3839 1693 803 3408
2048 256 3839 1889 842 3407
2303 256 3839 2091 886 3409
2559 256 3839 2295 932 3412
2815 256 3839 2502 981 3416
3071 256 3839 2711 1033 3421
3327 256 3839 2920 1087 3427
3583 256 3839 3132 1142 3434
3839 256 3839 3343 1199 3442
4095 256 3839 3556 1258 3450
0 512 3839 755 760 3471
256 512 3839 809 767 3455
512 512 3839 895 779 3432
768 512 3839 1027 798 3399
1024 512 3839 1181 819 3384
1280 512 3839 1343 842 3375
1536 512 3839 1520 870 3377
1792 512 3839 1706 901 3379
2048 512 3839 1898 936 3382
2303 512 3839 2096 976 3387
2559 512 3839 2298 1018 3392
2815 512 3839 2502 1063 3399
3071 512 3839 2710 1112 3408
3327 512 3839 2919 1161 3416
3583 512 3839 3129 1213 3425
3839 512 3839 3341 1267 3435
4095 512 3839 3553 1321 3444
0 768 3839 814 930 3462
256 768 3839 862 934 3447
512 768 3839 943 944 3424
768 768 3839 1073 959 3386
1024 768 3839 1222 979 3359
1280 768 3839 1380 1001 3341
1536 768 3839 1549 1025 3343
1792 768 3839 1728 1052 3347
2048 768 3839 1914 1083 3350
2303 768 3839 2107 1120 3356
2559 768 3839 2304 1158 3364
2815 768 3839 2505 1198 3374
3071 768 3839 2710 1240 3386
3327 768 3839 2917 1284 3399
3583 768 3839 3126 1331 3411
3839 768 3839 3337 1379 3424
4095 768 3839 3548 1429 3436
0 1024 3839 897 1133 3451
256 1024 3839 940 1137 3439
512 1024 3839 1013 1143 3418
768 1024 3839 1132 1155 3384
1024 1024 3839 1274 1171 3359
1280 1024 3839 1425 1189 3340
1536 1024 3839 1589 1209 3343
1792 1024 3839 1762 1233 3346
2048 1024 3839 1943 1259 3350
2303 1024 3839 2132 1290 3355
2559 1024 3839 2325 1324 3362
2815 1024 3839 2523 1361 3370
3071 1024 3839 2723 1400 3380
3327 1024 3839 2926 1441 3390
3583 1024 3839 3130 1486 3401
3839 1024 3839 3341 1528 3417
4095 1024 3839 3555 1568 3436
0 1280 3839 990 1348 3441
256 1280 3839 1027 1351 3430
512 1280 3839 1092 1355 3414
768 1280 3839 1199 1363 3387
1024 1280 3839 1332 1375 3365
1280 1280 3839 1476 1389 3349
1536 1280 3839 1634 1405 3351
1792 1280 3839 1802 1425 3355
2048 1280 3839 1978 1447 3358
2303 1280 3839 2164 1474 3363
2559 1280 3839 2354 1503 3368
2815 1280 3839 2547 1536 3374
3071 1280 3839 2743 1572 3380
3327 1280 3839 2941 1611 3388
3583 1280 3839 3140 1654 3396
3839 1280 3839 3350 1690 3414
4095 1280 3839 3568 1721 3439
0 1536 3839 1096 1576 3434
256 1536 3839 1128 1577 3427
512 1536 3839 1186 1581 3413
768 1536 3839 1282 1586 3392
1024 1536 3839 1406 1596 3374
1280 1536 3839 1542 1607 3360
1536 1536 3839 1692 1621 3363
1792 1536 3839 1855 1637 3366
2048 1536 3839 2025 1656 3370
2303 1536 3839 2207 1679 3374
2559 1536 3839 2392 1704 3380
2815 1536 3839 2582 1733 3385
3071 1536 3839 2775 1765 3392
3327 1536 3839 2970 1799 3399
3583 1536 3839 3167 1837 3407
3839 1536 3839 3375 1868 3426
4095 1536 3839 3591 1895 3452
0 1792 3839 1208 1807 3433
256 1792 3839 1236 1808 3428
512 1792 3839 1287 1811 3417
768 1792 3839 1373 1815 3400
1024 1792 3839 1489 1822 3385
1280 1792 3839 1617 1831 3374
1536 1792 3839 1760 1843 3377
1792 1792 3839 1916 1857 3380
2048 1792 3839 2080 1873 3384
2303 1792 3839 2257 1893 3388
2559 1792 3839 2438 1915 3393
2815 1792 3839 2623 1940 3399
3071 1792 3839 2813 1968 3406
3327 1792 3839 3005 1998 3413
3583 1792 3839 3199 2032 3421
3839 1792 3839 3406 2059 3440
4095 1792 3839 3620 2083 3466
0 2048 3839 1324 2041 3436
256 2048 3839 1348 2042 3432
512 2048 3839 1394 2044 3424
768 2048 3839 1472 2047 3411
1024 2048 3839 1579 2052 3398
1280 2048 3839 1698 2060 3389
1536 2048 3839 1834 2070 3392
1792 2048 3839 1983 2082 3395
2048 2048 3839 2141 2096 3399
2303 2048 3839 2312 2113 3404
2559 2048 3839 2488 2132 3409
2815 2048 3839 2669 2154 3415
3071 2048 3839 2856 2178 3421
3327 2048 3839 3044 2205 3429
3583 2048 3839 3236 2235 3437
3839 2048 3839 3440 2259 3456
4095 2048 3839 3652 2280 3482
0 2303 3839 1446 2277 3447
256 2303 3839 1468 2278 3444
512 2303 3839 1509 2279 3438
768 2303 3839 1580 2282 3427
1024 2303 3839 1681 2286 3417
1280 2303 3839 1793 2292 3409
1536 2303 3839 1922 2301 3412
1792 2303 3839 2064 2312 3415
2048 2303 3839 2215 2324 3419
2303 2303 3839 2380 2340 3423
2559 2303 3839 2550 2357 3429
2815 2303 3839 2727 2376 3435
3071 2303 3839 2909 2398 3442
3327 2303 3839 3093 2422 3449
3583 2303 3839 3281 2449 3458
3839 2303 3839 3482 2471 3477
4095 2303 3839 3692 2490 3502
0 2559 3839 1571 2516 3461
256 2559 3839 1590 2516 3459
512 2559 3839 1628 2517 3454
768 2559 3839 1693 2519 3447
1024 2559 3839 1787 2522 3438
1280 2559 3839 1893 2527 3431
1536 2559 3839 2015 2535 3433
1792 2559 3839 2150 2545 3437
2048 2559 3839 2293 2555 3440
2303 2559 3839 2453 2569 3445
2559 2559 3839 2617 2584 3451
2815 2559 3839 2789 2602 3457
3071 2559 3839 2966 2621 3464
3327 2559 3839 3147 2643 3473
3583 2559 3839 3331 2667 3482
3839 2559 3839 3529 2687 3500
4095 2559 3839 3734 2704 3523
0 2815 3839 1699 2755 3480
256 2815 3839 1717 2755 3478
512 2815 3839 1751 2756 3475
768 2815 3839 1810 2757 3470
1024 2815 3839 1899 2760 3463
1280 2815 3839 1998 2764 3458
1536 2815 3839 2115 2771 3459
1792 2815 3839 2243 2779 3461
2048 2815 3839 2380 2789 3465
2303 2815 3839 2533 2801 3471
2559 2815 3839 2692 2815 3476
2815 2815 3839 2857 2830 3483
3071 2815 3839 3030 2848 3491
3327 2815 3839 3207 2867 3500
3583 2815 3839 3388 2888 3510
3839 2815 3839 3581 2907 3526
4095 2815 3839 3782 2924 3547
0 3071 3839 1830 2995 3504
256 3071 3839 1846 2995 3503
512 3071 3839 1878 2996 3501
768 3071 3839 1932 2997 3498
1024 3071 3839 2015 2999 3493
1280 3071 3839 2109 3002 3490
1536 3071 3839 2221 3008 3489
1792 3071 3839 2344 3016 3492
2048 3071 3839 2474 3024 3496
2303 3071 3839 2620 3036 3502
2559 3071 3839 2773 3048 3509
2815 3071 3839 2933 3062 3516
3071 3071 3839 3102 3078 3526
3327 3071 3839 3275 3095 3536
3583 3071 3839 3457 3112 3549
3839 3071 3839 3645 3130 3562
4095 3071 3839 3836 3149 3574
0 3327 3839 1962 3236 3532
256 3327 3839 1977 3236 3531
512 3327 3839 2006 3236 3530
768 3327 3839 2056 3237 3528
1024 3327 3839 2133 3239 3525
1280 3327 3839 2222 3242 3523
1536 3327 3839 2330 3246 3523
1792 3327 3839 2447 3253 3526
2048 3327 3839 2570 3261 3530
2303 3327 3839 2708 3272 3537
2559 3327 3839 2853 3283 3545
2815 3327 3839 3007 3296 3553
3071 3327 3839 3172 3310 3563
3327 3327 3839 3344 3324 3574
3583 3327 3839 3527 3338 3589
3839 3327 3839 3710 3355 3597
4095 3327 3839 3892 3375 3601
0 3583 3839 2097 3477 3563
256 3583 3839 2110 3477 3563
512 3583 3839 2137 3478 3562
768 3583 3839 2184 3478 3562
1024 3583 3839 2256 3480 3561
1280 3583 3839 2339 3482 3560
1536 3583 3839 2442 3486 3561
1792 3583 3839 2553 3492 3565
2048 3583 3839 2669 3500 3569
2303 3583 3839 2788 3513 3580
2559 3583 3839 2919 3526 3590
2815 3583 3839 3065 3539 3598
3071 3583 3839 3233 3550 3604
3327 3583 3839 3408 3562 3610
3583 3583 3839 3591 3573 3618
3839 3583 3839 3773 3589 3625
4095 3583 3839 3954 3606 3632
0 3839 3839 2216 3722 3598
256 3839 3839 2228 3722 3598
512 3839 3839 2252 3723 3598
768 3839 3839 2294 3724 3598
1024 3839 3839 2359 3726 3599
1280 3839 3839 2436 3728 3600
1536 3839 3839 2532 3732 3601
1792 3839 3839 2639 3737 3604
2048 3839 3839 2752 3744 3609
2303 3839 3839 2872 3755 3617
2559 3839 3839 3002 3767 3626
2815 3839 3839 3147 3778 3633
3071 3839 3839 3311 3788 3637
3327 3839 3839 3482 3798 3642
3583 3839 3839 3660 3810 3646
3839 3839 3839 3840 3823 3651
4095 3839 3839 4020 3838 3656
0 4095 3839 2325 3969 3635
256 4095 3839 2335 3970 3636
512 4095 3839 2356 3971 3636
768 4095 3839 2392 3972 3637
1024 4095 3839 2450 3975 3638
1280 4095 3839 2519 3978 3640
1536 4095 3839 2609 3982 3642
1792 4095 3839 2713 3987 3645
2048 4095 3839 2826 3992 3648
2303 4095 3839 2957 3999 3652
2559 4095 3839 3096 4007 3656
2815 4095 3839 3243 4015 3660
3071 4095 3839 3401 4025 3665
3327 4095 3839 3564 4035 3670
3583 4095 3839 3734 4047 3675
3839 4095 3839 3909 4059 3677
4095 4095 3839 4089 4073 3675
0 0 4095 813 654 3682
256 0 4095 837 651 3689
512 0 4095 891 651 3694
768 0 4095 992 655 3698
1024 0 4095 1148 675 3691
1280 0 4095 1321 701 3682
1536 0 4095 1509 732 3676
1792 0 4095 1704 769 3670
2048 0 4095 1903 809 3664
2303 0 4095 2106 853 3663
2559 0 4095 2312 900 3663
2815 0 4095 2519 949 3664
3071 0 4095 2729 1001 3667
3327 0 4095 2940 1053 3671
3583 0 4095 3152 1109 3675
3839 0 4095 3364 1166 3680
4095 0 4095 3577 1225 3686
0 256 4095 790 698 3698
256 256 4095 832 702 3691
512 256 4095 903 709 3681
768 256 4095 1020 721 3668
1024 256 4095 1172 740 3662
1280 256 4095 1337 762 3659
1536 256 4095 1520 791 3657
1792 256 4095 1712 823 3656
2048 256 4095 1908 860 3654
2303 256 4095 2110 900 3656
2559 256 4095 2315 943 3658
2815 256 4095 2522 989 3661
3071 256 4095 2731 1039 3665
3327 256 4095 2942 1089 3669
3583 256 4095 3153 1143 3674
3839 256 4095 3366 1198 3680
4095 256 4095 3578 1254 3686
0 512 4095 798 790 3704
256 512 4095 849 797 3689
512 512 4095 928 807 3672
768 512 4095 1052 823 3649
1024 512 4095 1199 840 3645
1280 512 4095 1357 858 3645
1536 512 4095 1536 883 3646
1792 512 4095 1724 911 3648
2048 512 4095 1917 943 3649
2303 512 4095 2118 980 3653
2559 512 4095 2322 1018 3656
2815 512 4095 2528 1061 3660
3071 512 4095 2737 1106 3664
3327 512 4095 2947 1153 3669
3583 512 4095 3158 1204 3674
3839 512 4095 3370 1256 3680
4095 512 4095 3582 1309 3687
0 768 4095 853 953 3695
256 768 4095 898 958 3683
512 768 4095 972 965 3668
768 768 4095 1088 977 3648
1024 768 4095 1230 990 3645
1280 768 4095 1383 1005 3646
1536 768 4095 1558 1026 3648
1792 768 4095 1743 1049 3650
2048 768 4095 1934 1076 3652
2303 768 4095 2133 1107 3655
2559 768 4095 2335 1141 3659
2815 768 4095 2540 1178 3663
3071 768 4095 2748 1218 3667
3327 768 4095 2957 1260 3672
3583 768 4095 3167 1305 3678
3839 768 4095 3378 1353 3683
4095 768 4095 3590 1401 3690
0 1024 4095 932 1152 3685
256 1024 4095 972 1155 3675
512 1024 4095 1037 1161 3664
768 1024 4095 1142 1169 3651
1024 1024 4095 1276 1180 3649
1280 1024 4095 1423 1192 3651
1536 1024 4095 1593 1209 3653
1792 1024 4095 1774 1229 3655
2048 1024 4095 1961 1251 3657
2303 1024 4095 2157 1278 3661
2559 1024 4095 2357 1306 3664
2815 1024 4095 2560 1338 3668
3071 1024 4095 2766 1373 3673
3327 1024 4095 2973 1410 3677
3583 1024 4095 3182 1450 3683
3839 1024 4095 3393 1492 3689
4095 1024 4095 3603 1536 3695
0 1280 4095 1019 1364 3676
256 1280 4095 1053 1366 3669
512 1280 4095 1111 1369 3662
768 1280 4095 1203 1375 3656
1024 1280 4095 1329 1384 3656
1280 1280 4095 1470 1394 3657
1536 1280 4095 1635 1407 3659
1792 1280 4095 1810 1424 3661
2048 1280 4095 1993 1442 3664
2303 1280 4095 2186 1464 3667
2559 1280 4095 2383 1488 3670
2815 1280 4095 2583 1515 3674
3071 1280 4095 2788 1545 3679
3327 1280 4095 2993 1577 3684
3583 1280 4095 3201 1612 3689
3839 1280 4095 3410 1649 3695
4095 1280 4095 3619 1688 3701
0 1536 4095 1118 1589 3673
256 1536 4095 1147 1590 3669
512 1536 4095 1197 1593 3666
768 1536 4095 1279 1597 3664
1024 1536 4095 1398 1604 3664
1280 1536 4095 1531 1613 3666
1536 1536 4095 1689 1624 3668
1792 1536 4095 1858 1638 3670
2048 1536 4095 2036 1654 3672
2303 1536 4095 2225 1673 3675
2559 1536 4095 2418 1694 3679
2815 1536 4095 2615 1717 3683
3071 1536 4095 2817 1743 3687
3327 1536 4095 3020 1770 3692
3583 1536 4095 3226 1801 3697
3839 1536 4095 3433 1834 3703
4095 1536 4095 3641 1868 3709
0 1792 4095 1222 1819 3676
256 1792 4095 1245 1820 3675
512 1792 4095 1289 1822 3674
768 1792 4095 1364 1825 3674
1024 1792 4095 1475 1831 3675
1280 1792 4095 1600 1839 3676
1536 1792 4095 1751 1848 3678
1792 1792 4095 1915 1860 3680
2048 1792 4095 2086 1873 3683
2303 1792 4095 2271 1890 3686
2559 1792 4095 2459 1908 3689
2815 1792 4095 2653 1928 3693
3071 1792 4095 2851 1951 3698
3327 1792 4095 3052 1975 3702
3583 1792 4095 3255 2002 3708
3839 1792 4095 3460 2030 3713
4095 1792 4095 3667 2061 3719
0 2048 4095 1327 2052 3684
256 2048 4095 1348 2052 3684
512 2048 4095 1387 2054 3684
768 2048 4095 1455 2057 3685
1024 2048 4095 1558 2062 3686
1280 2048 4095 1675 2069 3688
1536 2048 4095 1819 2077 3689
1792 2048 4095 1976 2087 3692
2048 2048 4095 2141 2098 3694
2303 2048 4095 2321 2113 3697
2559 2048 4095 2505 2128 3701
2815 2048 4095 2695 2145 3705
3071 2048 4095 2890 2165 3709
3327 2048 4095 3087 2186 3714
3583 2048 4095 3288 2210 3719
3839 2048 4095 3491 2235 3725
4095 2048 4095 3695 2262 3731
0 2303 4095 1439 2288 3698
256 2303 4095 1457 2289 3699
512 2303 4095 1493 2291 3699
768 2303 4095 1556 2293 3700
1024 2303 4095 1652 2298 3701
1280 2303 4095 1762 2303 3702
1536 2303 4095 1899 2311 3704
1792 2303 4095 2049 2320 3706
2048 2303 4095 2208 2330 3709
2303 2303 4095 2382 2342 3712
2559 2303 4095 2561 2356 3715
2815 2303 4095 2746 2371 3719
3071 2303 4095 2937 2389 3723
3327 2303 4095 3131 2408 3728
3583 2303 4095 3329 2429 3733
3839 2303 4095 3529 2452 3739
4095 2303 4095 3731 2476 3745
0 2559 4095 1553 2527 3714
256 2559 4095 1569 2528 3714
512 2559 4095 1603 2529 3715
768 2559 4095 1660 2531 3715
1024 2559 4095 1750 2535 3717
1280 2559 4095 1853 2540 3718
1536 2559 4095 1982 2547 3720
1792 2559 4095 2126 2555 3722
2048 2559 4095 2278 2563 3724
2303 2559 4095 2447 2575 3727
2559 2559 4095 2620 2587 3731
2815 2559 4095 2801 2601 3735
3071 2559 4095 2989 2616 3739
3327 2559 4095 3179 2633 3744
3583 2559 4095 3374 2652 3749
3839 2559 4095 3571 2672 3755
4095 2559 4095 3770 2694 3760
0 2815 4095 1671 2767 3732
256 2815 4095 1686 2768 3732
512 2815 4095 1717 2769 3732
768 2815 4095 1770 2771 3733
1024 2815 4095 1853 2775 3734
1280 2815 4095 1950 2779 3735
1536 2815 4095 2072 2785 3737
1792 2815 4095 2209 2792 3739
2048 2815 4095 2355 2800 3742
2303 2815 4095 2517 2810 3745
2559 2815 4095 2686 2821 3748
2815 2815 4095 2862 2833 3752
3071 2815 4095 3045 2847 3756
3327 2815 4095 3231 2862 3761
3583 2815 4095 3423 2879 3766
3839 2815 4095 3617 2898 3772
4095 2815 4095 3813 2917 3778
0 3071 4095 1792 3009 3752
256 3071 4095 1806 3009 3752
512 3071 4095 1835 3010 3752
768 3071 4095 1884 3012 3753
1024 3071 4095 1962 3016 3754
1280 3071 4095 2053 3019 3755
1536 3071 4095 2169 3025 3757
1792 3071 4095 2299 3031 3759
2048 3071 4095 2438 3038 3762
2303 3071 4095 2595 3047 3765
2559 3071 4095 2758 3057 3768
2815 3071 4095 2929 3068 3772
3071 3071 4095 3108 3081 3776
3327 3071 4095 3290 3095 3781
3583 3071 4095 3478 3110 3786
3839 3071 4095 3669 3127 3792
4095 3071 4095 3862 3145 3798
0 3327 4095 1915 3251 3773
256 3327 4095 1929 3251 3773
512 3327 4095 1955 3252 3774
768 3327 4095 2001 3254 3774
1024 3327 4095 2073 3257 3775
1280 3327 4095 2159 3261 3777
1536 3327 4095 2268 3265 3778
1792 3327 4095 2392 3271 3781
2048 3327 4095 2525 3278 3783
2303 3327 4095 2676 3286 3786
2559 3327 4095 2834 3295 3789
2815 3327 4095 3000 3305 3793
3071 3327 4095 3174 3316 3797
3327 3327 4095 3352 3329 3802
3583 3327 4095 3536 3343 3807
3839 3327 4095 3724 3358 3813
4095 3327 4095 3913 3375 3818
0 3583 4095 2041 3494 3797
256 3583 4095 2053 3495 3797
512 3583 4095 2077 3495 3797
768 3583 4095 2120 3497 3798
1024 3583 4095 2189 3500 3799
1280 3583 4095 2269 3503 3800
1536 3583 4095 2372 3507 3802
1792 3583 4095 2490 3512 3804
2048 3583 4095 2618 3518 3807
2303 3583 4095 2763 3526 3810
2559 3583 4095 2915 3534 3813
2815 3583 4095 3076 3543 3817
3071 3583 4095 3246 3554 3821
3327 3583 4095 3420 3565 3825
3583 3583 4095 3600 3578 3831
3839 3583 4095 3784 3592 3836
4095 3583 4095 3970 3607 3842
0 3839 4095 2166 3738 3822
256 3839 4095 2178 3738 3823
512 3839 4095 2201 3739 3823
768 3839 4095 2241 3741 3824
1024 3839 4095 2305 3743 3825
1280 3839 4095 2381 3746 3826
1536 3839 4095 2479 3750 3828
1792 3839 4095 2591 3755 3830
2048 3839 4095 2713 3760 3832
2303 3839 4095 2853 3767 3835
2559 3839 4095 3000 3775 3838
2815 3839 4095 3156 3783 3842
3071 3839 4095 3321 3793 3846
3327 3839 4095 3491 3803 3851
3583 3839 4095 3667 3815 3856
3839 3839 4095 3848 3828 3861
4095 3839 4095 4031 3841 3867
0 4095 4095 2292 3982 3849
256 4095 4095 2302 3983 3849
512 4095 4095 2324 3983 3850
768 4095 4095 2361 3985 3850
1024 4095 4095 2422 3987 3851
1280 4095 4095 2493 3990 3853
1536 4095 4095 2586 3993 3854
1792 4095 4095 2693 3998 3856
2048 4095 4095 2809 4003 3859
2303 4095 4095 2945 4009 3862
2559 4095 4095 3086 4016 3865
2815 4095 4095 3237 4024 3869
3071 4095 4095 3398 4033 3873
3327 4095 4095 3564 4042 3877
3583 4095 4095 3737 4053 3882
3839 4095 4095 3914 4065 3888
4095 4095 4095 4095 4077 3893
