0 0 0 0 0 0
256 0 0 245 42 20
512 0 0 490 86 49
768 0 0 737 133 89
1024 0 0 981 167 85
1280 0 0 1224 197 70
1536 0 0 1467 232 51
1792 0 0 1711 269 41
2048 0 0 1955 307 37
2303 0 0 2198 347 43
2559 0 0 2441 391 56
2815 0 0 2683 438 79
3071 0 0 2925 478 78
3327 0 0 3167 518 73
3583 0 0 3408 562 79
3839 0 0 3645 611 92
4095 0 0 3880 662 111
0 256 0 87 253 51
256 256 0 283 269 50
512 256 0 497 287 54
768 256 0 739 309 68
1024 256 0 982 327 65
1280 256 0 1225 346 56
1536 256 0 1469 368 45
1792 256 0 1712 393 30
2048 256 0 1956 419 14
2303 256 0 2199 448 16
2559 256 0 2443 479 21
2815 256 0 2686 512 30
3071 256 0 2930 544 29
3327 256 0 3173 576 27
3583 256 0 3416 610 30
3839 256 0 3654 654 48
4095 256 0 3889 704 77
0 512 0 170 507 97
256 512 0 325 506 83
512 512 0 512 508 73
768 512 0 747 513 71
1024 512 0 987 522 68
1280 512 0 1229 532 64
1536 512 0 1472 545 59
1792 512 0 1715 560 45
2048 512 0 1959 576 26
2303 512 0 2202 596 25
2559 512 0 2446 616 24
2815 512 0 2690 638 22
3071 512 0 2934 662 20
3327 512 0 3178 687 18
3583 512 0 3422 713 15
3839 512 0 3660 751 37
4095 512 0 3893 797 77
0 768 0 247 759 136
256 768 0 373 758 120
512 768 0 539 758 111
768 768 0 764 761 110
1024 768 0 999 766 107
1280 768 0 1238 772 105
1536 768 0 1479 780 102
1792 768 0 1721 790 98
2048 768 0 1964 801 92
2303 768 0 2206 814 88
2559 768 0 2449 828 83
2815 768 0 2693 843 78
3071 768 0 2937 860 71
3327 768 0 3181 878 63
3583 768 0 3424 897 51
3839 768 0 3660 928 79
4095 768 0 3890 967 132
0 1024 0 329 1011 171
256 1024 0 432 1010 157
512 1024 0 578 1009 148
768 1024 0 790 1011 147
1024 1024 0 1019 1015 145
1280 1024 0 1252 1019 144
1536 1024 0 1491 1025 142
1792 1024 0 1731 1032 140
2048 1024 0 1972 1040 137
2303 1024 0 2213 1049 133
2559 1024 0 2456 1060 129
2815 1024 0 2699 1071 125
3071 1024 0 2942 1084 119
3327 1024 0 3185 1098 112
3583 1024 0 3429 1113 104
3839 1024 0 3665 1136 122
4095 1024 0 3897 1164 157
0 1280 0 412 1263 205
256 1280 0 494 1261 193
512 1280 0 623 1261 185
768 1280 0 821 1262 184
1024 1280 0 1041 1265 183
1280 1280 0 1270 1268 182
1536 1280 0 1505 1272 181
1792 1280 0 1743 1277 179
2048 1280 0 1982 1283 177
2303 1280 0 2222 1290 174
2559 1280 0 2464 1298 171
2815 1280 0 2706 1307 168
3071 1280 0 2948 1317 165
3327 1280 0 3191 1327 161
3583 1280 0 3434 1339 157
3839 1280 0 3672 1355 165
4095 1280 0 3906 1373 181
0 1536 0 495 1514 241
256 1536 0 563 1512 229
512 1536 0 676 1512 221
768 1536 0 859 1513 221
1024 1536 0 1071 1515 220
1280 1536 0 1293 1518 219
1536 1536 0 1524 1521 218
1792 1536 0 1759 1526 216
2048 1536 0 1996 1530 215
2303 1536 0 2234 1536 213
2559 1536 0 2474 1543 211
2815 1536 0 2715 1550 208
3071 1536 0 2957 1558 206
3327 1536 0 3198 1567 203
3583 1536 0 3441 1576 199
3839 1536 0 3676 1589 208
4095 1536 0 3907 1604 225
0 1792 0 572 1764 271
256 1792 0 631 1764 263
512 1792 0 734 1763 258
768 1792 0 903 1765 257
1024 1792 0 1106 1766 257
1280 1792 0 1320 1768 256
1536 1792 0 1547 1771 255
1792 1792 0 1778 1775 254
2048 1792 0 2012 1779 253
2303 1792 0 2248 1784 251
2559 1792 0 2487 1789 249
2815 1792 0 2726 1795 247
3071 1792 0 2967 1802 245
3327 1792 0 3208 1809 243
3583 1792 0 3449 1817 240
3839 1792 0 3683 1827 248
4095 1792 0 3912 1839 264
0 2048 0 645 2014 298
256 2048 0 700 2015 296
512 2048 0 794 2015 294
768 2048 0 950 2016 294
1024 2048 0 1143 2017 293
1280 2048 0 1350 2019 293
1536 2048 0 1572 2022 292
1792 2048 0 1799 2025 291
2048 2048 0 2030 2028 290
2303 2048 0 2264 2032 289
2559 2048 0 2501 2037 287
2815 2048 0 2739 2042 286
3071 2048 0 2978 2047 284
3327 2048 0 3218 2054 282
3583 2048 0 3459 2061 280
3839 2048 0 3692 2068 287
4095 2048 0 3920 2075 300
0 2303 0 725 2265 335
256 2303 0 773 2265 332
512 2303 0 860 2266 331
768 2303 0 1003 2267 330
1024 2303 0 1187 2268 330
1280 2303 0 1386 2269 330
1536 2303 0 1602 2272 329
1792 2303 0 1825 2274 328
2048 2303 0 2052 2277 327
2303 2303 0 2284 2281 326
2559 2303 0 2518 2285 325
2815 2303 0 2754 2289 324
3071 2303 0 2992 2294 322
3327 2303 0 3231 2300 320
3583 2303 0 3471 2306 318
3839 2303 0 3702 2311 327
4095 2303 0 3928 2314 342
0 2559 0 806 2516 372
256 2559 0 848 2517 369
512 2559 0 927 2517 368
768 2559 0 1059 2518 367
1024 2559 0 1234 2519 367
1280 2559 0 1424 2521 366
1536 2559 0 1635 2523 366
1792 2559 0 1853 2525 365
2048 2559 0 2076 2527 364
2303 2559 0 2305 2531 363
2559 2559 0 2537 2534 362
2815 2559 0 2771 2538 361
3071 2559 0 3008 2543 360
3327 2559 0 3245 2547 359
3583 2559 0 3484 2553 357
3839 2559 0 3714 2556 365
4095 2559 0 3940 2557 380
0 2815 0 886 2767 409
256 2815 0 924 2768 407
512 2815 0 996 2769 405
768 2815 0 1118 2770 404
1024 2815 0 1284 2771 404
1280 2815 0 1466 2772 403
1536 2815 0 1670 2774 403
1792 2815 0 1884 2776 402
2048 2815 0 2103 2778 402
2303 2815 0 2329 2781 401
2559 2815 0 2558 2784 400
2815 2815 0 2790 2788 399
3071 2815 0 3025 2792 398
3327 2815 0 3261 2796 396
3583 2815 0 3498 2801 395
3839 2815 0 3730 2803 400
4095 2815 0 3958 2803 410
0 3071 0 967 3018 446
256 3071 0 1001 3019 444
512 3071 0 1068 3020 442
768 3071 0 1181 3021 441
1024 3071 0 1338 3022 441
1280 3071 0 1512 3024 440
1536 3071 0 1710 3025 440
1792 3071 0 1918 3027 439
2048 3071 0 2133 3029 439
2303 3071 0 2356 3032 438
2559 3071 0 2582 3034 437
2815 3071 0 2812 3038 436
3071 3071 0 3045 3041 435
3327 3071 0 3279 3045 434
3583 3071 0 3515 3049 433
3839 3071 0 3742 3048 442
4095 3071 0 3964 3042 458
0 3327 0 1047 3269 483
256 3327 0 1079 3270 481
512 3327 0 1140 3272 480
768 3327 0 1244 3273 478
1024 3327 0 1393 3274 477
1280 3327 0 1560 3275 477
1536 3327 0 1752 3276 477
1792 3327 0 1954 3278 476
2048 3327 0 2164 3280 476
2303 3327 0 2384 3282 475
2559 3327 0 2607 3285 474
2815 3327 0 2835 3288 473
3071 3327 0 3065 3291 472
3327 3327 0 3298 3294 471
3583 3327 0 3532 3298 470
3839 3327 0 3754 3292 484
4095 3327 0 3967 3279 509
0 3583 0 1127 3520 520
256 3583 0 1157 3521 518
512 3583 0 1213 3523 517
768 3583 0 1311 3525 515
1024 3583 0 1452 3526 514
1280 3583 0 1611 3527 514
1536 3583 0 1796 3528 513
1792 3583 0 1994 3529 513
2048 3583 0 2199 3531 513
2303 3583 0 2415 3533 512
2559 3583 0 2636 3536 511
2815 3583 0 2860 3538 510
3071 3583 0 3089 3541 510
3327 3583 0 3319 3544 509
3583 3583 0 3552 3548 507
3839 3583 0 3768 3536 525
4095 3583 0 3974 3514 555
0 3839 0 1208 3771 557
256 3839 0 1236 3771 557
512 3839 0 1290 3771 557
768 3839 0 1383 3769 558
1024 3839 0 1517 3769 559
1280 3839 0 1668 3769 560
1536 3839 0 1846 3770 560
1792 3839 0 2037 3771 559
2048 3839 0 2236 3774 558
2303 3839 0 2448 3775 558
2559 3839 0 2663 3777 558
2815 3839 0 2885 3781 555
3071 3839 0 3109 3783 555
3327 3839 0 3336 3785 555
3583 3839 0 3568 3790 552
3839 3839 0 3783 3777 569
4095 3839 0 3986 3752 598
0 4095 0 1288 4022 594
256 4095 0 1316 4020 596
512 4095 0 1368 4016 600
768 4095 0 1459 4010 606
1024 4095 0 1586 4007 610
1280 4095 0 1729 4005 612
1536 4095 0 1899 4005 612
1792 4095 0 2083 4007 611
2048 4095 0 2275 4011 609
2303 4095 0 2481 4009 611
2559 4095 0 2691 4011 610
2815 4095 0 2908 4018 606
3071 4095 0 3128 4018 607
3327 4095 0 3351 4019 607
3583 4095 0 3581 4028 601
3839 4095 0 3797 4016 614
4095 4095 0 4002 3992 639
0 0 256 0 50 255
256 0 256 244 71 262
512 0 256 489 98 273
768 0 256 734 133 288
1024 0 256 978 165 286
1280 0 256 1222 196 280
1536 0 256 1466 232 272
1792 0 256 1710 268 268
2048 0 256 1955 305 267
2303 0 256 2198 343 268
2559 0 256 2442 382 272
2815 0 256 2685 423 280
3071 0 256 2929 461 279
3327 0 256 3172 498 277
3583 0 256 3415 538 278
3839 0 256 3652 591 285
4095 0 256 3885 652 297
0 256 256 82 273 275
256 256 256 280 282 274
512 256 256 492 296 278
768 256 256 725 319 289
1024 256 256 964 342 291
1280 256 256 1205 367 290
1536 256 256 1450 391 285
1792 256 256 1696 416 279
2048 256 256 1942 442 271
2303 256 256 2187 470 270
2559 256 256 2432 498 271
2815 256 256 2677 528 272
3071 256 256 2922 558 271
3327 256 256 3167 589 269
3583 256 256 3411 621 268
3839 256 256 3654 655 272
4095 256 256 3896 690 280
0 512 256 163 508 295
256 512 256 326 507 293
512 512 256 512 512 295
768 512 256 732 525 301
1024 512 256 964 542 305
1280 512 256 1201 559 308
1536 512 256 1445 576 305
1792 512 256 1689 594 299
2048 512 256 1933 613 291
2303 512 256 2177 633 289
2559 512 256 2422 655 287
2815 512 256 2666 678 285
3071 512 256 2911 703 283
3327 512 256 3156 728 281
3583 512 256 3401 754 277
3839 512 256 3651 770 277
4095 512 256 3903 781 279
0 768 256 245 760 315
256 768 256 387 755 323
512 768 256 556 755 329
768 768 256 764 762 331
1024 768 256 988 773 333
1280 768 256 1218 785 335
1536 768 256 1453 799 335
1792 768 256 1691 816 335
2048 768 256 1930 833 333
2303 768 256 2170 852 332
2559 768 256 2411 872 331
2815 768 256 2652 894 329
3071 768 256 2895 917 326
3327 768 256 3138 940 323
3583 768 256 3382 962 316
3839 768 256 3639 963 309
4095 768 256 3904 951 303
0 1024 256 324 1011 332
256 1024 256 448 1006 344
512 1024 256 602 1005 353
768 1024 256 802 1008 357
1024 1024 256 1020 1015 359
1280 1024 256 1243 1024 360
1536 1024 256 1475 1035 360
1792 1024 256 1709 1047 360
2048 1024 256 1944 1061 360
2303 1024 256 2182 1077 360
2559 1024 256 2420 1093 359
2815 1024 256 2660 1111 358
3071 1024 256 2901 1131 356
3327 1024 256 3142 1150 353
3583 1024 256 3384 1170 349
3839 1024 256 3642 1169 336
4095 1024 256 3909 1154 318
0 1280 256 404 1261 351
256 1280 256 510 1258 363
512 1280 256 651 1256 373
768 1280 256 843 1257 382
1024 1280 256 1054 1261 384
1280 1280 256 1272 1266 384
1536 1280 256 1500 1274 384
1792 1280 256 1730 1283 385
2048 1280 256 1963 1293 384
2303 1280 256 2199 1305 384
2559 1280 256 2436 1318 384
2815 1280 256 2674 1332 383
3071 1280 256 2913 1348 382
3327 1280 256 3152 1364 381
3583 1280 256 3393 1382 380
3839 1280 256 3648 1381 362
4095 1280 256 3915 1369 334
0 1536 256 486 1513 374
256 1536 256 577 1510 384
512 1536 256 704 1508 395
768 1536 256 888 1507 408
1024 1536 256 1092 1510 410
1280 1536 256 1303 1514 410
1536 1536 256 1527 1520 410
1792 1536 256 1755 1527 410
2048 1536 256 1985 1535 410
2303 1536 256 2219 1544 410
2559 1536 256 2454 1555 410
2815 1536 256 2691 1566 409
3071 1536 256 2929 1579 409
3327 1536 256 3167 1592 408
3583 1536 256 3406 1607 407
3839 1536 256 3658 1608 389
4095 1536 256 3919 1601 360
0 1792 256 565 1764 395
256 1792 256 644 1761 405
512 1792 256 761 1760 417
768 1792 256 936 1758 433
1024 1792 256 1132 1761 436
1280 1792 256 1337 1764 436
1536 1792 256 1556 1768 436
1792 1792 256 1781 1773 436
2048 1792 256 2009 1779 435
2303 1792 256 2240 1787 435
2559 1792 256 2474 1795 435
2815 1792 256 2709 1804 435
3071 1792 256 2946 1815 434
3327 1792 256 3183 1826 434
3583 1792 256 3422 1838 433
3839 1792 256 3670 1841 415
4095 1792 256 3925 1837 386
0 2048 256 643 2015 417
256 2048 256 713 2013 428
512 2048 256 821 2012 441
768 2048 256 986 2010 458
1024 2048 256 1174 2012 461
1280 2048 256 1372 2014 461
1536 2048 256 1587 2017 461
1792 2048 256 1808 2021 460
2048 2048 256 2033 2026 460
2303 2048 256 2263 2032 460
2559 2048 256 2495 2039 460
2815 2048 256 2729 2046 459
3071 2048 256 2965 2054 459
3327 2048 256 3201 2063 458
3583 2048 256 3439 2073 458
3839 2048 256 3683 2077 440
4095 2048 256 3933 2076 412
0 2303 256 723 2265 444
256 2303 256 786 2264 454
512 2303 256 885 2263 467
768 2303 256 1039 2261 483
1024 2303 256 1219 2262 486
1280 2303 256 1410 2264 486
1536 2303 256 1620 2267 486
1792 2303 256 1837 2270 485
2048 2303 256 2059 2274 485
2303 2303 256 2287 2279 485
2559 2303 256 2517 2285 484
2815 2303 256 2750 2291 484
3071 2303 256 2984 2298 483
3327 2303 256 3220 2305 482
3583 2303 256 3457 2314 482
3839 2303 256 3698 2317 466
4095 2303 256 3942 2318 441
0 2559 256 803 2517 472
256 2559 256 859 2516 481
512 2559 256 951 2515 493
768 2559 256 1095 2513 509
1024 2559 256 1266 2514 512
1280 2559 256 1449 2516 511
1536 2559 256 1654 2518 511
1792 2559 256 1868 2521 511
2048 2559 256 2086 2524 510
2303 2559 256 2312 2528 510
2559 2559 256 2540 2533 510
2815 2559 256 2771 2538 509
3071 2559 256 3005 2544 508
3327 2559 256 3239 2550 508
3583 2559 256 3475 2557 507
3839 2559 256 3714 2561 493
4095 2559 256 3954 2562 470
0 2815 256 884 2768 501
256 2815 256 934 2767 510
512 2815 256 1018 2767 521
768 2815 256 1153 2765 536
1024 2815 256 1316 2766 538
1280 2815 256 1492 2767 538
1536 2815 256 1691 2769 538
1792 2815 256 1900 2772 538
2048 2815 256 2115 2775 537
2303 2815 256 2338 2778 537
2559 2815 256 2564 2782 536
2815 2815 256 2793 2786 536
3071 2815 256 3025 2791 535
3327 2815 256 3258 2796 534
3583 2815 256 3493 2802 533
3839 2815 256 3730 2806 520
4095 2815 256 3968 2809 498
0 3071 256 964 3020 531
256 3071 256 1010 3019 539
512 3071 256 1088 3018 550
768 3071 256 1213 3017 564
1024 3071 256 1369 3018 566
1280 3071 256 1538 3019 566
1536 3071 256 1732 3021 566
1792 3071 256 1936 3023 565
2048 3071 256 2147 3025 565
2303 3071 256 2367 3028 565
2559 3071 256 2590 3032 564
2815 3071 256 2817 3036 563
3071 3071 256 3047 3040 563
3327 3071 256 3279 3045 562
3583 3071 256 3513 3050 561
3839 3071 256 3745 3052 551
4095 3071 256 3977 3051 533
0 3327 256 1044 3271 562
256 3327 256 1086 3271 569
512 3327 256 1158 3270 579
768 3327 256 1276 3269 592
1024 3327 256 1424 3270 595
1280 3327 256 1586 3271 595
1536 3327 256 1773 3273 594
1792 3327 256 1973 3274 594
2048 3327 256 2179 3276 594
2303 3327 256 2396 3279 593
2559 3327 256 2617 3282 593
2815 3327 256 2842 3285 592
3071 3327 256 3070 3289 591
3327 3327 256 3300 3293 591
3583 3327 256 3533 3298 590
3839 3327 256 3760 3297 583
4095 3327 256 3984 3291 572
0 3583 256 1124 3523 593
256 3583 256 1163 3522 600
512 3583 256 1230 3522 609
768 3583 256 1340 3521 622
1024 3583 256 1481 3522 624
1280 3583 256 1636 3523 624
1536 3583 256 1818 3524 624
1792 3583 256 2012 3526 624
2048 3583 256 2215 3528 623
2303 3583 256 2428 3530 623
2559 3583 256 2646 3533 622
2815 3583 256 2868 3536 622
3071 3583 256 3095 3539 621
3327 3583 256 3323 3543 620
3583 3583 256 3554 3547 619
3839 3583 256 3774 3540 618
4095 3583 256 3986 3524 617
0 3839 256 1206 3773 626
256 3839 256 1239 3773 631
512 3839 256 1299 3772 637
768 3839 256 1399 3770 645
1024 3839 256 1533 3770 648
1280 3839 256 1682 3770 648
1536 3839 256 1859 3771 648
1792 3839 256 2048 3773 648
2048 3839 256 2246 3775 647
2303 3839 256 2456 3776 647
2559 3839 256 2671 3779 646
2815 3839 256 2892 3784 644
3071 3839 256 3115 3785 644
3327 3839 256 3341 3787 645
3583 3839 256 3571 3792 643
3839 3839 256 3790 3784 646
4095 3839 256 4002 3769 651
0 4095 256 1288 4022 660
256 4095 256 1314 4022 661
512 4095 256 1365 4020 662
768 4095 256 1454 4017 666
1024 4095 256 1581 4016 667
1280 4095 256 1725 4015 668
1536 4095 256 1897 4015 669
1792 4095 256 2081 4016 668
2048 4095 256 2275 4019 667
2303 4095 256 2481 4018 668
2559 4095 256 2694 4022 667
2815 4095 256 2913 4031 661
3071 4095 256 3133 4029 664
3327 4095 256 3355 4027 667
3583 4095 256 3585 4033 663
3839 4095 256 3808 4030 667
4095 4095 256 4028 4021 678
0 0 512 0 106 511
256 0 512 242 108 510
512 0 512 486 120 509
768 0 512 732 145 509
1024 0 512 977 174 508
1280 0 512 1221 204 508
1536 0 512 1465 238 507
1792 0 512 1710 273 507
2048 0 512 1954 308 506
2303 0 512 2198 344 505
2559 0 512 2442 380 504
2815 0 512 2686 417 504
3071 0 512 2931 453 503
3327 0 512 3175 490 501
3583 0 512 3419 527 500
3839 0 512 3657 581 504
4095 0 512 3889 647 510
0 256 512 77 298 512
256 256 512 279 299 505
512 256 512 490 309 504
768 256 512 716 332 513
1024 256 512 952 358 520
1280 256 512 1193 384 525
1536 256 512 1440 409 526
1792 256 512 1686 434 526
2048 256 512 1933 459 524
2303 256 512 2179 486 523
2559 256 512 2425 513 521
2815 256 512 2671 541 519
3071 256 512 2917 570 517
3327 256 512 3163 599 515
3583 256 512 3408 629 513
3839 256 512 3654 657 509
4095 256 512 3901 683 504
0 512 512 157 513 515
256 512 512 328 512 511
512 512 512 514 518 514
768 512 512 723 536 525
1024 512 512 951 557 535
1280 512 512 1186 578 543
1536 512 512 1427 598 546
1792 512 512 1670 618 547
2048 512 512 1915 639 547
2303 512 512 2160 660 546
2559 512 512 2405 682 544
2815 512 512 2651 705 542
3071 512 512 2896 730 540
3327 512 512 3142 755 538
3583 512 512 3388 780 535
3839 512 512 3645 784 522
4095 512 512 3909 773 502
0 768 512 240 763 522
256 768 512 394 756 536
512 768 512 565 756 546
768 768 512 763 765 551
1024 768 512 984 778 555
1280 768 512 1210 793 560
1536 768 512 1434 815 567
1792 768 512 1665 838 573
2048 768 512 1900 861 576
2303 768 512 2140 884 578
2559 768 512 2381 907 578
2815 768 512 2623 931 579
3071 768 512 2866 956 578
3327 768 512 3110 980 576
3583 768 512 3356 1003 573
3839 768 512 3626 986 547
4095 768 512 3912 942 507
0 1024 512 320 1012 528
256 1024 512 456 1006 549
512 1024 512 615 1003 564
768 1024 512 809 1007 573
1024 1024 512 1021 1016 575
1280 1024 512 1239 1027 577
1536 1024 512 1461 1044 584
1792 1024 512 1687 1062 590
2048 1024 512 1917 1081 595
2303 1024 512 2151 1102 598
2559 1024 512 2386 1124 601
2815 1024 512 2624 1147 603
3071 1024 512 2863 1170 604
3327 1024 512 3104 1193 603
3583 1024 512 3348 1214 601
3839 1024 512 3621 1195 568
4095 1024 512 3916 1148 516
0 1280 512 399 1262 536
256 1280 512 519 1257 558
512 1280 512 666 1254 578
768 1280 512 857 1254 593
1024 1280 512 1062 1259 595
1280 1280 512 1272 1267 596
1536 1280 512 1493 1277 601
1792 1280 512 1717 1290 607
2048 1280 512 1943 1305 612
2303 1280 512 2171 1323 617
2559 1280 512 2402 1342 621
2815 1280 512 2635 1362 625
3071 1280 512 2871 1383 626
3327 1280 512 3109 1404 627
3583 1280 512 3349 1424 626
3839 1280 512 3623 1408 588
4095 1280 512 3920 1367 525
0 1536 512 480 1513 549
256 1536 512 584 1509 569
512 1536 512 721 1505 591
768 1536 512 910 1503 615
1024 1536 512 1109 1506 622
1280 1536 512 1312 1512 624
1536 1536 512 1528 1520 628
1792 1536 512 1749 1529 631
2048 1536 512 1972 1541 635
2303 1536 512 2199 1555 638
2559 1536 512 2428 1570 641
2815 1536 512 2659 1586 644
3071 1536 512 2892 1604 647
3327 1536 512 3127 1622 648
3583 1536 512 3365 1640 647
3839 1536 512 3635 1629 606
4095 1536 512 3926 1600 538
0 1792 512 560 1764 563
256 1792 512 651 1761 582
512 1792 512 779 1757 605
768 1792 512 963 1754 634
1024 1792 512 1156 1755 644
1280 1792 512 1354 1759 649
1536 1792 512 1565 1765 651
1792 1792 512 1782 1772 653
2048 1792 512 2003 1781 655
2303 1792 512 2228 1792 657
2559 1792 512 2456 1804 659
2815 1792 512 2685 1817 662
3071 1792 512 2917 1832 664
3327 1792 512 3150 1847 666
3583 1792 512 3386 1863 665
3839 1792 512 3650 1857 623
4095 1792 512 3933 1837 554
0 2048 512 640 2015 579
256 2048 512 720 2013 597
512 2048 512 838 2010 619
768 2048 512 1015 2005 650
1024 2048 512 1203 2006 663
1280 2048 512 1397 2007 670
1536 2048 512 1604 2012 671
1792 2048 512 1817 2018 672
2048 2048 512 2035 2024 673
2303 2048 512 2259 2033 675
2559 2048 512 2485 2042 676
2815 2048 512 2714 2052 678
3071 2048 512 2944 2064 679
3327 2048 512 3176 2076 681
3583 2048 512 3409 2090 683
3839 2048 512 3667 2089 641
4095 2048 512 3941 2077 571
0 2303 512 720 2266 598
256 2303 512 792 2264 614
512 2303 512 901 2261 636
768 2303 512 1068 2257 666
1024 2303 512 1250 2256 680
1280 2303 512 1440 2257 688
1536 2303 512 1642 2261 689
1792 2303 512 1852 2266 689
2048 2303 512 2067 2271 690
2303 2303 512 2289 2278 691
2559 2303 512 2514 2285 692
2815 2303 512 2741 2294 693
3071 2303 512 2971 2303 694
3327 2303 512 3202 2314 695
3583 2303 512 3435 2325 696
3839 2303 512 3687 2326 657
4095 2303 512 3951 2321 590
0 2559 512 801 2518 618
256 2559 512 865 2516 633
512 2559 512 966 2513 654
768 2559 512 1123 2509 683
1024 2559 512 1299 2508 698
1280 2559 512 1484 2509 707
1536 2559 512 1681 2512 707
1792 2559 512 1888 2515 707
2048 2559 512 2100 2519 708
2303 2559 512 2320 2525 708
2559 2559 512 2543 2531 709
2815 2559 512 2769 2538 709
3071 2559 512 2998 2546 710
3327 2559 512 3228 2554 710
3583 2559 512 3460 2563 711
3839 2559 512 3707 2567 674
4095 2559 512 3962 2566 611
0 2815 512 881 2769 640
256 2815 512 939 2768 654
512 2815 512 1033 2765 673
768 2815 512 1180 2762 701
1024 2815 512 1350 2760 716
1280 2815 512 1529 2760 726
1536 2815 512 1721 2763 726
1792 2815 512 1924 2766 726
2048 2815 512 2133 2769 726
2303 2815 512 2351 2774 727
2559 2815 512 2572 2779 727
2815 2815 512 2796 2784 727
3071 2815 512 3024 2791 727
3327 2815 512 3253 2798 727
3583 2815 512 3485 2806 728
3839 2815 512 3726 2810 693
4095 2815 512 3974 2812 635
0 3071 512 962 3021 663
256 3071 512 1014 3019 676
512 3071 512 1102 3017 694
768 3071 512 1240 3014 721
1024 3071 512 1404 3013 736
1280 3071 512 1577 3012 747
1536 3071 512 1764 3014 747
1792 3071 512 1962 3017 747
2048 3071 512 2167 3020 747
2303 3071 512 2382 3024 747
2559 3071 512 2601 3028 747
2815 3071 512 2824 3033 747
3071 3071 512 3051 3038 747
3327 3071 512 3278 3044 747
3583 3071 512 3509 3051 747
3839 3071 512 3745 3055 715
4095 3071 512 3986 3058 661
0 3327 512 1042 3273 687
256 3327 512 1090 3271 699
512 3327 512 1171 3269 717
768 3327 512 1301 3266 742
1024 3327 512 1458 3265 757
1280 3327 512 1626 3264 768
1536 3327 512 1807 3266 768
1792 3327 512 2001 3268 768
2048 3327 512 2202 3271 768
2303 3327 512 2415 3274 768
2559 3327 512 2631 3278 768
2815 3327 512 2852 3282 767
3071 3327 512 3077 3286 767
3327 3327 512 3304 3291 767
3583 3327 512 3533 3297 767
3839 3327 512 3764 3300 738
4095 3327 512 3996 3301 689
0 3583 512 1122 3524 712
256 3583 512 1167 3523 724
512 3583 512 1242 3521 740
768 3583 512 1365 3519 764
1024 3583 512 1515 3517 780
1280 3583 512 1677 3516 790
1536 3583 512 1853 3518 790
1792 3583 512 2042 3520 790
2048 3583 512 2240 3522 790
2303 3583 512 2449 3525 790
2559 3583 512 2663 3528 790
2815 3583 512 2881 3532 790
3071 3583 512 3104 3536 789
3327 3583 512 3329 3540 789
3583 3583 512 3557 3545 789
3839 3583 512 3780 3543 765
4095 3583 512 3999 3536 725
0 3839 512 1204 3774 740
256 3839 512 1241 3773 747
512 3839 512 1305 3772 757
768 3839 512 1413 3771 772
1024 3839 512 1553 3770 781
1280 3839 512 1706 3770 788
1536 3839 512 1880 3770 789
1792 3839 512 2067 3772 789
2048 3839 512 2262 3774 789
2303 3839 512 2470 3776 789
2559 3839 512 2683 3779 788
2815 3839 512 2901 3784 786
3071 3839 512 3123 3786 786
3327 3839 512 3347 3788 787
3583 3839 512 3575 3793 786
3839 3839 512 3798 3790 773
4095 3839 512 4016 3783 751
0 4095 512 1288 4021 770
256 4095 512 1313 4022 770
512 4095 512 1363 4022 769
768 4095 512 1450 4022 770
1024 4095 512 1577 4023 770
1280 4095 512 1721 4024 770
1536 4095 512 1894 4023 771
1792 4095 512 2080 4024 771
2048 4095 512 2275 4026 771
2303 4095 512 2482 4027 771
2559 4095 512 2696 4030 770
2815 4095 512 2916 4039 764
3071 4095 512 3136 4037 767
3327 4095 512 3359 4035 770
3583 4095 512 3589 4040 767
3839 4095 512 3816 4041 768
4095 4095 512 4043 4039 771
0 0 768 0 168 769
256 0 768 240 155 765
512 0 768 483 155 763
768 0 768 731 176 764
1024 0 768 976 199 763
1280 0 768 1219 224 762
1536 0 768 1464 255 762
1792 0 768 1709 288 762
2048 0 768 1953 321 761
2303 0 768 2197 355 761
2559 0 768 2441 390 760
2815 0 768 2686 425 760
3071 0 768 2930 461 759
3327 0 768 3175 497 759
3583 0 768 3419 533 758
3839 0 768 3657 585 760
4095 0 768 3890 647 765
0 256 768 74 330 769
256 256 768 280 325 744
512 256 768 493 330 733
768 256 768 717 351 742
1024 256 768 953 374 752
1280 256 768 1193 397 762
1536 256 768 1439 420 767
1792 256 768 1686 444 770
2048 256 768 1933 468 771
2303 256 768 2178 494 771
2559 256 768 2425 520 771
2815 256 768 2671 548 770
3071 256 768 2916 576 769
3327 256 768 3162 605 768
3583 256 768 3407 635 767
3839 256 768 3654 661 764
4095 256 768 3902 685 761
0 512 768 151 524 770
256 512 768 329 523 741
512 512 768 518 529 728
768 512 768 724 547 740
1024 512 768 953 565 753
1280 512 768 1189 584 766
1536 512 768 1424 606 778
1792 512 768 1664 628 785
2048 512 768 1908 650 790
2303 512 768 2153 671 791
2559 512 768 2400 692 791
2815 512 768 2647 714 790
3071 512 768 2893 737 789
3327 512 768 3140 761 788
3583 512 768 3387 785 786
3839 512 768 3644 788 775
4095 512 768 3909 776 759
0 768 768 233 768 772
256 768 768 390 762 764
512 768 768 564 763 762
768 768 768 762 772 768
1024 768 768 990 780 772
1280 768 768 1220 793 778
1536 768 768 1424 826 798
1792 768 768 1645 855 812
2048 768 768 1876 882 822
2303 768 768 2118 905 824
2559 768 768 2363 927 826
2815 768 768 2609 948 825
3071 768 768 2857 968 823
3327 768 768 3104 989 821
3583 768 768 3352 1009 818
3839 768 768 3624 991 796
4095 768 768 3912 945 762
0 1024 768 316 1016 776
256 1024 768 452 1010 780
512 1024 768 613 1008 786
768 1024 768 809 1011 796
1024 1024 768 1025 1018 795
1280 1024 768 1243 1028 795
1536 1024 768 1451 1052 816
1792 1024 768 1668 1076 832
2048 1024 768 1891 1100 845
2303 1024 768 2122 1125 854
2559 1024 768 2354 1150 862
2815 1024 768 2590 1175 867
3071 1024 768 2832 1198 868
3327 1024 768 3075 1220 867
3583 1024 768 3323 1240 862
3839 1024 768 3607 1211 825
4095 1024 768 3915 1151 767
0 1280 768 397 1265 781
256 1280 768 515 1260 792
512 1280 768 664 1256 806
768 1280 768 861 1254 824
1024 1280 768 1063 1261 822
1280 1280 768 1270 1270 821
1536 1280 768 1486 1281 838
1792 1280 768 1703 1298 854
2048 1280 768 1919 1318 870
2303 1280 768 2138 1343 883
2559 1280 768 2360 1370 896
2815 1280 768 2585 1398 907
3071 1280 768 2818 1424 911
3327 1280 768 3056 1448 911
3583 1280 768 3302 1467 905
3839 1280 768 3595 1435 854
4095 1280 768 3920 1369 773
0 1536 768 478 1515 788
256 1536 768 580 1511 801
512 1536 768 722 1506 822
768 1536 768 924 1501 853
1024 1536 768 1121 1504 865
1280 1536 768 1319 1510 873
1536 1536 768 1527 1520 882
1792 1536 768 1739 1533 892
2048 1536 768 1953 1549 902
2303 1536 768 2171 1568 912
2559 1536 768 2392 1590 921
2815 1536 768 2615 1613 930
3071 1536 768 2843 1637 936
3327 1536 768 3074 1660 940
3583 1536 768 3315 1679 933
3839 1536 768 3604 1655 875
4095 1536 768 3926 1601 781
0 1792 768 558 1766 797
256 1792 768 648 1762 811
512 1792 768 781 1758 834
768 1792 768 980 1751 872
1024 1792 768 1176 1751 895
1280 1792 768 1372 1754 911
1536 1792 768 1573 1762 916
1792 1792 768 1781 1772 922
2048 1792 768 1992 1784 928
2303 1792 768 2209 1800 935
2559 1792 768 2429 1816 941
2815 1792 768 2651 1835 948
3071 1792 768 2875 1856 955
3327 1792 768 3102 1877 960
3583 1792 768 3337 1895 958
3839 1792 768 3619 1879 894
4095 1792 768 3933 1838 791
0 2048 768 639 2017 807
256 2048 768 718 2014 821
512 2048 768 842 2010 845
768 2048 768 1033 2003 885
1024 2048 768 1230 2000 916
1280 2048 768 1427 1999 940
1536 2048 768 1623 2006 943
1792 2048 768 1826 2014 947
2048 2048 768 2035 2023 950
2303 2048 768 2250 2035 955
2559 2048 768 2468 2047 959
2815 2048 768 2689 2062 964
3071 2048 768 2913 2078 969
3327 2048 768 3138 2096 974
3583 2048 768 3365 2115 979
3839 2048 768 3637 2106 914
4095 2048 768 3941 2079 801
0 2303 768 719 2267 819
256 2303 768 790 2265 832
512 2303 768 905 2261 856
768 2303 768 1086 2254 895
1024 2303 768 1282 2250 931
1280 2303 768 1480 2248 959
1536 2303 768 1671 2253 961
1792 2303 768 1871 2259 964
2048 2303 768 2077 2267 966
2303 2303 768 2290 2276 969
2559 2303 768 2507 2287 972
2815 2303 768 2727 2298 976
3071 2303 768 2950 2312 979
3327 2303 768 3175 2326 983
3583 2303 768 3401 2342 987
3839 2303 768 3664 2338 924
4095 2303 768 3951 2322 814
0 2559 768 799 2519 833
256 2559 768 863 2517 845
512 2559 768 970 2513 868
768 2559 768 1141 2507 905
1024 2559 768 1335 2502 945
1280 2559 768 1532 2498 977
1536 2559 768 1718 2502 979
1792 2559 768 1915 2507 980
2048 2559 768 2118 2513 982
2303 2559 768 2330 2520 984
2559 2559 768 2545 2529 986
2815 2559 768 2764 2538 988
3071 2559 768 2987 2549 990
3327 2559 768 3210 2561 993
3583 2559 768 3437 2573 996
3839 2559 768 3690 2574 934
4095 2559 768 3962 2567 829
0 2815 768 879 2770 847
256 2815 768 937 2768 859
512 2815 768 1037 2765 881
768 2815 768 1198 2760 917
1024 2815 768 1389 2754 959
1280 2815 768 1583 2750 993
1536 2815 768 1765 2753 994
1792 2815 768 1958 2757 995
2048 2815 768 2158 2761 996
2303 2815 768 2368 2767 997
2559 2815 768 2582 2774 999
2815 2815 768 2800 2782 1000
3071 2815 768 3021 2791 1002
3327 2815 768 3244 2800 1004
3583 2815 768 3470 2811 1006
3839 2815 768 3715 2814 946
4095 2815 768 3974 2813 845
0 3071 768 960 3021 864
256 3071 768 1013 3020 875
512 3071 768 1105 3017 895
768 3071 768 1257 3012 930
1024 3071 768 1444 3006 973
1280 3071 768 1635 3002 1009
1536 3071 768 1812 3004 1010
1792 3071 768 2001 3008 1010
2048 3071 768 2198 3011 1011
2303 3071 768 2406 3016 1012
2559 3071 768 2618 3022 1013
2815 3071 768 2834 3028 1014
3071 3071 768 3054 3036 1015
3327 3071 768 3276 3044 1016
3583 3071 768 3501 3053 1017
3839 3071 768 3740 3058 961
4095 3071 768 3987 3061 867
0 3327 768 1041 3273 882
256 3327 768 1089 3272 892
512 3327 768 1175 3269 911
768 3327 768 1318 3265 944
1024 3327 768 1499 3258 987
1280 3327 768 1687 3254 1024
1536 3327 768 1860 3256 1025
1792 3327 768 2045 3259 1026
2048 3327 768 2238 3262 1026
2303 3327 768 2443 3266 1027
2559 3327 768 2653 3271 1027
2815 3327 768 2868 3276 1028
3071 3327 768 3087 3282 1028
3327 3327 768 3308 3289 1029
3583 3327 768 3532 3296 1030
3839 3327 768 3764 3302 977
4095 3327 768 4001 3307 888
0 3583 768 1121 3524 900
256 3583 768 1165 3524 910
512 3583 768 1246 3521 928
768 3583 768 1381 3517 960
1024 3583 768 1557 3511 1003
1280 3583 768 1740 3506 1040
1536 3583 768 1908 3508 1041
1792 3583 768 2089 3510 1042
2048 3583 768 2278 3513 1042
2303 3583 768 2481 3517 1042
2559 3583 768 2688 3521 1043
2815 3583 768 2901 3525 1043
3071 3583 768 3119 3530 1043
3327 3583 768 3339 3536 1044
3583 3583 768 3562 3543 1044
3839 3583 768 3787 3547 991
4095 3583 768 4013 3551 903
0 3839 768 1204 3773 922
256 3839 768 1240 3773 928
512 3839 768 1308 3772 939
768 3839 768 1422 3770 957
1024 3839 768 1578 3768 984
1280 3839 768 1745 3766 1007
1536 3839 768 1914 3767 1008
1792 3839 768 2097 3769 1009
2048 3839 768 2288 3771 1009
2303 3839 768 2492 3774 1009
2559 3839 768 2701 3777 1009
2815 3839 768 2915 3781 1008
3071 3839 768 3134 3784 1008
3327 3839 768 3356 3788 1008
3583 3839 768 3581 3794 1008
3839 3839 768 3805 3795 976
4095 3839 768 4027 3795 922
0 4095 768 1289 4019 946
256 4095 768 1314 4020 945
512 4095 768 1363 4022 944
768 4095 768 1448 4024 943
1024 4095 768 1574 4027 942
1280 4095 768 1719 4030 941
1536 4095 768 1893 4030 942
1792 4095 768 2080 4032 943
2048 4095 768 2276 4033 943
2303 4095 768 2484 4035 942
2559 4095 768 2697 4037 942
2815 4095 768 2916 4040 940
3071 4095 768 3139 4042 939
3327 4095 768 3364 4044 939
3583 4095 768 3593 4048 938
3839 4095 768 3819 4045 940
4095 4095 768 4043 4039 944
0 0 1024 0 206 1022
256 0 1024 236 196 1019
512 0 1024 477 195 1017
768 0 1024 726 210 1018
1024 0 1024 972 230 1017
1280 0 1024 1218 252 1016
1536 0 1024 1463 280 1016
1792 0 1024 1708 309 1016
2048 0 1024 1952 340 1016
2303 0 1024 2196 372 1015
2559 0 1024 2441 406 1015
2815 0 1024 2685 439 1015
3071 0 1024 2930 474 1014
3327 0 1024 3174 509 1014
3583 0 1024 3419 544 1013
3839 0 1024 3659 588 1015
4095 0 1024 3897 638 1017
0 256 1024 37 351 1021
256 256 1024 268 349 991
512 256 1024 497 356 974
768 256 1024 720 374 976
1024 256 1024 955 394 989
1280 256 1024 1194 415 1002
1536 256 1024 1439 436 1010
1792 256 1024 1686 459 1016
2048 256 1024 1932 482 1019
2303 256 1024 2178 506 1020
2559 256 1024 2424 532 1021
2815 256 1024 2670 558 1022
3071 256 1024 2916 586 1022
3327 256 1024 3161 614 1021
3583 256 1024 3407 644 1021
3839 256 1024 3655 667 1018
4095 256 1024 3904 687 1015
0 512 1024 103 534 1021
256 512 1024 315 536 982
512 512 1024 524 543 962
768 512 1024 729 561 968
1024 512 1024 957 578 983
1280 512 1024 1190 595 999
1536 512 1024 1424 618 1012
1792 512 1024 1663 639 1021
2048 512 1024 1906 660 1029
2303 512 1024 2152 681 1032
2559 512 1024 2398 702 1035
2815 512 1024 2645 723 1036
3071 512 1024 2892 746 1036
3327 512 1024 3139 769 1036
3583 512 1024 3386 793 1036
3839 512 1024 3644 795 1027
4095 512 1024 3909 783 1014
0 768 1024 215 774 1023
256 768 1024 382 771 1003
512 768 1024 562 772 996
768 768 1024 760 780 1010
1024 768 1024 988 788 1012
1280 768 1024 1216 802 1014
1536 768 1024 1420 837 1024
1792 768 1024 1640 867 1036
2048 768 1024 1872 893 1049
2303 768 1024 2114 915 1055
2559 768 1024 2359 936 1060
2815 768 1024 2606 956 1062
3071 768 1024 2854 976 1063
3327 768 1024 3103 996 1063
3583 768 1024 3351 1015 1062
3839 768 1024 3623 996 1045
4095 768 1024 3911 951 1016
0 1024 1024 306 1021 1026
256 1024 1024 446 1016 1019
512 1024 1024 610 1014 1018
768 1024 1024 809 1017 1029
1024 1024 1024 1023 1024 1029
1280 1024 1024 1240 1035 1029
1536 1024 1024 1453 1058 1039
1792 1024 1024 1672 1081 1052
2048 1024 1024 1895 1104 1065
2303 1024 1024 2118 1133 1080
2559 1024 1024 2346 1160 1092
2815 1024 1024 2582 1185 1100
3071 1024 1024 2824 1208 1103
3327 1024 1024 3068 1230 1105
3583 1024 1024 3316 1249 1102
3839 1024 1024 3603 1218 1071
4095 1024 1024 3915 1155 1020
0 1280 1024 391 1269 1030
256 1280 1024 510 1264 1033
512 1280 1024 662 1261 1037
768 1280 1024 864 1259 1046
1024 1280 1024 1063 1266 1046
1280 1280 1024 1267 1275 1047
1536 1280 1024 1493 1283 1057
1792 1280 1024 1714 1297 1068
2048 1280 1024 1933 1315 1081
2303 1280 1024 2139 1347 1101
2559 1280 1024 2353 1379 1119
2815 1280 1024 2575 1409 1134
3071 1280 1024 2807 1436 1142
3327 1280 1024 3043 1461 1147
3583 1280 1024 3291 1480 1142
3839 1280 1024 3588 1444 1097
4095 1280 1024 3919 1373 1024
0 1536 1024 472 1518 1035
256 1536 1024 576 1514 1042
512 1536 1024 720 1510 1055
768 1536 1024 926 1504 1076
1024 1536 1024 1113 1510 1079
1280 1536 1024 1304 1519 1077
1536 1536 1024 1523 1525 1083
1792 1536 1024 1744 1535 1089
2048 1536 1024 1967 1547 1096
2303 1536 1024 2188 1565 1105
2559 1536 1024 2408 1586 1118
2815 1536 1024 2623 1612 1139
3071 1536 1024 2837 1644 1161
3327 1536 1024 3057 1674 1177
3583 1536 1024 3302 1690 1170
3839 1536 1024 3597 1662 1115
4095 1536 1024 3925 1604 1030
0 1792 1024 553 1768 1041
256 1792 1024 644 1765 1050
512 1792 1024 779 1760 1068
768 1792 1024 982 1753 1098
1024 1792 1024 1171 1755 1111
1280 1792 1024 1361 1760 1118
1536 1792 1024 1567 1767 1118
1792 1792 1024 1781 1776 1122
2048 1792 1024 1999 1785 1128
2303 1792 1024 2221 1797 1134
2559 1792 1024 2441 1813 1145
2815 1792 1024 2655 1834 1164
3071 1792 1024 2867 1862 1184
3327 1792 1024 3083 1889 1201
3583 1792 1024 3321 1907 1196
3839 1792 1024 3610 1886 1135
4095 1792 1024 3932 1841 1037
0 2048 1024 635 2019 1049
256 2048 1024 714 2016 1059
512 2048 1024 840 2012 1078
768 2048 1024 1034 2004 1112
1024 2048 1024 1234 2000 1143
1280 2048 1024 1432 2000 1165
1536 2048 1024 1620 2009 1159
1792 2048 1024 1821 2017 1162
2048 2048 1024 2031 2026 1171
2303 2048 1024 2244 2038 1181
2559 2048 1024 2460 2052 1191
2815 2048 1024 2677 2068 1201
3071 2048 1024 2897 2087 1211
3327 2048 1024 3118 2107 1220
3583 2048 1024 3346 2127 1223
3839 2048 1024 3626 2115 1157
4095 2048 1024 3940 2081 1044
0 2303 1024 716 2269 1058
256 2303 1024 786 2267 1068
512 2303 1024 903 2263 1088
768 2303 1024 1088 2255 1122
1024 2303 1024 1288 2250 1159
1280 2303 1024 1490 2247 1190
1536 2303 1024 1678 2252 1193
1792 2303 1024 1875 2259 1199
2048 2303 1024 2078 2267 1205
2303 2303 1024 2288 2277 1212
2559 2303 1024 2501 2289 1219
2815 2303 1024 2716 2303 1227
3071 2303 1024 2934 2319 1235
3327 2303 1024 3154 2336 1242
3583 2303 1024 3378 2354 1247
3839 2303 1024 3649 2347 1176
4095 2303 1024 3950 2324 1054
0 2559 1024 796 2520 1068
256 2559 1024 860 2518 1078
512 2559 1024 968 2515 1097
768 2559 1024 1143 2508 1132
1024 2559 1024 1343 2501 1174
1280 2559 1024 1546 2496 1212
1536 2559 1024 1735 2498 1223
1792 2559 1024 1929 2503 1231
2048 2559 1024 2126 2510 1235
2303 2559 1024 2333 2519 1240
2559 2559 1024 2543 2529 1245
2815 2559 1024 2756 2540 1250
3071 2559 1024 2973 2554 1256
3327 2559 1024 3192 2568 1261
3583 2559 1024 3413 2584 1267
3839 2559 1024 3674 2582 1193
4095 2559 1024 3961 2568 1065
0 2815 1024 877 2771 1079
256 2815 1024 935 2770 1088
512 2815 1024 1035 2766 1108
768 2815 1024 1199 2760 1141
1024 2815 1024 1397 2753 1186
1280 2815 1024 1599 2747 1228
1536 2815 1024 1790 2747 1246
1792 2815 1024 1982 2750 1255
2048 2815 1024 2175 2756 1258
2303 2815 1024 2379 2763 1261
2559 2815 1024 2586 2772 1265
2815 2815 1024 2798 2781 1269
3071 2815 1024 3014 2792 1273
3327 2815 1024 3231 2804 1277
3583 2815 1024 3452 2817 1281
3839 2815 1024 3703 2820 1206
4095 2815 1024 3973 2815 1077
0 3071 1024 958 3023 1091
256 3071 1024 1010 3021 1101
512 3071 1024 1104 3018 1119
768 3071 1024 1259 3013 1152
1024 3071 1024 1451 3005 1197
1280 3071 1024 1651 2999 1241
1536 3071 1024 1842 2997 1264
1792 3071 1024 2033 3000 1275
2048 3071 1024 2223 3004 1277
2303 3071 1024 2424 3010 1280
2559 3071 1024 2629 3017 1282
2815 3071 1024 2839 3025 1285
3071 3071 1024 3054 3035 1288
3327 3071 1024 3270 3045 1291
3583 3071 1024 3490 3056 1295
3839 3071 1024 3731 3061 1220
4095 3071 1024 3987 3062 1094
0 3327 1024 1039 3274 1105
256 3327 1024 1086 3273 1113
512 3327 1024 1173 3270 1131
768 3327 1024 1319 3265 1163
1024 3327 1024 1507 3258 1208
1280 3327 1024 1704 3251 1253
1536 3327 1024 1894 3249 1279
1792 3327 1024 2083 3250 1292
2048 3327 1024 2270 3253 1295
2303 3327 1024 2468 3258 1297
2559 3327 1024 2671 3264 1299
2815 3327 1024 2880 3271 1301
3071 3327 1024 3093 3279 1303
3327 3327 1024 3308 3287 1305
3583 3327 1024 3527 3296 1308
3839 3327 1024 3760 3304 1235
4095 3327 1024 4001 3310 1113
0 3583 1024 1119 3526 1119
256 3583 1024 1163 3525 1128
512 3583 1024 1245 3522 1145
768 3583 1024 1382 3518 1175
1024 3583 1024 1564 3510 1220
1280 3583 1024 1756 3504 1265
1536 3583 1024 1945 3501 1292
1792 3583 1024 2131 3501 1307
2048 3583 1024 2317 3504 1312
2303 3583 1024 2512 3508 1313
2559 3583 1024 2713 3513 1314
2815 3583 1024 2919 3519 1316
3071 3583 1024 3131 3525 1317
3327 3583 1024 3345 3532 1319
3583 3583 1024 3563 3541 1321
3839 3583 1024 3788 3549 1253
4095 3583 1024 4017 3556 1139
0 3839 1024 1204 3772 1137
256 3839 1024 1239 3772 1142
512 3839 1024 1307 3772 1152
768 3839 1024 1422 3771 1170
1024 3839 1024 1582 3768 1197
1280 3839 1024 1755 3765 1225
1536 3839 1024 1937 3763 1243
1792 3839 1024 2124 3764 1252
2048 3839 1024 2313 3766 1256
2303 3839 1024 2512 3769 1256
2559 3839 1024 2717 3772 1257
2815 3839 1024 2928 3777 1258
3071 3839 1024 3144 3781 1258
3327 3839 1024 3362 3787 1259
3583 3839 1024 3584 3793 1260
3839 3839 1024 3806 3797 1219
4095 3839 1024 4030 3799 1151
0 4095 1024 1291 4015 1156
256 4095 1024 1315 4017 1156
512 4095 1024 1364 4020 1155
768 4095 1024 1447 4024 1153
1024 4095 1024 1573 4028 1152
1280 4095 1024 1717 4032 1151
1536 4095 1024 1892 4033 1152
1792 4095 1024 2079 4034 1152
2048 4095 1024 2275 4035 1152
2303 4095 1024 2483 4037 1152
2559 4095 1024 2696 4039 1151
2815 4095 1024 2915 4041 1151
3071 4095 1024 3139 4044 1150
3327 4095 1024 3365 4047 1149
3583 4095 1024 3594 4050 1149
3839 4095 1024 3819 4047 1151
4095 4095 1024 4041 4039 1154
0 0 1280 0 240 1275
256 0 1280 230 235 1273
512 0 1280 469 236 1271
768 0 1280 721 245 1271
1024 0 1280 969 263 1271
1280 0 1280 1215 283 1271
1536 0 1280 1461 307 1270
1792 0 1280 1706 334 1270
2048 0 1280 1951 362 1270
2303 0 1280 2195 392 1270
2559 0 1280 2440 424 1270
2815 0 1280 2684 456 1269
3071 0 1280 2929 489 1269
3327 0 1280 3173 523 1269
3583 0 1280 3418 557 1268
3839 0 1280 3661 595 1268
4095 0 1280 3902 637 1269
0 256 1280 0 372 1273
256 256 1280 255 374 1241
512 256 1280 498 383 1220
768 256 1280 724 399 1214
1024 256 1280 958 417 1227
1280 256 1280 1196 435 1244
1536 256 1280 1440 455 1254
1792 256 1280 1686 476 1262
2048 256 1280 1932 497 1267
2303 256 1280 2177 521 1270
2559 256 1280 2423 546 1272
2815 256 1280 2669 571 1273
3071 256 1280 2915 598 1274
3327 256 1280 3161 626 1274
3583 256 1280 3406 655 1274
3839 256 1280 3655 676 1272
4095 256 1280 3906 692 1268
0 512 1280 55 546 1273
256 512 1280 300 550 1229
512 512 1280 529 560 1201
768 512 1280 736 577 1199
1024 512 1280 961 593 1215
1280 512 1280 1191 609 1234
1536 512 1280 1425 631 1245
1792 512 1280 1664 651 1257
2048 512 1280 1906 671 1267
2303 512 1280 2151 691 1273
2559 512 1280 2398 712 1278
2815 512 1280 2645 733 1282
3071 512 1280 2892 755 1283
3327 512 1280 3138 778 1285
3583 512 1280 3385 801 1285
3839 512 1280 3643 803 1279
4095 512 1280 3909 791 1269
0 768 1280 192 782 1275
256 768 1280 373 781 1246
512 768 1280 561 783 1234
768 768 1280 762 790 1246
1024 768 1280 986 800 1249
1280 768 1280 1210 816 1249
1536 768 1280 1417 849 1247
1792 768 1280 1640 878 1256
2048 768 1280 1872 902 1272
2303 768 1280 2114 923 1282
2559 768 1280 2359 944 1291
2815 768 1280 2606 964 1297
3071 768 1280 2854 983 1301
3327 768 1280 3102 1002 1304
3583 768 1280 3350 1022 1305
3839 768 1280 3622 1003 1292
4095 768 1280 3911 957 1271
0 1024 1280 293 1027 1278
256 1024 1280 439 1023 1261
512 1024 1280 608 1022 1253
768 1024 1280 812 1024 1257
1024 1024 1280 1022 1032 1262
1280 1024 1280 1237 1044 1265
1536 1024 1280 1456 1064 1263
1792 1024 1280 1679 1085 1269
2048 1024 1280 1903 1107 1281
2303 1024 1280 2120 1139 1300
2559 1024 1280 2345 1167 1315
2815 1024 1280 2580 1192 1325
3071 1024 1280 2822 1215 1331
3327 1024 1280 3066 1236 1336
3583 1024 1280 3315 1254 1337
3839 1024 1280 3602 1224 1313
4095 1024 1280 3914 1161 1273
0 1280 1280 383 1274 1281
256 1280 1280 504 1270 1275
512 1280 1280 660 1266 1270
768 1280 1280 868 1264 1266
1024 1280 1280 1063 1272 1272
1280 1280 1280 1264 1280 1279
1536 1280 1280 1500 1285 1279
1792 1280 1280 1727 1296 1282
2048 1280 1280 1948 1313 1289
2303 1280 1280 2146 1349 1311
2559 1280 1280 2354 1384 1331
2815 1280 1280 2575 1414 1348
3071 1280 1280 2805 1442 1361
3327 1280 1280 3040 1467 1370
3583 1280 1280 3289 1485 1369
3839 1280 1280 3587 1449 1334
4095 1280 1280 3918 1377 1276
0 1536 1280 464 1522 1284
256 1536 1280 570 1518 1285
512 1536 1280 717 1514 1289
768 1536 1280 925 1509 1296
1024 1536 1280 1104 1517 1290
1280 1536 1280 1289 1528 1283
1536 1536 1280 1520 1532 1283
1792 1536 1280 1751 1538 1284
2048 1536 1280 1983 1545 1286
2303 1536 1280 2210 1560 1292
2559 1536 1280 2430 1580 1308
2815 1536 1280 2637 1609 1338
3071 1536 1280 2839 1646 1373
3327 1536 1280 3050 1681 1400
3583 1536 1280 3299 1695 1393
3839 1536 1280 3596 1666 1349
4095 1536 1280 3924 1608 1281
0 1792 1280 547 1771 1289
256 1792 1280 639 1768 1294
512 1792 1280 776 1764 1303
768 1792 1280 979 1757 1320
1024 1792 1280 1163 1761 1322
1280 1792 1280 1348 1768 1320
1536 1792 1280 1558 1775 1314
1792 1792 1280 1780 1780 1314
2048 1792 1280 2008 1786 1319
2303 1792 1280 2238 1793 1323
2559 1792 1280 2460 1807 1337
2815 1792 1280 2668 1831 1364
3071 1792 1280 2867 1865 1398
3327 1792 1280 3073 1897 1425
3583 1792 1280 3315 1913 1420
3839 1792 1280 3607 1891 1369
4095 1792 1280 3932 1844 1286
0 2048 1280 630 2022 1295
256 2048 1280 710 2019 1301
512 2048 1280 836 2015 1315
768 2048 1280 1032 2007 1339
1024 2048 1280 1232 2003 1363
1280 2048 1280 1430 2003 1379
1536 2048 1280 1610 2015 1362
1792 2048 1280 1811 2024 1363
2048 2048 1280 2026 2031 1375
2303 2048 1280 2242 2042 1388
2559 2048 1280 2460 2055 1401
2815 2048 1280 2678 2070 1413
3071 2048 1280 2891 2092 1432
3327 2048 1280 3106 2115 1449
3583 2048 1280 3335 2134 1450
3839 2048 1280 3619 2120 1391
4095 2048 1280 3940 2083 1291
0 2303 1280 712 2271 1302
256 2303 1280 783 2269 1309
512 2303 1280 900 2265 1324
768 2303 1280 1085 2258 1350
1024 2303 1280 1288 2252 1382
1280 2303 1280 1491 2248 1410
1536 2303 1280 1677 2255 1412
1792 2303 1280 1872 2262 1416
2048 2303 1280 2074 2270 1421
2303 2303 1280 2285 2280 1431
2559 2303 1280 2497 2292 1442
2815 2303 1280 2712 2306 1453
3071 2303 1280 2926 2324 1467
3327 2303 1280 3141 2343 1480
3583 2303 1280 3362 2363 1489
3839 2303 1280 3637 2354 1420
4095 2303 1280 3950 2326 1298
0 2559 1280 793 2522 1309
256 2559 1280 857 2520 1317
512 2559 1280 965 2517 1333
768 2559 1280 1140 2510 1361
1024 2559 1280 1343 2502 1399
1280 2559 1280 1550 2496 1435
1536 2559 1280 1742 2498 1455
1792 2559 1280 1934 2503 1464
2048 2559 1280 2126 2511 1464
2303 2559 1280 2331 2520 1472
2559 2559 1280 2539 2531 1481
2815 2559 1280 2750 2543 1490
3071 2559 1280 2964 2558 1500
3327 2559 1280 3179 2574 1510
3583 2559 1280 3394 2593 1522
3839 2559 1280 3660 2589 1444
4095 2559 1280 3961 2570 1307
0 2815 1280 874 2773 1318
256 2815 1280 932 2772 1325
512 2815 1280 1032 2768 1342
768 2815 1280 1197 2762 1370
1024 2815 1280 1396 2754 1410
1280 2815 1280 1604 2747 1452
1536 2815 1280 1805 2744 1487
1792 2815 1280 1997 2747 1502
2048 2815 1280 2184 2754 1503
2303 2815 1280 2384 2762 1509
2559 2815 1280 2587 2771 1516
2815 2815 1280 2795 2782 1523
3071 2815 1280 3007 2794 1530
3327 2815 1280 3220 2808 1537
3583 2815 1280 3435 2824 1545
3839 2815 1280 3691 2825 1461
4095 2815 1280 3973 2817 1316
0 3071 1280 955 3024 1327
256 3071 1280 1007 3023 1335
512 3071 1280 1101 3020 1351
768 3071 1280 1256 3014 1379
1024 3071 1280 1451 3007 1420
1280 3071 1280 1656 2999 1465
1536 3071 1280 1862 2993 1508
1792 3071 1280 2056 2994 1528
2048 3071 1280 2240 2999 1533
2303 3071 1280 2436 3006 1538
2559 3071 1280 2637 3014 1542
2815 3071 1280 2842 3024 1547
3071 3071 1280 3051 3034 1553
3327 3071 1280 3263 3046 1558
3583 3071 1280 3478 3059 1564
3839 3071 1280 3722 3064 1478
4095 3071 1280 3987 3064 1329
0 3327 1280 1036 3276 1337
256 3327 1280 1084 3275 1345
512 3327 1280 1171 3272 1360
768 3327 1280 1317 3267 1388
1024 3327 1280 1506 3259 1429
1280 3327 1280 1708 3251 1476
1536 3327 1280 1918 3244 1526
1792 3327 1280 2112 3243 1551
2048 3327 1280 2296 3246 1559
2303 3327 1280 2489 3252 1562
2559 3327 1280 2686 3259 1566
2815 3327 1280 2889 3267 1569
3071 3327 1280 3097 3276 1573
3327 3327 1280 3307 3286 1578
3583 3327 1280 3521 3297 1582
3839 3327 1280 3754 3306 1495
4095 3327 1280 4001 3312 1348
0 3583 1280 1116 3527 1348
256 3583 1280 1161 3526 1356
512 3583 1280 1242 3524 1371
768 3583 1280 1380 3519 1397
1024 3583 1280 1562 3512 1438
1280 3583 1280 1760 3504 1485
1536 3583 1280 1970 3496 1537
1792 3583 1280 2165 3494 1566
2048 3583 1280 2350 3495 1579
2303 3583 1280 2540 3500 1582
2559 3583 1280 2734 3506 1585
2815 3583 1280 2935 3513 1588
3071 3583 1280 3141 3521 1591
3327 3583 1280 3350 3529 1594
3583 3583 1280 3563 3539 1597
3839 3583 1280 3786 3549 1520
4095 3583 1280 4017 3559 1390
0 3839 1280 1202 3772 1363
256 3839 1280 1238 3772 1367
512 3839 1280 1306 3772 1376
768 3839 1280 1420 3771 1392
1024 3839 1280 1580 3769 1417
1280 3839 1280 1756 3765 1445
1536 3839 1280 1953 3761 1479
1792 3839 1280 2145 3759 1498
2048 3839 1280 2335 3760 1507
2303 3839 1280 2531 3764 1509
2559 3839 1280 2732 3768 1510
2815 3839 1280 2939 3773 1512
3071 3839 1280 3151 3779 1514
3327 3839 1280 3366 3785 1515
3583 3839 1280 3585 3792 1517
3839 3839 1280 3806 3797 1472
4095 3839 1280 4029 3801 1395
0 4095 1280 1292 4011 1379
256 4095 1280 1316 4014 1378
512 4095 1280 1364 4018 1377
768 4095 1280 1446 4024 1375
1024 4095 1280 1572 4029 1374
1280 4095 1280 1716 4033 1374
1536 4095 1280 1890 4034 1374
1792 4095 1280 2077 4035 1374
2048 4095 1280 2273 4037 1374
2303 4095 1280 2482 4038 1374
2559 4095 1280 2695 4040 1374
2815 4095 1280 2915 4043 1374
3071 4095 1280 3138 4045 1374
3327 4095 1280 3364 4048 1373
3583 4095 1280 3594 4051 1374
3839 4095 1280 3818 4047 1375
4095 4095 1280 4039 4039 1375
0 0 1536 0 282 1528
256 0 1536 221 276 1526
512 0 1536 456 277 1525
768 0 1536 714 286 1525
1024 0 1536 964 301 1525
1280 0 1536 1212 318 1525
1536 0 1536 1458 340 1525
1792 0 1536 1704 364 1525
2048 0 1536 1949 389 1524
2303 0 1536 2193 417 1524
2559 0 1536 2438 447 1524
2815 0 1536 2683 477 1524
3071 0 1536 2928 508 1524
3327 0 1536 3172 541 1523
3583 0 1536 3417 573 1523
3839 0 1536 3656 619 1524
4095 0 1536 3890 674 1525
0 256 1536 0 401 1527
256 256 1536 251 404 1497
512 256 1536 495 412 1473
768 256 1536 728 428 1459
1024 256 1536 962 444 1471
1280 256 1536 1198 460 1488
1536 256 1536 1441 478 1500
1792 256 1536 1686 497 1509
2048 256 1536 1931 518 1516
2303 256 1536 2176 540 1519
2559 256 1536 2423 563 1522
2815 256 1536 2668 588 1524
3071 256 1536 2914 614 1525
3327 256 1536 3160 641 1526
3583 256 1536 3405 669 1526
3839 256 1536 3652 692 1525
4095 256 1536 3901 714 1524
0 512 1536 48 564 1526
256 512 1536 295 569 1484
512 512 1536 531 580 1449
768 512 1536 748 598 1425
1024 512 1536 969 613 1441
1280 512 1536 1194 628 1465
1536 512 1536 1427 648 1480
1792 512 1536 1665 667 1493
2048 512 1536 1907 686 1506
2303 512 1536 2152 705 1515
2559 512 1536 2398 725 1522
2815 512 1536 2644 746 1527
3071 512 1536 2891 767 1530
3327 512 1536 3138 790 1532
3583 512 1536 3385 813 1534
3839 512 1536 3642 815 1530
4095 512 1536 3908 803 1524
0 768 1536 167 793 1528
256 768 1536 360 794 1497
512 768 1536 562 798 1467
768 768 1536 779 808 1438
1024 768 1536 992 820 1447
1280 768 1536 1205 836 1462
1536 768 1536 1418 865 1465
1792 768 1536 1642 891 1477
2048 768 1536 1874 914 1496
2303 768 1536 2116 934 1511
2559 768 1536 2360 954 1523
2815 768 1536 2606 973 1533
3071 768 1536 2854 992 1539
3327 768 1536 3102 1011 1544
3583 768 1536 3350 1030 1547
3839 768 1536 3622 1011 1539
4095 768 1536 3910 967 1525
0 1024 1536 271 1035 1530
256 1024 1536 427 1033 1510
512 1024 1536 607 1033 1487
768 1024 1536 823 1037 1460
1024 1024 1536 1027 1046 1475
1280 1024 1536 1232 1058 1496
1536 1024 1536 1455 1075 1496
1792 1024 1536 1677 1097 1501
2048 1024 1536 1897 1121 1509
2303 1024 1536 2117 1150 1524
2559 1024 1536 2344 1177 1538
2815 1024 1536 2580 1201 1550
3071 1024 1536 2822 1223 1559
3327 1024 1536 3066 1243 1566
3583 1024 1536 3315 1261 1570
3839 1024 1536 3601 1231 1555
4095 1024 1536 3913 1168 1527
0 1280 1536 368 1280 1533
256 1280 1536 495 1276 1522
512 1280 1536 657 1274 1507
768 1280 1536 873 1273 1486
1024 1280 1536 1066 1279 1506
1280 1280 1536 1262 1286 1531
1536 1280 1536 1498 1291 1531
1792 1280 1536 1721 1306 1529
2048 1280 1536 1934 1328 1525
2303 1280 1536 2139 1361 1537
2559 1280 1536 2350 1393 1551
2815 1280 1536 2572 1423 1568
3071 1280 1536 2803 1450 1581
3327 1280 1536 3039 1474 1592
3583 1280 1536 3288 1491 1595
3839 1280 1536 3587 1454 1571
4095 1280 1536 3918 1383 1529
0 1536 1536 454 1527 1536
256 1536 1536 563 1524 1531
512 1536 1536 713 1521 1526
768 1536 1536 926 1516 1518
1024 1536 1536 1109 1523 1524
1280 1536 1536 1295 1531 1532
1536 1536 1536 1520 1536 1534
1792 1536 1536 1748 1544 1534
2048 1536 1536 1978 1553 1533
2303 1536 1536 2207 1566 1536
2559 1536 1536 2425 1587 1548
2815 1536 1536 2627 1620 1573
3071 1536 1536 2832 1656 1598
3327 1536 1536 3046 1688 1619
3583 1536 1536 3297 1701 1617
3839 1536 1536 3595 1671 1585
4095 1536 1536 3924 1613 1533
0 1792 1536 540 1776 1540
256 1792 1536 633 1773 1540
512 1792 1536 772 1769 1541
768 1792 1536 978 1763 1545
1024 1792 1536 1165 1765 1551
1280 1792 1536 1352 1771 1554
1536 1792 1536 1553 1781 1548
1792 1792 1536 1773 1787 1546
2048 1792 1536 2007 1791 1548
2303 1792 1536 2242 1797 1549
2559 1792 1536 2467 1810 1557
2815 1792 1536 2675 1834 1576
3071 1792 1536 2870 1869 1610
3327 1792 1536 3071 1903 1641
3583 1792 1536 3314 1918 1641
3839 1792 1536 3606 1895 1602
4095 1792 1536 3931 1848 1537
0 2048 1536 624 2025 1544
256 2048 1536 705 2023 1548
512 2048 1536 832 2019 1555
768 2048 1536 1029 2011 1568
1024 2048 1536 1231 2008 1582
1280 2048 1536 1427 2009 1591
1536 2048 1536 1594 2024 1569
1792 2048 1536 1797 2033 1563
2048 2048 1536 2025 2037 1567
2303 2048 1536 2254 2044 1570
2559 2048 1536 2486 2051 1574
2815 2048 1536 2718 2059 1577
3071 2048 1536 2914 2087 1618
3327 2048 1536 3108 2118 1659
3583 2048 1536 3335 2138 1666
3839 2048 1536 3618 2124 1621
4095 2048 1536 3939 2087 1542
0 2303 1536 706 2275 1550
256 2303 1536 778 2272 1555
512 2303 1536 895 2268 1564
768 2303 1536 1082 2262 1582
1024 2303 1536 1286 2256 1605
1280 2303 1536 1488 2253 1623
1536 2303 1536 1665 2262 1619
1792 2303 1536 1855 2272 1605
2048 2303 1536 2054 2283 1583
2303 2303 1536 2280 2288 1592
2559 2303 1536 2507 2294 1601
2815 2303 1536 2733 2303 1614
3071 2303 1536 2944 2321 1639
3327 2303 1536 3152 2342 1668
3583 2303 1536 3363 2365 1696
3839 2303 1536 3635 2358 1647
4095 2303 1536 3949 2329 1548
0 2559 1536 787 2525 1556
256 2559 1536 852 2523 1562
512 2559 1536 961 2520 1574
768 2559 1536 1137 2513 1594
1024 2559 1536 1340 2506 1624
1280 2559 1536 1546 2500 1651
1536 2559 1536 1734 2503 1663
1792 2559 1536 1918 2512 1651
2048 2559 1536 2099 2525 1622
2303 2559 1536 2318 2530 1632
2559 2559 1536 2537 2537 1645
2815 2559 1536 2756 2546 1661
3071 2559 1536 2974 2558 1676
3327 2559 1536 3189 2573 1694
3583 2559 1536 3394 2596 1728
3839 2559 1536 3657 2593 1671
4095 2559 1536 3960 2573 1554
0 2815 1536 870 2776 1563
256 2815 1536 927 2774 1569
512 2815 1536 1028 2771 1582
768 2815 1536 1193 2765 1605
1024 2815 1536 1394 2757 1638
1280 2815 1536 1601 2750 1672
1536 2815 1536 1801 2747 1700
1792 2815 1536 1988 2752 1704
2048 2815 1536 2167 2762 1692
2303 2815 1536 2373 2768 1702
2559 2815 1536 2581 2776 1713
2815 2815 1536 2791 2786 1724
3071 2815 1536 3003 2798 1736
3327 2815 1536 3216 2811 1748
3583 2815 1536 3429 2828 1763
3839 2815 1536 3686 2829 1692
4095 2815 1536 3972 2819 1562
0 3071 1536 951 3026 1571
256 3071 1536 1003 3025 1577
512 3071 1536 1097 3022 1590
768 3071 1536 1253 3017 1614
1024 3071 1536 1448 3009 1648
1280 3071 1536 1653 3001 1686
1536 3071 1536 1859 2996 1724
1792 3071 1536 2052 2997 1741
2048 3071 1536 2236 3002 1745
2303 3071 1536 2433 3009 1753
2559 3071 1536 2634 3017 1761
2815 3071 1536 2839 3026 1769
3071 3071 1536 3047 3037 1778
3327 3071 1536 3257 3049 1788
3583 3071 1536 3470 3063 1797
3839 3071 1536 3716 3068 1715
4095 3071 1536 3986 3066 1572
0 3327 1536 1032 3278 1579
256 3327 1536 1080 3277 1586
512 3327 1536 1167 3274 1599
768 3327 1536 1314 3269 1622
1024 3327 1536 1503 3261 1658
1280 3327 1536 1705 3253 1699
1536 3327 1536 1915 3246 1743
1792 3327 1536 2113 3244 1771
2048 3327 1536 2304 3245 1789
2303 3327 1536 2494 3251 1795
2559 3327 1536 2689 3259 1801
2815 3327 1536 2889 3267 1808
3071 3327 1536 3095 3277 1814
3327 3327 1536 3302 3288 1821
3583 3327 1536 3513 3300 1829
3839 3327 1536 3748 3308 1741
4095 3327 1536 4000 3314 1590
0 3583 1536 1113 3529 1589
256 3583 1536 1157 3528 1595
512 3583 1536 1239 3526 1608
768 3583 1536 1377 3521 1631
1024 3583 1536 1560 3513 1667
1280 3583 1536 1757 3505 1708
1536 3583 1536 1967 3498 1755
1792 3583 1536 2170 3493 1791
2048 3583 1536 2366 3492 1820
2303 3583 1536 2553 3497 1826
2559 3583 1536 2745 3503 1832
2815 3583 1536 2942 3511 1837
3071 3583 1536 3144 3519 1842
3327 3583 1536 3349 3529 1848
3583 3583 1536 3559 3540 1853
3839 3583 1536 3782 3551 1774
4095 3583 1536 4015 3561 1638
0 3839 1536 1200 3771 1600
256 3839 1536 1236 3772 1604
512 3839 1536 1303 3773 1612
768 3839 1536 1417 3773 1626
1024 3839 1536 1577 3771 1648
1280 3839 1536 1754 3767 1674
1536 3839 1536 1951 3762 1704
1792 3839 1536 2148 3760 1728
2048 3839 1536 2346 3758 1748
2303 3839 1536 2541 3762 1753
2559 3839 1536 2740 3766 1756
2815 3839 1536 2944 3772 1759
3071 3839 1536 3154 3778 1762
3327 3839 1536 3366 3784 1765
3583 3839 1536 3583 3792 1768
3839 3839 1536 3803 3798 1721
4095 3839 1536 4026 3802 1639
0 4095 1536 1293 4007 1613
256 4095 1536 1316 4011 1612
512 4095 1536 1362 4017 1612
768 4095 1536 1442 4027 1610
1024 4095 1536 1569 4032 1610
1280 4095 1536 1715 4034 1610
1536 4095 1536 1888 4036 1610
1792 4095 1536 2075 4037 1609
2048 4095 1536 2271 4038 1609
2303 4095 1536 2480 4040 1609
2559 4095 1536 2694 4042 1610
2815 4095 1536 2914 4044 1610
3071 4095 1536 3137 4047 1610
3327 4095 1536 3363 4050 1609
3583 4095 1536 3593 4053 1609
3839 4095 1536 3816 4048 1610
4095 4095 1536 4035 4037 1610
0 0 1792 0 326 1780
256 0 1792 209 320 1779
512 0 1792 441 320 1779
768 0 1792 706 328 1779
1024 0 1792 959 341 1779
1280 0 1792 1208 356 1779
1536 0 1792 1455 375 1779
1792 0 1792 1701 396 1779
2048 0 1792 1947 419 1779
2303 0 1792 2191 445 1779
2559 0 1792 2437 472 1778
2815 0 1792 2682 501 1778
3071 0 1792 2926 531 1778
3327 0 1792 3171 561 1778
3583 0 1792 3416 593 1778
3839 0 1792 3654 639 1778
4095 0 1792 3888 693 1778
0 256 1792 0 432 1780
256 256 1792 245 435 1752
512 256 1792 488 443 1728
768 256 1792 730 459 1708
1024 256 1792 964 473 1719
1280 256 1792 1200 487 1736
1536 256 1792 1442 503 1748
1792 256 1792 1686 521 1757
2048 256 1792 1931 540 1765
2303 256 1792 2176 562 1769
2559 256 1792 2422 584 1773
2815 256 1792 2668 607 1775
3071 256 1792 2913 632 1777
3327 256 1792 3159 658 1778
3583 256 1792 3405 685 1779
3839 256 1792 3651 709 1779
4095 256 1792 3898 732 1778
0 512 1792 36 585 1780
256 512 1792 287 591 1740
512 512 1792 529 602 1701
768 512 1792 757 620 1664
1024 512 1792 977 634 1676
1280 512 1792 1198 649 1699
1536 512 1792 1431 667 1716
1792 512 1792 1668 685 1732
2048 512 1792 1909 703 1747
2303 512 1792 2153 722 1757
2559 512 1792 2398 741 1766
2815 512 1792 2644 761 1772
3071 512 1792 2891 782 1776
3327 512 1792 3137 803 1780
3583 512 1792 3384 826 1782
3839 512 1792 3641 829 1781
4095 512 1792 3906 818 1778
0 768 1792 124 807 1781
256 768 1792 339 808 1750
512 768 1792 560 814 1710
768 768 1792 791 826 1657
1024 768 1792 1001 840 1659
1280 768 1792 1208 858 1674
1536 768 1792 1423 883 1683
1792 768 1792 1647 906 1700
2048 768 1792 1878 927 1723
2303 768 1792 2119 947 1741
2559 768 1792 2362 966 1756
2815 768 1792 2607 984 1768
3071 768 1792 2855 1003 1777
3327 768 1792 3102 1022 1784
3583 768 1792 3350 1041 1789
3839 768 1792 3621 1022 1787
4095 768 1792 3909 978 1779
0 1024 1792 238 1045 1783
256 1024 1792 409 1044 1761
512 1024 1792 604 1045 1728
768 1024 1792 832 1051 1681
1024 1024 1792 1034 1061 1690
1280 1024 1792 1235 1074 1711
1536 1024 1792 1457 1088 1726
1792 1024 1792 1676 1110 1732
2048 1024 1792 1894 1136 1732
2303 1024 1792 2116 1163 1747
2559 1024 1792 2345 1188 1761
2815 1024 1792 2581 1211 1776
3071 1024 1792 2822 1232 1787
3327 1024 1792 3066 1252 1798
3583 1024 1792 3315 1270 1804
3839 1024 1792 3601 1239 1797
4095 1024 1792 3913 1177 1781
0 1280 1792 352 1287 1785
256 1280 1792 483 1285 1771
512 1280 1792 652 1283 1748
768 1280 1792 876 1283 1714
1024 1280 1792 1071 1289 1729
1280 1280 1792 1268 1296 1755
1536 1280 1792 1498 1299 1776
1792 1280 1792 1715 1316 1772
2048 1280 1792 1925 1343 1752
2303 1280 1792 2134 1374 1760
2559 1280 1792 2349 1404 1771
2815 1280 1792 2571 1433 1787
3071 1280 1792 2802 1459 1802
3327 1280 1792 3039 1482 1815
3583 1280 1792 3288 1498 1822
3839 1280 1792 3586 1462 1809
4095 1280 1792 3917 1390 1783
0 1536 1792 441 1533 1788
256 1536 1792 553 1531 1779
512 1536 1792 707 1528 1766
768 1536 1792 925 1525 1746
1024 1536 1792 1116 1530 1749
1280 1536 1792 1307 1536 1760
1536 1536 1792 1522 1542 1780
1792 1536 1792 1745 1551 1784
2048 1536 1792 1974 1562 1778
2303 1536 1792 2204 1574 1780
2559 1536 1792 2422 1596 1788
2815 1536 1792 2619 1631 1803
3071 1536 1792 2826 1667 1821
3327 1536 1792 3044 1697 1838
3583 1536 1792 3296 1709 1841
3839 1536 1792 3594 1678 1821
4095 1536 1792 3923 1619 1786
0 1792 1792 529 1781 1791
256 1792 1792 625 1779 1788
512 1792 1792 766 1775 1782
768 1792 1792 975 1770 1774
1024 1792 1792 1170 1771 1774
1280 1792 1792 1362 1776 1778
1536 1792 1792 1552 1786 1787
1792 1792 1792 1769 1793 1791
2048 1792 1792 2004 1797 1791
2303 1792 1792 2242 1802 1790
2559 1792 1792 2468 1815 1794
2815 1792 1792 2674 1841 1803
3071 1792 1792 2867 1877 1831
3327 1792 1792 3068 1911 1858
3583 1792 1792 3312 1924 1862
3839 1792 1792 3604 1901 1836
4095 1792 1792 3930 1853 1789
0 2048 1792 617 2030 1795
256 2048 1792 698 2027 1795
512 2048 1792 826 2024 1796
768 2048 1792 1026 2017 1798
1024 2048 1792 1230 2014 1803
1280 2048 1792 1427 2015 1806
1536 2048 1792 1587 2031 1798
1792 2048 1792 1791 2040 1795
2048 2048 1792 2022 2043 1794
2303 2048 1792 2258 2047 1794
2559 2048 1792 2495 2052 1794
2815 2048 1792 2734 2057 1794
3071 2048 1792 2921 2089 1834
3327 2048 1792 3105 2124 1877
3583 2048 1792 3333 2144 1885
3839 2048 1792 3617 2129 1853
4095 2048 1792 3938 2091 1793
0 2303 1792 699 2278 1800
256 2303 1792 771 2276 1802
512 2303 1792 890 2273 1807
768 2303 1792 1079 2266 1815
1024 2303 1792 1284 2261 1828
1280 2303 1792 1487 2258 1839
1536 2303 1792 1660 2268 1838
1792 2303 1792 1847 2279 1823
2048 2303 1792 2045 2290 1799
2303 2303 1792 2278 2294 1804
2559 2303 1792 2511 2298 1810
2815 2303 1792 2744 2304 1817
3071 2303 1792 2954 2322 1842
3327 2303 1792 3159 2344 1873
3583 2303 1792 3363 2370 1908
3839 2303 1792 3634 2362 1876
4095 2303 1792 3948 2333 1798
0 2559 1792 781 2528 1805
256 2559 1792 846 2527 1809
512 2559 1792 956 2523 1816
768 2559 1792 1133 2517 1829
1024 2559 1792 1338 2510 1849
1280 2559 1792 1544 2505 1868
1536 2559 1792 1730 2508 1877
1792 2559 1792 1910 2519 1861
2048 2559 1792 2084 2534 1827
2303 2559 1792 2308 2538 1832
2559 2559 1792 2534 2543 1840
2815 2559 1792 2761 2549 1851
3071 2559 1792 2984 2559 1865
3327 2559 1792 3201 2573 1886
3583 2559 1792 3394 2599 1936
3839 2559 1792 3654 2597 1899
4095 2559 1792 3959 2576 1803
0 2815 1792 864 2778 1811
256 2815 1792 922 2777 1815
512 2815 1792 1024 2774 1825
768 2815 1792 1190 2768 1841
1024 2815 1792 1391 2760 1866
1280 2815 1792 1598 2754 1892
1536 2815 1792 1798 2751 1915
1792 2815 1792 1980 2758 1911
2048 2815 1792 2148 2771 1890
2303 2815 1792 2356 2778 1889
2559 2815 1792 2568 2786 1892
2815 2815 1792 2787 2793 1900
3071 2815 1792 3008 2802 1909
3327 2815 1792 3225 2813 1925
3583 2815 1792 3427 2833 1970
3839 2815 1792 3681 2833 1921
4095 2815 1792 3971 2822 1809
0 3071 1792 946 3029 1817
256 3071 1792 999 3028 1822
512 3071 1792 1093 3025 1833
768 3071 1792 1249 3020 1851
1024 3071 1792 1445 3012 1879
1280 3071 1792 1651 3004 1909
1536 3071 1792 1857 2999 1940
1792 3071 1792 2047 3001 1952
2048 3071 1792 2226 3008 1952
2303 3071 1792 2417 3018 1943
2559 3071 1792 2617 3026 1941
2815 3071 1792 2830 3033 1951
3071 3071 1792 3045 3042 1960
3327 3071 1792 3259 3053 1974
3583 3071 1792 3467 3068 2001
3839 3071 1792 3713 3072 1939
4095 3071 1792 3985 3069 1817
0 3327 1792 1027 3280 1824
256 3327 1792 1076 3279 1830
512 3327 1792 1163 3276 1841
768 3327 1792 1310 3271 1860
1024 3327 1792 1500 3264 1890
1280 3327 1792 1702 3256 1923
1536 3327 1792 1913 3249 1961
1792 3327 1792 2112 3246 1988
2048 3327 1792 2304 3247 2007
2303 3327 1792 2482 3258 1994
2559 3327 1792 2672 3267 1990
2815 3327 1792 2878 3274 2001
3071 3327 1792 3087 3282 2012
3327 3327 1792 3297 3292 2023
3583 3327 1792 3509 3304 2034
3839 3327 1792 3746 3311 1961
4095 3327 1792 4000 3316 1831
0 3583 1792 1109 3531 1832
256 3583 1792 1153 3530 1838
512 3583 1792 1235 3528 1849
768 3583 1792 1373 3523 1868
1024 3583 1792 1557 3516 1899
1280 3583 1792 1754 3508 1934
1536 3583 1792 1965 3500 1976
1792 3583 1792 2170 3495 2011
2048 3583 1792 2370 3492 2042
2303 3583 1792 2551 3500 2041
2559 3583 1792 2739 3507 2043
2815 3583 1792 2937 3514 2050
3071 3583 1792 3140 3522 2058
3327 3583 1792 3346 3532 2066
3583 3583 1792 3554 3543 2075
3839 3583 1792 3779 3553 1999
4095 3583 1792 4015 3564 1865
0 3839 1792 1196 3774 1841
256 3839 1792 1231 3776 1845
512 3839 1792 1298 3777 1852
768 3839 1792 1414 3777 1864
1024 3839 1792 1574 3773 1883
1280 3839 1792 1751 3769 1906
1536 3839 1792 1949 3764 1932
1792 3839 1792 2148 3761 1956
2048 3839 1792 2349 3759 1979
2303 3839 1792 2541 3764 1981
2559 3839 1792 2738 3768 1984
2815 3839 1792 2942 3774 1987
3071 3839 1792 3152 3780 1991
3327 3839 1792 3364 3787 1996
3583 3839 1792 3580 3794 2001
3839 3839 1792 3801 3800 1952
4095 3839 1792 4026 3805 1868
0 4095 1792 1289 4010 1851
256 4095 1792 1310 4017 1851
512 4095 1792 1355 4024 1851
768 4095 1792 1438 4031 1850
1024 4095 1792 1566 4034 1850
1280 4095 1792 1712 4036 1850
1536 4095 1792 1886 4037 1850
1792 4095 1792 2073 4039 1850
2048 4095 1792 2269 4040 1850
2303 4095 1792 2479 4042 1850
2559 4095 1792 2693 4044 1850
2815 4095 1792 2912 4046 1851
3071 4095 1792 3136 4049 1850
3327 4095 1792 3362 4051 1849
3583 4095 1792 3592 4055 1850
3839 4095 1792 3815 4050 1849
4095 4095 1792 4035 4041 1849
0 0 2048 0 372 2032
256 0 2048 197 365 2033
512 0 2048 424 363 2033
768 0 2048 697 370 2033
1024 0 2048 953 381 2033
1280 0 2048 1204 394 2033
1536 0 2048 1452 411 2033
1792 0 2048 1699 430 2033
2048 0 2048 1945 451 2033
2303 0 2048 2189 475 2033
2559 0 2048 2435 500 2033
2815 0 2048 2680 527 2033
3071 0 2048 2925 555 2032
3327 0 2048 3170 584 2032
3583 0 2048 3415 614 2032
3839 0 2048 3655 654 2032
4095 0 2048 3892 701 2031
0 256 2048 0 466 2033
256 256 2048 237 468 2009
512 256 2048 479 476 1984
768 256 2048 730 491 1960
1024 256 2048 967 503 1969
1280 256 2048 1201 516 1984
1536 256 2048 1443 531 1997
1792 256 2048 1686 547 2006
2048 256 2048 1931 565 2014
2303 256 2048 2175 585 2019
2559 256 2048 2421 606 2024
2815 256 2048 2667 628 2027
3071 256 2048 2912 652 2029
3327 256 2048 3158 677 2030
3583 256 2048 3404 703 2031
3839 256 2048 3650 726 2032
4095 256 2048 3898 747 2031
0 512 2048 20 608 2034
256 512 2048 275 614 1997
512 512 2048 525 625 1957
768 512 2048 764 643 1910
1024 512 2048 985 657 1916
1280 512 2048 1204 672 1935
1536 512 2048 1435 688 1954
1792 512 2048 1671 704 1972
2048 512 2048 1911 721 1988
2303 512 2048 2154 739 2000
2559 512 2048 2399 758 2010
2815 512 2048 2645 777 2018
3071 512 2048 2891 798 2023
3327 512 2048 3137 819 2028
3583 512 2048 3383 841 2031
3839 512 2048 3640 845 2032
4095 512 2048 3903 836 2032
0 768 2048 70 822 2035
256 768 2048 313 824 2005
512 768 2048 556 831 1960
768 768 2048 800 844 1895
1024 768 2048 1011 860 1881
1280 768 2048 1215 879 1885
1536 768 2048 1430 901 1902
1792 768 2048 1653 922 1925
2048 768 2048 1883 942 1951
2303 768 2048 2122 960 1971
2559 768 2048 2364 979 1990
2815 768 2048 2609 997 2005
3071 768 2048 2856 1015 2015
3327 768 2048 3102 1033 2025
3583 768 2048 3350 1052 2031
3839 768 2048 3621 1033 2034
4095 768 2048 3908 990 2033
0 1024 2048 198 1056 2036
256 1024 2048 388 1056 2013
512 1024 2048 598 1058 1975
768 1024 2048 838 1065 1916
1024 1024 2048 1043 1077 1906
1280 1024 2048 1244 1091 1916
1536 1024 2048 1461 1102 1953
1792 1024 2048 1677 1123 1963
2048 1024 2048 1893 1151 1954
2303 1024 2048 2117 1176 1969
2559 1024 2048 2346 1200 1985
2815 1024 2048 2582 1222 2002
3071 1024 2048 2824 1242 2016
3327 1024 2048 3067 1262 2029
3583 1024 2048 3315 1280 2038
3839 1024 2048 3600 1249 2039
4095 1024 2048 3912 1186 2035
0 1280 2048 334 1295 2038
256 1280 2048 470 1294 2021
512 1280 2048 645 1293 1993
768 1280 2048 877 1294 1947
1024 1280 2048 1079 1301 1943
1280 1280 2048 1279 1308 1959
1536 1280 2048 1499 1309 2016
1792 1280 2048 1711 1328 2014
2048 1280 2048 1918 1359 1974
2303 1280 2048 2132 1387 1981
2559 1280 2048 2349 1415 1991
2815 1280 2048 2571 1444 2006
3071 1280 2048 2803 1469 2022
3327 1280 2048 3039 1491 2037
3583 1280 2048 3287 1508 2049
3839 1280 2048 3585 1470 2047
4095 1280 2048 3916 1398 2036
0 1536 2048 426 1540 2040
256 1536 2048 541 1538 2029
512 1536 2048 700 1536 2009
768 1536 2048 923 1534 1978
1024 1536 2048 1126 1538 1967
1280 1536 2048 1325 1543 1973
1536 1536 2048 1524 1549 2021
1792 1536 2048 1742 1559 2033
2048 1536 2048 1970 1571 2022
2303 1536 2048 2202 1582 2024
2559 1536 2048 2419 1605 2026
2815 1536 2048 2612 1644 2030
3071 1536 2048 2821 1678 2043
3327 1536 2048 3042 1706 2056
3583 1536 2048 3295 1717 2065
3839 1536 2048 3593 1685 2057
4095 1536 2048 3922 1625 2039
0 1792 2048 517 1787 2043
256 1792 2048 615 1785 2036
512 1792 2048 759 1782 2025
768 1792 2048 971 1778 2005
1024 1792 2048 1177 1778 1995
1280 1792 2048 1376 1781 1995
1536 1792 2048 1554 1792 2030
1792 1792 2048 1767 1799 2043
2048 1792 2048 2002 1802 2043
2303 1792 2048 2240 1807 2043
2559 1792 2048 2464 1822 2042
2815 1792 2048 2667 1851 2042
3071 1792 2048 2861 1887 2058
3327 1792 2048 3064 1920 2077
3583 1792 2048 3310 1932 2084
3839 1792 2048 3603 1907 2070
4095 1792 2048 3929 1859 2042
0 2048 2048 608 2034 2046
256 2048 2048 690 2033 2044
512 2048 2048 820 2029 2039
768 2048 2048 1022 2024 2030
1024 2048 2048 1230 2020 2025
1280 2048 2048 1430 2021 2025
1536 2048 2048 1586 2037 2040
1792 2048 2048 1788 2045 2046
2048 2048 2048 2020 2048 2046
2303 2048 2048 2256 2052 2046
2559 2048 2048 2493 2057 2046
2815 2048 2048 2732 2062 2046
3071 2048 2048 2916 2096 2071
3327 2048 2048 3099 2133 2099
3583 2048 2048 3330 2151 2106
3839 2048 2048 3615 2134 2085
4095 2048 2048 3937 2096 2045
0 2303 2048 691 2283 2050
256 2303 2048 764 2281 2050
512 2303 2048 885 2277 2050
768 2303 2048 1075 2272 2049
1024 2303 2048 1283 2266 2052
1280 2303 2048 1487 2264 2057
1536 2303 2048 1659 2273 2065
1792 2303 2048 1846 2284 2062
2048 2303 2048 2043 2295 2050
2303 2303 2048 2276 2298 2050
2559 2303 2048 2511 2302 2050
2815 2303 2048 2748 2307 2050
3071 2303 2048 2959 2325 2066
3327 2303 2048 3164 2347 2089
3583 2303 2048 3363 2375 2125
3839 2303 2048 3632 2367 2105
4095 2303 2048 3947 2337 2049
0 2559 2048 774 2532 2055
256 2559 2048 840 2530 2056
512 2559 2048 951 2527 2060
768 2559 2048 1130 2521 2066
1024 2559 2048 1336 2515 2076
1280 2559 2048 1543 2510 2087
1536 2559 2048 1730 2513 2095
1792 2559 2048 1907 2524 2086
2048 2559 2048 2077 2540 2065
2303 2559 2048 2301 2545 2058
2559 2559 2048 2530 2550 2054
2815 2559 2048 2765 2553 2054
3071 2559 2048 2995 2561 2062
3327 2559 2048 3214 2573 2082
3583 2559 2048 3396 2603 2146
3839 2559 2048 3652 2602 2127
4095 2559 2048 3958 2580 2054
0 2815 2048 858 2782 2060
256 2815 2048 917 2781 2063
512 2815 2048 1019 2778 2068
768 2815 2048 1186 2772 2079
1024 2815 2048 1388 2764 2095
1280 2815 2048 1596 2758 2113
1536 2815 2048 1797 2756 2130
1792 2815 2048 1971 2765 2121
2048 2815 2048 2128 2781 2095
2303 2815 2048 2334 2791 2073
2559 2815 2048 2551 2798 2059
2815 2815 2048 2784 2801 2059
3071 2815 2048 3018 2806 2060
3327 2815 2048 3242 2814 2079
3583 2815 2048 3427 2837 2169
3839 2815 2048 3677 2838 2150
4095 2815 2048 3970 2825 2059
0 3071 2048 940 3032 2065
256 3071 2048 994 3031 2069
512 3071 2048 1089 3028 2076
768 3071 2048 1246 3023 2089
1024 3071 2048 1442 3015 2110
1280 3071 2048 1648 3008 2133
1536 3071 2048 1855 3003 2157
1792 3071 2048 2041 3006 2163
2048 3071 2048 2212 3016 2155
2303 3071 2048 2391 3031 2117
2559 3071 2048 2590 3041 2096
2815 3071 2048 2817 3044 2105
3071 3071 2048 3044 3049 2113
3327 3071 2048 3266 3057 2131
3583 3071 2048 3468 3072 2187
3839 3071 2048 3712 3076 2155
4095 3071 2048 3985 3072 2065
0 3327 2048 1022 3283 2071
256 3327 2048 1071 3282 2076
512 3327 2048 1159 3279 2084
768 3327 2048 1307 3274 2099
1024 3327 2048 1497 3267 2123
1280 3327 2048 1700 3259 2150
1536 3327 2048 1911 3252 2181
1792 3327 2048 2109 3250 2202
2048 3327 2048 2298 3252 2217
2303 3327 2048 2458 3269 2171
2559 3327 2048 2641 3281 2149
2815 3327 2048 2859 3285 2164
3071 3327 2048 3077 3291 2180
3327 3327 2048 3293 3298 2196
3583 3327 2048 3509 3309 2212
3839 3327 2048 3747 3315 2163
4095 3327 2048 4000 3318 2071
0 3583 2048 1104 3533 2078
256 3583 2048 1149 3533 2082
512 3583 2048 1231 3530 2092
768 3583 2048 1370 3525 2108
1024 3583 2048 1553 3518 2133
1280 3583 2048 1752 3511 2162
1536 3583 2048 1963 3503 2198
1792 3583 2048 2167 3498 2227
2048 3583 2048 2366 3496 2254
2303 3583 2048 2537 3506 2237
2559 3583 2048 2721 3515 2230
2815 3583 2048 2924 3521 2238
3071 3583 2048 3131 3529 2250
3327 3583 2048 3340 3537 2262
3583 3583 2048 3550 3547 2275
3839 3583 2048 3778 3557 2205
4095 3583 2048 4016 3566 2080
0 3839 2048 1191 3778 2085
256 3839 2048 1224 3782 2088
512 3839 2048 1292 3783 2094
768 3839 2048 1410 3780 2105
1024 3839 2048 1571 3776 2121
1280 3839 2048 1749 3771 2140
1536 3839 2048 1947 3767 2163
1792 3839 2048 2146 3764 2184
2048 3839 2048 2346 3762 2203
2303 3839 2048 2535 3767 2200
2559 3839 2048 2730 3773 2199
2815 3839 2048 2935 3778 2203
3071 3839 2048 3146 3784 2209
3327 3839 2048 3359 3790 2216
3583 3839 2048 3575 3798 2223
3839 3839 2048 3799 3804 2173
4095 3839 2048 4029 3809 2086
0 4095 2048 1281 4018 2091
256 4095 2048 1298 4030 2092
512 4095 2048 1345 4037 2093
768 4095 2048 1434 4037 2093
1024 4095 2048 1563 4038 2094
1280 4095 2048 1710 4038 2094
1536 4095 2048 1884 4039 2094
1792 4095 2048 2071 4041 2094
2048 4095 2048 2268 4042 2094
2303 4095 2048 2478 4044 2094
2559 4095 2048 2691 4046 2094
2815 4095 2048 2911 4048 2093
3071 4095 2048 3135 4051 2094
3327 4095 2048 3361 4054 2094
3583 4095 2048 3590 4057 2093
3839 4095 2048 3816 4054 2092
4095 4095 2048 4038 4047 2090
0 0 2303 0 418 2283
256 0 2303 182 410 2285
512 0 2303 404 408 2286
768 0 2303 686 413 2286
1024 0 2303 946 423 2286
1280 0 2303 1199 434 2286
1536 0 2303 1447 450 2286
1792 0 2303 1695 467 2286
2048 0 2303 1942 486 2286
2303 0 2303 2187 508 2286
2559 0 2303 2432 532 2286
2815 0 2303 2678 557 2286
3071 0 2303 2923 583 2286
3327 0 2303 3168 611 2286
3583 0 2303 3413 639 2285
3839 0 2303 3656 673 2285
4095 0 2303 3897 711 2284
0 256 2303 0 501 2285
256 256 2303 225 504 2264
512 256 2303 464 511 2240
768 256 2303 727 524 2214
1024 256 2303 966 536 2221
1280 256 2303 1201 547 2235
1536 256 2303 1442 561 2247
1792 256 2303 1686 576 2256
2048 256 2303 1930 593 2264
2303 256 2303 2174 612 2269
2559 256 2303 2420 632 2274
2815 256 2303 2666 653 2277
3071 256 2303 2911 676 2280
3327 256 2303 3157 700 2282
3583 256 2303 3402 725 2283
3839 256 2303 3650 744 2284
4095 256 2303 3900 760 2285
0 512 2303 8 634 2287
256 512 2303 261 641 2253
512 512 2303 513 652 2213
768 512 2303 766 669 2164
1024 512 2303 991 683 2163
1280 512 2303 1210 697 2176
1536 512 2303 1440 712 2196
1792 512 2303 1675 727 2214
2048 512 2303 1913 743 2231
2303 512 2303 2156 760 2244
2559 512 2303 2400 778 2255
2815 512 2303 2645 797 2263
3071 512 2303 2891 817 2270
3327 512 2303 3137 837 2275
3583 512 2303 3383 859 2279
3839 512 2303 3640 861 2282
4095 512 2303 3903 851 2286
0 768 2303 27 840 2288
256 768 2303 287 843 2259
512 768 2303 546 850 2215
768 768 2303 803 863 2146
1024 768 2303 1020 882 2116
1280 768 2303 1229 902 2104
1536 768 2303 1440 922 2128
1792 768 2303 1662 940 2155
2048 768 2303 1890 959 2182
2303 768 2303 2128 976 2205
2559 768 2303 2368 994 2225
2815 768 2303 2612 1012 2242
3071 768 2303 2857 1029 2254
3327 768 2303 3104 1047 2265
3583 768 2303 3351 1066 2273
3839 768 2303 3621 1047 2280
4095 768 2303 3906 1004 2286
0 1024 2303 157 1069 2289
256 1024 2303 364 1070 2266
512 1024 2303 589 1074 2227
768 1024 2303 839 1081 2164
1024 1024 2303 1053 1095 2132
1280 1024 2303 1259 1111 2120
1536 1024 2303 1467 1123 2160
1792 1024 2303 1681 1143 2175
2048 1024 2303 1897 1168 2174
2303 1024 2303 2121 1192 2191
2559 1024 2303 2350 1214 2209
2815 1024 2303 2586 1235 2229
3071 1024 2303 2826 1255 2245
3327 1024 2303 3069 1274 2260
3583 1024 2303 3315 1292 2272
3839 1024 2303 3600 1261 2281
4095 1024 2303 3910 1198 2288
0 1280 2303 305 1306 2290
256 1280 2303 451 1305 2273
512 1280 2303 635 1305 2242
768 1280 2303 876 1307 2191
1024 1280 2303 1088 1316 2163
1280 1280 2303 1294 1325 2156
1536 1280 2303 1499 1329 2213
1792 1280 2303 1708 1348 2219
2048 1280 2303 1918 1376 2190
2303 1280 2303 2133 1403 2198
2559 1280 2303 2351 1429 2209
2815 1280 2303 2573 1456 2225
3071 1280 2303 2805 1480 2243
3327 1280 2303 3041 1502 2260
3583 1280 2303 3288 1519 2275
3839 1280 2303 3584 1481 2284
4095 1280 2303 3915 1407 2289
0 1536 2303 407 1549 2292
256 1536 2303 527 1548 2280
512 1536 2303 691 1546 2257
768 1536 2303 920 1545 2218
1024 1536 2303 1132 1550 2191
1280 1536 2303 1336 1555 2184
1536 1536 2303 1525 1561 2251
1792 1536 2303 1738 1570 2272
2048 1536 2303 1968 1581 2264
2303 1536 2303 2195 1596 2259
2559 1536 2303 2410 1621 2255
2815 1536 2303 2607 1658 2250
3071 1536 2303 2819 1691 2260
3327 1536 2303 3042 1717 2274
3583 1536 2303 3294 1727 2288
3839 1536 2303 3592 1695 2293
4095 1536 2303 3921 1633 2291
0 1792 2303 503 1794 2295
256 1792 2303 603 1793 2286
512 1792 2303 750 1790 2271
768 1792 2303 967 1787 2244
1024 1792 2303 1179 1788 2221
1280 1792 2303 1384 1791 2213
1536 1792 2303 1561 1799 2264
1792 1792 2303 1769 1805 2288
2048 1792 2303 1999 1810 2295
2303 1792 2303 2232 1818 2289
2559 1792 2303 2455 1834 2282
2815 1792 2303 2662 1862 2274
3071 1792 2303 2858 1898 2281
3327 1792 2303 3062 1931 2293
3583 1792 2303 3309 1941 2306
3839 1792 2303 3602 1916 2304
4095 1792 2303 3928 1865 2294
0 2048 2303 595 2041 2297
256 2048 2303 679 2039 2293
512 2048 2303 811 2036 2284
768 2048 2303 1016 2032 2268
1024 2048 2303 1229 2029 2252
1280 2048 2303 1435 2029 2243
1536 2048 2303 1603 2041 2261
1792 2048 2303 1801 2049 2279
2048 2048 2303 2017 2054 2298
2303 2048 2303 2253 2058 2298
2559 2048 2303 2491 2063 2298
2815 2048 2303 2730 2068 2297
3071 2048 2303 2914 2104 2306
3327 2048 2303 3096 2143 2316
3583 2048 2303 3329 2159 2326
3839 2048 2303 3614 2142 2318
4095 2048 2303 3936 2102 2297
0 2303 2303 681 2288 2301
256 2303 2303 755 2286 2299
512 2303 2303 877 2284 2294
768 2303 2303 1070 2278 2286
1024 2303 2303 1281 2274 2279
1280 2303 2303 1489 2272 2275
1536 2303 2303 1670 2278 2284
1792 2303 2303 1854 2288 2293
2048 2303 2303 2040 2300 2301
2303 2303 2303 2273 2304 2301
2559 2303 2303 2509 2308 2301
2815 2303 2303 2746 2312 2301
3071 2303 2303 2953 2333 2310
3327 2303 2303 3154 2358 2323
3583 2303 2303 3360 2383 2348
3839 2303 2303 3631 2374 2336
4095 2303 2303 3946 2342 2300
0 2559 2303 766 2537 2305
256 2559 2303 832 2535 2305
512 2559 2303 944 2532 2304
768 2559 2303 1125 2527 2303
1024 2559 2303 1332 2521 2304
1280 2559 2303 1543 2516 2306
1536 2559 2303 1735 2518 2311
1792 2559 2303 1910 2529 2313
2048 2559 2303 2075 2545 2312
2303 2559 2303 2299 2550 2307
2559 2559 2303 2528 2554 2305
2815 2559 2303 2763 2558 2305
3071 2559 2303 2988 2568 2312
3327 2559 2303 3203 2582 2327
3583 2559 2303 3391 2611 2370
3839 2559 2303 3650 2608 2356
4095 2559 2303 3957 2585 2304
0 2815 2303 850 2786 2309
256 2815 2303 909 2785 2311
512 2815 2303 1012 2782 2313
768 2815 2303 1182 2777 2317
1024 2815 2303 1385 2770 2325
1280 2815 2303 1595 2764 2334
1536 2815 2303 1798 2761 2345
1792 2815 2303 1972 2770 2343
2048 2815 2303 2128 2785 2332
2303 2815 2303 2332 2795 2318
2559 2815 2303 2549 2802 2309
2815 2815 2303 2782 2806 2309
3071 2815 2303 3015 2810 2310
3327 2815 2303 3239 2819 2325
3583 2815 2303 3424 2843 2392
3839 2815 2303 3675 2844 2378
4095 2815 2303 3969 2829 2309
0 3071 2303 933 3036 2314
256 3071 2303 987 3035 2317
512 3071 2303 1082 3032 2321
768 3071 2303 1241 3027 2329
1024 3071 2303 1439 3020 2342
1280 3071 2303 1646 3013 2357
1536 3071 2303 1854 3008 2374
1792 3071 2303 2040 3011 2380
2048 3071 2303 2211 3021 2379
2303 3071 2303 2383 3037 2345
2559 3071 2303 2579 3048 2326
2815 3071 2303 2808 3052 2329
3071 3071 2303 3039 3056 2332
3327 3071 2303 3266 3062 2342
3583 3071 2303 3472 3077 2382
3839 3071 2303 3715 3080 2366
4095 3071 2303 3983 3075 2314
0 3327 2303 1016 3286 2320
256 3327 2303 1065 3285 2323
512 3327 2303 1153 3283 2329
768 3327 2303 1302 3278 2340
1024 3327 2303 1493 3271 2357
1280 3327 2303 1697 3263 2376
1536 3327 2303 1909 3256 2400
1792 3327 2303 2107 3255 2417
2048 3327 2303 2296 3256 2429
2303 3327 2303 2444 3277 2383
2559 3327 2303 2620 3292 2356
2815 3327 2303 2839 3297 2356
3071 3327 2303 3064 3302 2361
3327 3327 2303 3291 3306 2367
3583 3327 2303 3519 3313 2374
3839 3327 2303 3756 3318 2356
4095 3327 2303 3998 3322 2320
0 3583 2303 1098 3537 2326
256 3583 2303 1143 3536 2329
512 3583 2303 1226 3534 2336
768 3583 2303 1366 3529 2349
1024 3583 2303 1550 3522 2368
1280 3583 2303 1749 3514 2391
1536 3583 2303 1961 3507 2419
1792 3583 2303 2165 3502 2444
2048 3583 2303 2364 3500 2466
2303 3583 2303 2529 3512 2448
2559 3583 2303 2702 3525 2425
2815 3583 2303 2885 3539 2393
3071 3583 2303 3099 3546 2390
3327 3583 2303 3322 3551 2396
3583 3583 2303 3547 3557 2410
3839 3583 2303 3778 3563 2383
4095 3583 2303 4015 3570 2329
0 3839 2303 1185 3781 2331
256 3839 2303 1220 3783 2333
512 3839 2303 1289 3783 2338
768 3839 2303 1406 3782 2347
1024 3839 2303 1568 3778 2360
1280 3839 2303 1745 3775 2375
1536 3839 2303 1944 3770 2394
1792 3839 2303 2143 3767 2411
2048 3839 2303 2344 3765 2428
2303 3839 2303 2530 3772 2424
2559 3839 2303 2718 3780 2410
2815 3839 2303 2905 3792 2382
3071 3839 2303 3121 3798 2378
3327 3839 2303 3344 3802 2382
3583 3839 2303 3569 3806 2392
3839 3839 2303 3798 3810 2373
4095 3839 2303 4029 3814 2334
0 4095 2303 1275 4021 2335
256 4095 2303 1297 4027 2336
512 4095 2303 1345 4032 2337
768 4095 2303 1431 4035 2338
1024 4095 2303 1559 4039 2339
1280 4095 2303 1705 4041 2339
1536 4095 2303 1880 4042 2339
1792 4095 2303 2069 4043 2340
2048 4095 2303 2265 4045 2340
2303 4095 2303 2475 4047 2340
2559 4095 2303 2689 4049 2339
2815 4095 2303 2909 4051 2339
3071 4095 2303 3133 4054 2339
3327 4095 2303 3359 4056 2340
3583 4095 2303 3589 4059 2339
3839 4095 2303 3816 4059 2338
4095 4095 2303 4042 4055 2336
0 0 2559 0 463 2534
256 0 2559 169 456 2537
512 0 2559 386 453 2540
768 0 2559 674 457 2540
1024 0 2559 937 465 2540
1280 0 2559 1193 475 2540
1536 0 2559 1443 489 2541
1792 0 2559 1691 505 2540
2048 0 2559 1938 522 2540
2303 0 2559 2184 543 2540
2559 0 2559 2430 564 2540
2815 0 2559 2676 588 2540
3071 0 2559 2921 613 2540
3327 0 2559 3166 639 2540
3583 0 2559 3411 666 2540
3839 0 2559 3656 696 2539
4095 0 2559 3899 727 2539
0 256 2559 0 538 2538
256 256 2559 212 540 2519
512 256 2559 449 547 2497
768 256 2559 722 559 2470
1024 256 2559 965 569 2475
1280 256 2559 1201 580 2488
1536 256 2559 1442 592 2498
1792 256 2559 1685 607 2507
2048 256 2559 1929 622 2515
2303 256 2559 2173 640 2521
2559 256 2559 2419 659 2525
2815 256 2559 2664 679 2529
3071 256 2559 2910 701 2532
3327 256 2559 3156 724 2534
3583 256 2559 3401 748 2535
3839 256 2559 3650 765 2537
4095 256 2559 3901 778 2539
0 512 2559 0 662 2541
256 512 2559 246 669 2510
512 512 2559 500 679 2471
768 512 2559 766 696 2420
1024 512 2559 995 710 2413
1280 512 2559 1216 723 2420
1536 512 2559 1444 737 2440
1792 512 2559 1678 751 2459
2048 512 2559 1916 766 2476
2303 512 2559 2157 783 2489
2559 512 2559 2401 800 2501
2815 512 2559 2645 818 2510
3071 512 2559 2891 837 2517
3327 512 2559 3137 857 2524
3583 512 2559 3383 878 2528
3839 512 2559 3639 880 2534
4095 512 2559 3903 868 2540
0 768 2559 0 860 2542
256 768 2559 266 863 2515
512 768 2559 534 871 2470
768 768 2559 804 884 2400
1024 768 2559 1029 905 2355
1280 768 2559 1242 926 2331
1536 768 2559 1451 943 2359
1792 768 2559 1671 960 2387
2048 768 2559 1897 977 2417
2303 768 2559 2133 994 2441
2559 768 2559 2372 1011 2462
2815 768 2559 2615 1028 2481
3071 768 2559 2859 1045 2495
3327 768 2559 3105 1062 2507
3583 768 2559 3351 1080 2516
3839 768 2559 3621 1062 2528
4095 768 2559 3905 1019 2541
0 1024 2559 123 1084 2543
256 1024 2559 341 1086 2520
512 1024 2559 577 1090 2480
768 1024 2559 839 1098 2415
1024 1024 2559 1062 1114 2364
1280 1024 2559 1274 1131 2334
1536 1024 2559 1476 1145 2369
1792 1024 2559 1686 1164 2388
2048 1024 2559 1902 1186 2395
2303 1024 2559 2126 1208 2416
2559 1024 2559 2355 1229 2436
2815 1024 2559 2590 1249 2458
3071 1024 2559 2830 1268 2476
3327 1024 2559 3071 1287 2493
3583 1024 2559 3317 1305 2507
3839 1024 2559 3600 1274 2524
4095 1024 2559 3909 1211 2542
0 1280 2559 269 1317 2544
256 1280 2559 429 1317 2526
512 1280 2559 624 1318 2493
768 1280 2559 874 1321 2438
1024 1280 2559 1096 1331 2391
1280 1280 2559 1308 1342 2363
1536 1280 2559 1505 1351 2406
1792 1280 2559 1710 1370 2415
2048 1280 2559 1920 1394 2401
2303 1280 2559 2135 1419 2413
2559 1280 2559 2354 1444 2427
2815 1280 2559 2577 1470 2445
3071 1280 2559 2808 1493 2465
3327 1280 2559 3044 1514 2485
3583 1280 2559 3289 1531 2503
3839 1280 2559 3584 1493 2522
4095 1280 2559 3913 1418 2543
0 1536 2559 383 1558 2546
256 1536 2559 510 1558 2532
512 1536 2559 680 1557 2506
768 1536 2559 916 1557 2463
1024 1536 2559 1137 1562 2421
1280 1536 2559 1348 1568 2400
1536 1536 2559 1533 1576 2457
1792 1536 2559 1741 1586 2479
2048 1536 2559 1965 1598 2478
2303 1536 2559 2186 1615 2477
2559 1536 2559 2401 1639 2474
2815 1536 2559 2603 1674 2468
3071 1536 2559 2818 1704 2477
3327 1536 2559 3043 1729 2492
3583 1536 2559 3294 1739 2513
3839 1536 2559 3591 1705 2530
4095 1536 2559 3919 1642 2545
0 1792 2559 486 1802 2548
256 1792 2559 589 1801 2538
512 1792 2559 740 1799 2519
768 1792 2559 961 1797 2486
1024 1792 2559 1181 1798 2452
1280 1792 2559 1392 1801 2433
1536 1792 2559 1573 1809 2477
1792 1792 2559 1776 1816 2504
2048 1792 2559 1996 1823 2519
2303 1792 2559 2224 1833 2518
2559 1792 2559 2445 1849 2514
2815 1792 2559 2657 1875 2504
3071 1792 2559 2856 1910 2505
3327 1792 2559 3062 1942 2510
3583 1792 2559 3308 1952 2528
3839 1792 2559 3601 1925 2540
4095 1792 2559 3926 1873 2547
0 2048 2559 581 2047 2550
256 2048 2559 667 2046 2543
512 2048 2559 802 2044 2531
768 2048 2559 1010 2040 2508
1024 2048 2559 1228 2038 2483
1280 2048 2559 1440 2038 2464
1536 2048 2559 1621 2047 2476
1792 2048 2559 1815 2055 2501
2048 2048 2559 2017 2062 2535
2303 2048 2559 2251 2066 2542
2559 2048 2559 2488 2070 2548
2815 2048 2559 2728 2074 2550
3071 2048 2559 2912 2112 2541
3327 2048 2559 3095 2152 2535
3583 2048 2559 3328 2168 2547
3839 2048 2559 3613 2150 2551
4095 2048 2559 3934 2108 2550
0 2303 2559 669 2294 2553
256 2303 2559 745 2293 2549
512 2303 2559 868 2290 2541
768 2303 2559 1063 2286 2526
1024 2303 2559 1278 2282 2510
1280 2303 2559 1491 2280 2497
1536 2303 2559 1681 2285 2501
1792 2303 2559 1862 2294 2519
2048 2303 2559 2038 2306 2548
2303 2303 2559 2271 2310 2551
2559 2303 2559 2506 2314 2553
2815 2303 2559 2744 2318 2553
3071 2303 2559 2949 2341 2553
3327 2303 2559 3148 2368 2555
3583 2303 2559 3357 2391 2570
3839 2303 2559 3630 2381 2568
4095 2303 2559 3944 2348 2553
0 2559 2559 756 2542 2556
256 2559 2559 823 2541 2555
512 2559 2559 936 2538 2551
768 2559 2559 1119 2533 2543
1024 2559 2559 1329 2528 2535
1280 2559 2559 1542 2524 2529
1536 2559 2559 1740 2525 2529
1792 2559 2559 1915 2534 2540
2048 2559 2559 2074 2550 2559
2303 2559 2559 2297 2555 2558
2559 2559 2559 2525 2559 2557
2815 2559 2559 2761 2563 2557
3071 2559 2559 2983 2575 2560
3327 2559 2559 3196 2591 2568
3583 2559 2559 3388 2618 2593
3839 2559 2559 3649 2615 2586
4095 2559 2559 3955 2590 2556
0 2815 2559 842 2790 2560
256 2815 2559 901 2790 2560
512 2815 2559 1005 2787 2560
768 2815 2559 1176 2782 2558
1024 2815 2559 1381 2776 2558
1280 2815 2559 1593 2770 2558
1536 2815 2559 1799 2768 2562
1792 2815 2559 1976 2775 2565
2048 2815 2559 2134 2789 2567
2303 2815 2559 2333 2799 2563
2559 2815 2559 2546 2807 2561
2815 2815 2559 2780 2810 2561
3071 2815 2559 3013 2815 2561
3327 2815 2559 3236 2825 2571
3583 2815 2559 3421 2850 2616
3839 2815 2559 3672 2850 2607
4095 2815 2559 3968 2834 2560
0 3071 2559 926 3040 2565
256 3071 2559 979 3039 2566
512 3071 2559 1076 3037 2568
768 3071 2559 1236 3032 2570
1024 3071 2559 1435 3025 2576
1280 3071 2559 1643 3019 2583
1536 3071 2559 1854 3014 2592
1792 3071 2559 2041 3017 2598
2048 3071 2559 2215 3025 2602
2303 3071 2559 2379 3043 2579
2559 3071 2559 2570 3055 2565
2815 3071 2559 2801 3058 2565
3071 3071 2559 3035 3062 2565
3327 3071 2559 3264 3067 2570
3583 3071 2559 3472 3082 2598
3839 3071 2559 3715 3085 2593
4095 3071 2559 3982 3080 2565
0 3327 2559 1009 3290 2570
256 3327 2559 1058 3289 2572
512 3327 2559 1147 3287 2575
768 3327 2559 1297 3282 2581
1024 3327 2559 1489 3275 2592
1280 3327 2559 1694 3268 2604
1536 3327 2559 1907 3261 2620
1792 3327 2559 2106 3260 2632
2048 3327 2559 2296 3261 2643
2303 3327 2559 2435 3284 2605
2559 3327 2559 2607 3300 2580
2815 3327 2559 2826 3306 2571
3071 3327 2559 3056 3310 2569
3327 3327 2559 3288 3313 2571
3583 3327 2559 3520 3318 2577
3839 3327 2559 3757 3322 2577
4095 3327 2559 3997 3326 2571
0 3583 2559 1092 3540 2575
256 3583 2559 1137 3539 2577
512 3583 2559 1220 3537 2582
768 3583 2559 1361 3533 2591
1024 3583 2559 1546 3526 2605
1280 3583 2559 1746 3519 2621
1536 3583 2559 1958 3511 2642
1792 3583 2559 2163 3507 2661
2048 3583 2559 2363 3505 2679
2303 3583 2559 2524 3518 2664
2559 3583 2559 2689 3533 2635
2815 3583 2559 2861 3552 2585
3071 3583 2559 3079 3558 2575
3327 3583 2559 3310 3561 2577
3583 3583 2559 3543 3565 2588
3839 3583 2559 3777 3569 2588
4095 3583 2559 4013 3573 2579
0 3839 2559 1180 3783 2578
256 3839 2559 1216 3784 2580
512 3839 2559 1284 3785 2584
768 3839 2559 1402 3784 2591
1024 3839 2559 1564 3782 2601
1280 3839 2559 1742 3778 2613
1536 3839 2559 1941 3774 2627
1792 3839 2559 2141 3771 2641
2048 3839 2559 2342 3769 2654
2303 3839 2559 2527 3776 2650
2559 3839 2559 2709 3786 2631
2815 3839 2559 2887 3802 2589
3071 3839 2559 3104 3807 2581
3327 3839 2559 3333 3810 2582
3583 3839 2559 3565 3813 2591
3839 3839 2559 3797 3816 2590
4095 3839 2559 4029 3818 2583
0 4095 2559 1271 4022 2580
256 4095 2559 1295 4026 2581
512 4095 2559 1343 4030 2583
768 4095 2559 1427 4037 2585
1024 4095 2559 1555 4041 2586
1280 4095 2559 1702 4044 2587
1536 4095 2559 1877 4045 2587
1792 4095 2559 2065 4046 2587
2048 4095 2559 2262 4048 2587
2303 4095 2559 2472 4050 2587
2559 4095 2559 2687 4052 2587
2815 4095 2559 2907 4054 2587
3071 4095 2559 3131 4056 2587
3327 4095 2559 3358 4059 2587
3583 4095 2559 3587 4062 2587
3839 4095 2559 3816 4063 2586
4095 4095 2559 4043 4061 2583
0 0 2815 0 509 2784
256 0 2815 158 503 2788
512 0 2815 370 500 2792
768 0 2815 662 501 2794
1024 0 2815 928 508 2794
1280 0 2815 1186 517 2795
1536 0 2815 1437 529 2795
1792 0 2815 1687 544 2795
2048 0 2815 1935 560 2794
2303 0 2815 2181 579 2794
2559 0 2815 2427 599 2794
2815 0 2815 2673 620 2794
3071 0 2815 2919 644 2794
3327 0 2815 3164 668 2794
3583 0 2815 3410 694 2794
3839 0 2815 3654 723 2793
4095 0 2815 3898 753 2793
0 256 2815 0 576 2791
256 256 2815 199 578 2774
512 256 2815 431 584 2753
768 256 2815 715 595 2727
1024 256 2815 961 605 2731
1280 256 2815 1199 614 2741
1536 256 2815 1440 625 2751
1792 256 2815 1683 639 2759
2048 256 2815 1928 653 2767
2303 256 2815 2172 670 2772
2559 256 2815 2417 688 2777
2815 256 2815 2663 707 2781
3071 256 2815 2909 728 2784
3327 256 2815 3154 750 2786
3583 256 2815 3400 773 2788
3839 256 2815 3649 789 2790
4095 256 2815 3899 802 2793
0 512 2815 0 692 2795
256 512 2815 232 698 2767
512 512 2815 483 709 2729
768 512 2815 763 725 2679
1024 512 2815 997 738 2666
1280 512 2815 1221 751 2668
1536 512 2815 1448 764 2687
1792 512 2815 1681 777 2706
2048 512 2815 1918 791 2723
2303 512 2815 2159 807 2736
2559 512 2815 2401 824 2748
2815 512 2815 2646 841 2758
3071 512 2815 2891 860 2766
3327 512 2815 3136 879 2772
3583 512 2815 3382 899 2777
3839 512 2815 3638 901 2785
4095 512 2815 3901 890 2794
0 768 2815 0 882 2796
256 768 2815 253 885 2770
512 768 2815 518 893 2727
768 768 2815 803 906 2658
1024 768 2815 1037 928 2601
1280 768 2815 1256 950 2565
1536 768 2815 1463 965 2594
1792 768 2815 1680 981 2624
2048 768 2815 1904 997 2654
2303 768 2815 2139 1013 2679
2559 768 2815 2376 1029 2702
2815 768 2815 2618 1045 2721
3071 768 2815 2862 1062 2736
3327 768 2815 3106 1079 2750
3583 768 2815 3352 1097 2760
3839 768 2815 3621 1079 2776
4095 768 2815 3904 1037 2795
0 1024 2815 98 1101 2797
256 1024 2815 320 1102 2775
512 1024 2815 563 1107 2735
768 1024 2815 836 1116 2670
1024 1024 2815 1069 1133 2607
1280 1024 2815 1288 1152 2561
1536 1024 2815 1488 1168 2579
1792 1024 2815 1696 1186 2598
2048 1024 2815 1910 1205 2619
2303 1024 2815 2133 1226 2642
2559 1024 2815 2361 1245 2665
2815 1024 2815 2595 1265 2688
3071 1024 2815 2834 1283 2709
3327 1024 2815 3075 1301 2728
3583 1024 2815 3319 1319 2743
3839 1024 2815 3600 1288 2767
4095 1024 2815 3907 1226 2796
0 1280 2815 222 1330 2798
256 1280 2815 401 1330 2780
512 1280 2815 611 1332 2746
768 1280 2815 869 1336 2690
1024 1280 2815 1101 1347 2631
1280 1280 2815 1320 1360 2584
1536 1280 2815 1517 1375 2589
1792 1280 2815 1719 1394 2597
2048 1280 2815 1925 1415 2606
2303 1280 2815 2139 1438 2625
2559 1280 2815 2358 1461 2644
2815 1280 2815 2582 1484 2666
3071 1280 2815 2813 1506 2688
3327 1280 2815 3048 1527 2710
3583 1280 2815 3292 1543 2731
3839 1280 2815 3585 1505 2761
4095 1280 2815 3911 1430 2797
0 1536 2815 350 1569 2800
256 1536 2815 488 1568 2785
512 1536 2815 668 1569 2758
768 1536 2815 910 1569 2711
1024 1536 2815 1139 1575 2659
1280 1536 2815 1358 1583 2619
1536 1536 2815 1552 1595 2627
1792 1536 2815 1753 1609 2637
2048 1536 2815 1960 1624 2650
2303 1536 2815 2176 1641 2668
2559 1536 2815 2391 1662 2679
2815 1536 2815 2602 1691 2682
3071 1536 2815 2820 1718 2694
3327 1536 2815 3045 1742 2711
3583 1536 2815 3295 1751 2737
3839 1536 2815 3591 1717 2767
4095 1536 2815 3918 1652 2799
0 1792 2815 462 1811 2801
256 1792 2815 572 1810 2790
512 1792 2815 729 1809 2769
768 1792 2815 956 1808 2732
1024 1792 2815 1181 1810 2688
1280 1792 2815 1400 1814 2654
1536 1792 2815 1593 1823 2657
1792 1792 2815 1790 1833 2673
2048 1792 2815 1992 1844 2698
2303 1792 2815 2213 1855 2719
2559 1792 2815 2434 1869 2731
2815 1792 2815 2653 1889 2731
3071 1792 2815 2856 1922 2727
3327 1792 2815 3063 1954 2727
3583 1792 2815 3308 1964 2751
3839 1792 2815 3600 1935 2775
4095 1792 2815 3925 1881 2801
0 2048 2815 564 2055 2803
256 2048 2815 654 2054 2795
512 2048 2815 792 2052 2779
768 2048 2815 1003 2049 2752
1024 2048 2815 1226 2048 2718
1280 2048 2815 1445 2049 2688
1536 2048 2815 1638 2056 2682
1792 2048 2815 1830 2064 2706
2048 2048 2815 2022 2072 2749
2303 2048 2815 2249 2076 2775
2559 2048 2815 2483 2079 2794
2815 2048 2815 2725 2082 2802
3071 2048 2815 2911 2121 2776
3327 2048 2815 3095 2163 2753
3583 2048 2815 3327 2178 2769
3839 2048 2815 3612 2159 2785
4095 2048 2815 3933 2115 2803
0 2303 2815 655 2300 2806
256 2303 2815 733 2299 2800
512 2303 2815 859 2297 2789
768 2303 2815 1057 2294 2769
1024 2303 2815 1274 2291 2744
1280 2303 2815 1492 2289 2722
1536 2303 2815 1692 2293 2713
1792 2303 2815 1871 2302 2738
2048 2303 2815 2037 2314 2786
2303 2303 2815 2268 2317 2796
2559 2303 2815 2502 2321 2803
2815 2303 2815 2741 2325 2806
3071 2303 2815 2947 2349 2793
3327 2303 2815 3146 2377 2782
3583 2303 2815 3356 2400 2792
3839 2303 2815 3629 2389 2800
4095 2303 2815 3943 2354 2806
0 2559 2815 745 2547 2808
256 2559 2815 812 2547 2805
512 2559 2815 927 2545 2798
768 2559 2815 1112 2540 2786
1024 2559 2815 1324 2536 2770
1280 2559 2815 1541 2532 2754
1536 2559 2815 1746 2533 2746
1792 2559 2815 1921 2541 2766
2048 2559 2815 2076 2554 2806
2303 2559 2815 2296 2560 2808
2559 2559 2815 2522 2565 2809
2815 2559 2815 2758 2569 2809
3071 2559 2815 2980 2581 2805
3327 2559 2815 3193 2598 2804
3583 2559 2815 3387 2626 2816
3839 2559 2815 3648 2622 2816
4095 2559 2815 3954 2595 2809
0 2815 2815 831 2796 2812
256 2815 2815 891 2795 2811
512 2815 2815 997 2793 2807
768 2815 2815 1170 2788 2800
1024 2815 2815 1376 2783 2792
1280 2815 2815 1590 2777 2784
1536 2815 2815 1800 2775 2780
1792 2815 2815 1984 2780 2786
2048 2815 2815 2150 2791 2799
2303 2815 2815 2338 2803 2808
2559 2815 2815 2544 2812 2813
2815 2815 2815 2777 2815 2813
3071 2815 2815 3011 2821 2812
3327 2815 2815 3234 2830 2816
3583 2815 2815 3420 2857 2840
3839 2815 2815 3671 2857 2835
4095 2815 2815 3966 2839 2812
0 3071 2815 916 3045 2816
256 3071 2815 971 3044 2816
512 3071 2815 1068 3042 2815
768 3071 2815 1230 3037 2813
1024 3071 2815 1430 3031 2811
1280 3071 2815 1641 3025 2810
1536 3071 2815 1853 3020 2812
1792 3071 2815 2046 3022 2817
2048 3071 2815 2226 3028 2824
2303 3071 2815 2382 3047 2819
2559 3071 2815 2568 3060 2817
2815 3071 2815 2799 3063 2816
3071 3071 2815 3033 3066 2816
3327 3071 2815 3261 3073 2821
3583 3071 2815 3465 3089 2844
3839 3071 2815 3709 3091 2840
4095 3071 2815 3980 3084 2816
0 3327 2815 1000 3294 2821
256 3327 2815 1050 3294 2821
512 3327 2815 1141 3291 2823
768 3327 2815 1292 3287 2824
1024 3327 2815 1485 3280 2828
1280 3327 2815 1691 3273 2833
1536 3327 2815 1905 3267 2841
1792 3327 2815 2107 3266 2849
2048 3327 2815 2299 3267 2857
2303 3327 2815 2435 3289 2840
2559 3327 2815 2604 3305 2828
2815 3327 2815 2824 3310 2822
3071 3327 2815 3054 3314 2820
3327 3327 2815 3285 3318 2824
3583 3327 2815 3509 3324 2842
3839 3327 2815 3747 3328 2839
4095 3327 2815 3996 3330 2821
0 3583 2815 1085 3544 2825
256 3583 2815 1130 3543 2827
512 3583 2815 1214 3541 2830
768 3583 2815 1356 3537 2834
1024 3583 2815 1542 3530 2842
1280 3583 2815 1742 3523 2852
1536 3583 2815 1956 3516 2865
1792 3583 2815 2162 3512 2879
2048 3583 2815 2363 3510 2892
2303 3583 2815 2523 3523 2886
2559 3583 2815 2687 3538 2868
2815 3583 2815 2858 3556 2832
3071 3583 2815 3077 3562 2825
3327 3583 2815 3308 3565 2826
3583 3583 2815 3538 3570 2833
3839 3583 2815 3773 3574 2832
4095 3583 2815 4012 3577 2827
0 3839 2815 1175 3784 2826
256 3839 2815 1210 3787 2828
512 3839 2815 1278 3789 2832
768 3839 2815 1396 3789 2837
1024 3839 2815 1559 3786 2844
1280 3839 2815 1738 3782 2851
1536 3839 2815 1938 3778 2861
1792 3839 2815 2139 3775 2870
2048 3839 2815 2340 3774 2880
2303 3839 2815 2525 3780 2879
2559 3839 2815 2707 3790 2866
2815 3839 2815 2884 3805 2836
3071 3839 2815 3102 3811 2830
3327 3839 2815 3331 3814 2831
3583 3839 2815 3563 3817 2832
3839 3839 2815 3795 3819 2831
4095 3839 2815 4027 3821 2830
0 4095 2815 1270 4018 2824
256 4095 2815 1291 4026 2827
512 4095 2815 1337 4035 2831
768 4095 2815 1420 4044 2835
1024 4095 2815 1550 4046 2836
1280 4095 2815 1698 4047 2836
1536 4095 2815 1873 4048 2836
1792 4095 2815 2062 4050 2836
2048 4095 2815 2259 4051 2836
2303 4095 2815 2470 4053 2836
2559 4095 2815 2685 4055 2836
2815 4095 2815 2905 4057 2836
3071 4095 2815 3129 4060 2836
3327 4095 2815 3356 4063 2836
3583 4095 2815 3585 4066 2836
3839 4095 2815 3814 4066 2834
4095 4095 2815 4041 4063 2831
0 0 3071 0 555 3034
256 0 3071 144 550 3039
512 0 3071 349 546 3044
768 0 3071 646 545 3048
1024 0 3071 917 551 3049
1280 0 3071 1178 559 3049
1536 0 3071 1431 570 3049
1792 0 3071 1681 584 3049
2048 0 3071 1930 599 3049
2303 0 3071 2177 616 3049
2559 0 3071 2424 635 3049
2815 0 3071 2670 655 3049
3071 0 3071 2916 677 3048
3327 0 3071 3162 700 3048
3583 0 3071 3407 725 3048
3839 0 3071 3650 754 3047
4095 0 3071 3892 787 3044
0 256 3071 0 615 3044
256 256 3071 180 617 3028
512 256 3071 407 623 3009
768 256 3071 703 632 2985
1024 256 3071 955 641 2987
1280 256 3071 1195 649 2996
1536 256 3071 1438 660 3004
1792 256 3071 1681 673 3012
2048 256 3071 1926 686 3019
2303 256 3071 2170 702 3025
2559 256 3071 2416 719 3029
2815 256 3071 2661 737 3033
3071 256 3071 2907 757 3036
3327 256 3071 3153 778 3039
3583 256 3071 3398 800 3041
3839 256 3071 3646 817 3043
4095 256 3071 3895 831 3046
0 512 3071 0 724 3049
256 512 3071 212 730 3023
512 512 3071 458 740 2988
768 512 3071 755 755 2939
1024 512 3071 996 768 2923
1280 512 3071 1223 781 2921
1536 512 3071 1451 792 2938
1792 512 3071 1684 805 2954
2048 512 3071 1920 819 2971
2303 512 3071 2160 834 2985
2559 512 3071 2402 849 2997
2815 512 3071 2646 866 3007
3071 512 3071 2891 884 3015
3327 512 3071 3136 902 3022
3583 512 3071 3382 922 3027
3839 512 3071 3637 924 3036
4095 512 3071 3898 915 3047
0 768 3071 0 905 3050
256 768 3071 235 909 3026
512 768 3071 496 916 2985
768 768 3071 796 930 2917
1024 768 3071 1041 952 2856
1280 768 3071 1266 973 2814
1536 768 3071 1473 989 2837
1792 768 3071 1689 1003 2865
2048 768 3071 1912 1018 2895
2303 768 3071 2145 1033 2920
2559 768 3071 2381 1049 2943
2815 768 3071 2621 1065 2963
3071 768 3071 2864 1081 2979
3327 768 3071 3108 1097 2993
3583 768 3071 3354 1115 3005
3839 768 3071 3620 1097 3024
4095 768 3071 3902 1056 3049
0 1024 3071 47 1119 3051
256 1024 3071 285 1121 3030
512 1024 3071 543 1126 2991
768 1024 3071 830 1135 2926
1024 1024 3071 1073 1153 2858
1280 1024 3071 1299 1172 2805
1536 1024 3071 1499 1188 2816
1792 1024 3071 1707 1206 2833
2048 1024 3071 1920 1223 2855
2303 1024 3071 2142 1243 2875
2559 1024 3071 2368 1263 2897
2815 1024 3071 2601 1281 2921
3071 1024 3071 2838 1299 2943
3327 1024 3071 3078 1317 2963
3583 1024 3071 3321 1334 2980
3839 1024 3071 3601 1304 3011
4095 1024 3071 3905 1242 3050
0 1280 3071 128 1344 3052
256 1280 3071 352 1345 3034
512 1280 3071 594 1347 3001
768 1280 3071 862 1352 2944
1024 1280 3071 1103 1363 2878
1280 1280 3071 1330 1377 2824
1536 1280 3071 1528 1393 2820
1792 1280 3071 1730 1411 2825
2048 1280 3071 1936 1431 2834
2303 1280 3071 2148 1455 2848
2559 1280 3071 2365 1478 2866
2815 1280 3071 2588 1500 2890
3071 1280 3071 2819 1521 2914
3327 1280 3071 3053 1541 2938
3583 1280 3071 3295 1557 2961
3839 1280 3071 3586 1519 3000
4095 1280 3071 3910 1443 3051
0 1536 3071 302 1581 3053
256 1536 3071 459 1581 3038
512 1536 3071 653 1581 3010
768 1536 3071 903 1583 2962
1024 1536 3071 1140 1590 2905
1280 1536 3071 1365 1598 2855
1536 1536 3071 1563 1611 2846
1792 1536 3071 1764 1626 2849
2048 1536 3071 1967 1642 2860
2303 1536 3071 2178 1661 2875
2559 1536 3071 2391 1682 2887
2815 1536 3071 2605 1708 2897
3071 1536 3071 2823 1734 2912
3327 1536 3071 3049 1757 2931
3583 1536 3071 3296 1766 2962
3839 1536 3071 3590 1730 3003
4095 1536 3071 3916 1663 3052
0 1792 3071 436 1821 3055
256 1792 3071 552 1820 3043
512 1792 3071 715 1820 3020
768 1792 3071 948 1819 2981
1024 1792 3071 1180 1822 2931
1280 1792 3071 1405 1827 2887
1536 1792 3071 1604 1837 2873
1792 1792 3071 1803 1848 2878
2048 1792 3071 2000 1861 2894
2303 1792 3071 2212 1875 2911
2559 1792 3071 2426 1892 2924
2815 1792 3071 2642 1913 2930
3071 1792 3071 2851 1941 2935
3327 1792 3071 3065 1968 2944
3583 1792 3071 3308 1977 2972
3839 1792 3071 3599 1948 3010
4095 1792 3071 3923 1891 3054
0 2048 3071 544 2063 3056
256 2048 3071 637 2063 3048
512 2048 3071 779 2061 3030
768 2048 3071 996 2059 2999
1024 2048 3071 1223 2059 2958
1280 2048 3071 1447 2060 2920
1536 2048 3071 1649 2067 2900
1792 2048 3071 1844 2076 2908
2048 2048 3071 2035 2086 2934
2303 2048 3071 2249 2095 2953
2559 2048 3071 2468 2105 2970
2815 2048 3071 2694 2116 2980
3071 2048 3071 2894 2145 2974
3327 2048 3071 3096 2176 2969
3583 2048 3071 3327 2191 2989
3839 2048 3071 3611 2169 3019
4095 2048 3071 3931 2124 3056
0 2303 3071 638 2308 3059
256 2303 3071 719 2307 3052
512 2303 3071 847 2306 3039
768 2303 3071 1049 2303 3015
1024 2303 3071 1270 2300 2984
1280 2303 3071 1492 2300 2953
1536 2303 3071 1699 2303 2933
1792 2303 3071 1888 2311 2942
2048 2303 3071 2065 2322 2971
2303 2303 3071 2279 2330 2982
2559 2303 3071 2498 2339 2992
2815 2303 3071 2721 2348 3001
3071 2303 3071 2934 2366 3004
3327 2303 3071 3144 2388 3006
3583 2303 3071 3355 2411 3013
3839 2303 3071 3628 2399 3032
4095 2303 3071 3941 2362 3059
0 2559 3071 730 2554 3061
256 2559 3071 800 2554 3057
512 2559 3071 917 2552 3048
768 2559 3071 1104 2548 3031
1024 2559 3071 1319 2544 3008
1280 2559 3071 1539 2541 2985
1536 2559 3071 1749 2542 2967
1792 2559 3071 1936 2548 2974
2048 2559 3071 2108 2559 2998
2303 2559 3071 2312 2568 3009
2559 2559 3071 2524 2576 3019
2815 2559 3071 2749 2583 3027
3071 2559 3071 2972 2593 3033
3327 2559 3071 3190 2608 3037
3583 2559 3071 3386 2636 3038
3839 2559 3071 3647 2630 3047
4095 2559 3071 3952 2602 3061
0 2815 3071 819 2802 3064
256 2815 3071 880 2801 3062
512 2815 3071 987 2799 3056
768 2815 3071 1162 2795 3045
1024 2815 3071 1371 2790 3030
1280 2815 3071 1587 2786 3015
1536 2815 3071 1801 2784 3002
1792 2815 3071 1993 2788 3002
2048 2815 3071 2171 2796 3011
2303 2815 3071 2349 2808 3034
2559 2815 3071 2547 2818 3051
2815 2815 3071 2774 2822 3058
3071 2815 3071 3007 2827 3060
3327 2815 3071 3232 2837 3061
3583 2815 3071 3419 2865 3063
3839 2815 3071 3670 2864 3064
4095 2815 3071 3965 2845 3065
0 3071 3071 905 3050 3068
256 3071 3071 961 3050 3067
512 3071 3071 1060 3048 3064
768 3071 3071 1223 3043 3057
1024 3071 3071 1425 3038 3049
1280 3071 3071 1637 3032 3041
1536 3071 3071 1852 3028 3034
1792 3071 3071 2050 3029 3034
2048 3071 3071 2238 3034 3039
2303 3071 3071 2393 3051 3052
2559 3071 3071 2575 3063 3063
2815 3071 3071 2798 3068 3068
3071 3071 3071 3030 3072 3068
3327 3071 3071 3259 3078 3070
3583 3071 3071 3461 3097 3079
3839 3071 3071 3706 3099 3077
4095 3071 3071 3979 3089 3068
0 3327 3071 991 3299 3072
256 3327 3071 1041 3299 3072
512 3327 3071 1133 3296 3071
768 3327 3071 1285 3292 3069
1024 3327 3071 1480 3286 3067
1280 3327 3071 1687 3280 3065
1536 3327 3071 1903 3274 3065
1792 3327 3071 2107 3272 3067
2048 3327 3071 2304 3273 3071
2303 3327 3071 2446 3292 3072
2559 3327 3071 2615 3307 3073
2815 3327 3071 2823 3314 3072
3071 3327 3071 3051 3319 3072
3327 3327 3071 3282 3323 3075
3583 3327 3071 3503 3331 3088
3839 3327 3071 3742 3335 3085
4095 3327 3071 3994 3335 3072
0 3583 3071 1076 3548 3076
256 3583 3071 1122 3548 3077
512 3583 3071 1207 3546 3078
768 3583 3071 1350 3542 3079
1024 3583 3071 1537 3536 3081
1280 3583 3071 1739 3529 3085
1536 3583 3071 1954 3522 3091
1792 3583 3071 2162 3518 3098
2048 3583 3071 2365 3516 3106
2303 3583 3071 2528 3528 3108
2559 3583 3071 2692 3542 3100
2815 3583 3071 2857 3560 3080
3071 3583 3071 3075 3567 3076
3327 3583 3071 3305 3570 3077
3583 3583 3071 3535 3575 3081
3839 3583 3071 3771 3579 3080
4095 3583 3071 4010 3581 3077
0 3839 3071 1167 3789 3076
256 3839 3071 1203 3791 3078
512 3839 3071 1272 3792 3080
768 3839 3071 1390 3793 3083
1024 3839 3071 1554 3790 3087
1280 3839 3071 1734 3787 3090
1536 3839 3071 1934 3783 3096
1792 3839 3071 2136 3781 3101
2048 3839 3071 2340 3779 3108
2303 3839 3071 2525 3785 3108
2559 3839 3071 2707 3795 3102
2815 3839 3071 2882 3810 3085
3071 3839 3071 3100 3815 3081
3327 3839 3071 3329 3818 3081
3583 3839 3071 3561 3821 3081
3839 3839 3071 3794 3824 3081
4095 3839 3071 4027 3827 3081
0 4095 3071 1262 4024 3073
256 4095 3071 1284 4030 3075
512 4095 3071 1331 4037 3079
768 4095 3071 1415 4045 3083
1024 4095 3071 1545 4049 3085
1280 4095 3071 1693 4051 3087
1536 4095 3071 1869 4052 3086
1792 4095 3071 2058 4054 3086
2048 4095 3071 2256 4055 3086
2303 4095 3071 2466 4057 3086
2559 4095 3071 2681 4059 3086
2815 4095 3071 2902 4061 3086
3071 4095 3071 3127 4064 3086
3327 4095 3071 3353 4066 3086
3583 4095 3071 3584 4069 3086
3839 4095 3071 3813 4071 3085
4095 4095 3071 4043 4071 3083
0 0 3327 0 600 3284
256 0 3327 127 596 3289
512 0 3327 325 592 3295
768 0 3327 629 589 3301
1024 0 3327 904 594 3303
1280 0 3327 1170 602 3303
1536 0 3327 1424 612 3303
1792 0 3327 1676 624 3303
2048 0 3327 1926 638 3303
2303 0 3327 2173 654 3303
2559 0 3327 2420 671 3303
2815 0 3327 2667 690 3303
3071 0 3327 2913 711 3303
3327 0 3327 3159 733 3303
3583 0 3327 3405 756 3302
3839 0 3327 3647 787 3299
4095 0 3327 3885 823 3294
0 256 3327 0 654 3296
256 256 3327 158 657 3282
512 256 3327 378 662 3265
768 256 3327 689 670 3244
1024 256 3327 947 677 3244
1280 256 3327 1191 686 3251
1536 256 3327 1435 696 3258
1792 256 3327 1679 707 3265
2048 256 3327 1923 720 3272
2303 256 3327 2168 735 3277
2559 256 3327 2414 751 3282
2815 256 3327 2659 768 3286
3071 256 3327 2905 787 3289
3327 256 3327 3151 807 3291
3583 256 3327 3397 828 3294
3839 256 3327 3643 847 3296
4095 256 3327 3890 863 3298
0 512 3327 0 756 3303
256 512 3327 188 762 3279
512 512 3327 427 771 3246
768 512 3327 743 786 3200
1024 512 3327 992 798 3183
1280 512 3327 1223 810 3178
1536 512 3327 1452 821 3192
1792 512 3327 1685 834 3206
2048 512 3327 1921 846 3221
2303 512 3327 2161 861 3234
2559 512 3327 2403 876 3246
2815 512 3327 2646 892 3256
3071 512 3327 2891 909 3264
3327 512 3327 3136 927 3271
3583 512 3327 3381 946 3277
3839 512 3327 3635 949 3287
4095 512 3327 3895 941 3300
0 768 3327 0 930 3304
256 768 3327 214 934 3282
512 768 3327 470 941 3242
768 768 3327 788 955 3177
1024 768 3327 1041 975 3118
1280 768 3327 1271 995 3076
1536 768 3327 1480 1010 3092
1792 768 3327 1697 1025 3115
2048 768 3327 1919 1039 3141
2303 768 3327 2151 1054 3164
2559 768 3327 2386 1070 3186
2815 768 3327 2625 1085 3206
3071 768 3327 2867 1101 3223
3327 768 3327 3110 1117 3238
3583 768 3327 3355 1134 3250
3839 768 3327 3620 1117 3273
4095 768 3327 3899 1077 3303
0 1024 3327 0 1139 3305
256 1024 3327 250 1141 3285
512 1024 3327 521 1146 3248
768 1024 3327 822 1156 3184
1024 1024 3327 1072 1173 3117
1280 1024 3327 1304 1191 3064
1536 1024 3327 1506 1206 3072
1792 1024 3327 1716 1222 3085
2048 1024 3327 1930 1239 3102
2303 1024 3327 2151 1259 3118
2559 1024 3327 2377 1279 3137
2815 1024 3327 2608 1297 3160
3071 1024 3327 2844 1315 3181
3327 1024 3327 3083 1333 3201
3583 1024 3327 3324 1350 3218
3839 1024 3327 3602 1321 3255
4095 1024 3327 3903 1259 3304
0 1280 3327 43 1360 3306
256 1280 3327 305 1361 3288
512 1280 3327 575 1363 3255
768 1280 3327 854 1368 3199
1024 1280 3327 1102 1380 3133
1280 1280 3327 1333 1393 3078
1536 1280 3327 1534 1408 3075
1792 1280 3327 1739 1425 3076
2048 1280 3327 1947 1443 3081
2303 1280 3327 2159 1468 3088
2559 1280 3327 2376 1491 3101
2815 1280 3327 2599 1512 3123
3071 1280 3327 2828 1533 3146
3327 1280 3327 3060 1553 3169
3583 1280 3327 3299 1571 3192
3839 1280 3327 3587 1533 3240
4095 1280 3327 3908 1457 3305
0 1536 3327 254 1593 3307
256 1536 3327 428 1594 3292
512 1536 3327 636 1595 3264
768 1536 3327 895 1597 3215
1024 1536 3327 1137 1604 3156
1280 1536 3327 1367 1613 3104
1536 1536 3327 1569 1625 3091
1792 1536 3327 1772 1640 3089
2048 1536 3327 1976 1656 3094
2303 1536 3327 2185 1676 3101
2559 1536 3327 2397 1698 3111
2815 1536 3327 2612 1721 3124
3071 1536 3327 2832 1745 3139
3327 1536 3327 3057 1768 3158
3583 1536 3327 3299 1780 3189
3839 1536 3327 3590 1744 3240
4095 1536 3327 3914 1675 3306
0 1792 3327 407 1832 3308
256 1792 3327 530 1831 3296
512 1792 3327 700 1831 3272
768 1792 3327 940 1832 3231
1024 1792 3327 1176 1835 3179
1280 1792 3327 1406 1840 3131
1536 1792 3327 1609 1850 3110
1792 1792 3327 1810 1862 3105
2048 1792 3327 2010 1875 3111
2303 1792 3327 2216 1893 3119
2559 1792 3327 2424 1912 3127
2815 1792 3327 2636 1933 3137
3071 1792 3327 2851 1957 3150
3327 1792 3327 3072 1978 3167
3583 1792 3327 3310 1990 3196
3839 1792 3327 3599 1960 3245
4095 1792 3327 3921 1901 3308
0 2048 3327 523 2072 3310
256 2048 3327 619 2072 3300
512 2048 3327 766 2071 3281
768 2048 3327 987 2070 3247
1024 2048 3327 1219 2070 3202
1280 2048 3327 1447 2072 3158
1536 2048 3327 1653 2079 3131
1792 2048 3327 1853 2089 3124
2048 2048 3327 2047 2100 3130
2303 2048 3327 2250 2115 3139
2559 2048 3327 2456 2131 3148
2815 2048 3327 2666 2149 3159
3071 2048 3327 2880 2168 3173
3327 2048 3327 3099 2187 3190
3583 2048 3327 3328 2203 3211
3839 2048 3327 3611 2180 3253
4095 2048 3327 3929 2132 3310
0 2303 3327 620 2316 3312
256 2303 3327 703 2316 3305
512 2303 3327 835 2314 3289
768 2303 3327 1040 2312 3262
1024 2303 3327 1265 2311 3225
1280 2303 3327 1491 2310 3189
1536 2303 3327 1701 2314 3162
1792 2303 3327 1900 2321 3155
2048 2303 3327 2091 2331 3160
2303 2303 3327 2291 2343 3169
2559 2303 3327 2495 2357 3181
2815 2303 3327 2704 2371 3194
3071 2303 3327 2923 2385 3212
3327 2303 3327 3143 2400 3228
3583 2303 3327 3355 2423 3233
3839 2303 3327 3627 2409 3264
4095 2303 3327 3939 2369 3312
0 2559 3327 715 2561 3314
256 2559 3327 786 2561 3309
512 2559 3327 905 2559 3297
768 2559 3327 1096 2556 3277
1024 2559 3327 1314 2553 3248
1280 2559 3327 1537 2551 3219
1536 2559 3327 1750 2552 3194
1792 2559 3327 1949 2557 3186
2048 2559 3327 2138 2565 3190
2303 2559 3327 2329 2576 3207
2559 2559 3327 2529 2587 3223
2815 2559 3327 2741 2598 3237
3071 2559 3327 2964 2607 3253
3327 2559 3327 3186 2619 3264
3583 2559 3327 3385 2646 3258
3839 2559 3327 3646 2639 3277
4095 2559 3327 3950 2609 3314
0 2815 3327 806 2808 3317
256 2815 3327 869 2808 3313
512 2815 3327 977 2806 3305
768 2815 3327 1154 2803 3290
1024 2815 3327 1365 2798 3269
1280 2815 3327 1584 2794 3247
1536 2815 3327 1800 2793 3227
1792 2815 3327 2000 2796 3220
2048 2815 3327 2188 2802 3222
2303 2815 3327 2362 2814 3254
2559 2815 3327 2554 2824 3279
2815 2815 3327 2774 2830 3291
3071 2815 3327 3003 2836 3296
3327 2815 3327 3227 2847 3296
3583 2815 3327 3417 2874 3284
3839 2815 3327 3670 2873 3293
4095 2815 3327 3963 2851 3317
0 3071 3327 894 3056 3320
256 3071 3327 950 3055 3318
512 3071 3327 1050 3054 3313
768 3071 3327 1215 3050 3302
1024 3071 3327 1419 3045 3288
1280 3071 3327 1633 3040 3273
1536 3071 3327 1851 3037 3259
1792 3071 3327 2054 3037 3253
2048 3071 3327 2247 3040 3253
2303 3071 3327 2408 3054 3279
2559 3071 3327 2590 3066 3298
2815 3071 3327 2802 3073 3307
3071 3071 3327 3029 3078 3310
3327 3071 3327 3255 3086 3310
3583 3071 3327 3458 3105 3307
3839 3071 3327 3704 3106 3312
4095 3071 3327 3977 3095 3320
0 3327 3327 981 3304 3324
256 3327 3327 1032 3304 3323
512 3327 3327 1124 3302 3320
768 3327 3327 1278 3298 3314
1024 3327 3327 1474 3293 3306
1280 3327 3327 1683 3287 3298
1536 3327 3327 1901 3282 3290
1792 3327 3327 2108 3280 3286
2048 3327 3327 2309 3280 3285
2303 3327 3327 2463 3295 3299
2559 3327 3327 2634 3307 3310
2815 3327 3327 2830 3318 3315
3071 3327 3327 3052 3323 3317
3327 3327 3327 3280 3329 3319
3583 3327 3327 3500 3338 3326
3839 3327 3327 3739 3341 3327
4095 3327 3327 3992 3340 3324
0 3583 3327 1066 3553 3328
256 3583 3327 1113 3553 3327
512 3583 3327 1199 3551 3326
768 3583 3327 1343 3547 3324
1024 3583 3327 1532 3541 3321
1280 3583 3327 1735 3535 3319
1536 3583 3327 1951 3529 3317
1792 3583 3327 2161 3525 3318
2048 3583 3327 2367 3523 3321
2303 3583 3327 2536 3532 3328
2559 3583 3327 2701 3546 3331
2815 3583 3327 2858 3565 3327
3071 3583 3327 3073 3571 3326
3327 3583 3327 3303 3575 3326
3583 3583 3327 3532 3580 3328
3839 3583 3327 3768 3584 3329
4095 3583 3327 4008 3586 3328
0 3839 3327 1157 3796 3327
256 3839 3327 1194 3796 3328
512 3839 3327 1265 3797 3329
768 3839 3327 1384 3796 3329
1024 3839 3327 1549 3795 3330
1280 3839 3327 1730 3792 3331
1536 3839 3327 1931 3789 3331
1792 3839 3327 2134 3786 3333
2048 3839 3327 2339 3785 3336
2303 3839 3327 2527 3790 3338
2559 3839 3327 2709 3799 3338
2815 3839 3327 2880 3814 3333
3071 3839 3327 3097 3819 3332
3327 3839 3327 3327 3822 3332
3583 3839 3327 3559 3826 3332
3839 3839 3327 3792 3829 3332
4095 3839 3327 4026 3833 3332
0 4095 3327 1251 4034 3324
256 4095 3327 1276 4036 3325
512 4095 3327 1325 4040 3328
768 4095 3327 1410 4046 3331
1024 4095 3327 1539 4051 3335
1280 4095 3327 1687 4055 3337
1536 4095 3327 1864 4056 3337
1792 4095 3327 2054 4058 3337
2048 4095 3327 2252 4059 3337
2303 4095 3327 2463 4061 3337
2559 4095 3327 2678 4063 3337
2815 4095 3327 2899 4065 3337
3071 4095 3327 3124 4068 3337
3327 4095 3327 3351 4070 3337
3583 4095 3327 3581 4073 3337
3839 4095 3327 3813 4076 3336
4095 4095 3327 4045 4079 3335
0 0 3583 0 646 3533
256 0 3583 104 642 3539
512 0 3583 293 638 3546
768 0 3583 609 633 3555
1024 0 3583 891 638 3557
1280 0 3583 1160 645 3557
1536 0 3583 1417 654 3557
1792 0 3583 1670 666 3557
2048 0 3583 1921 678 3557
2303 0 3583 2168 693 3557
2559 0 3583 2416 709 3557
2815 0 3583 2664 727 3557
3071 0 3583 2910 747 3557
3327 0 3583 3156 767 3557
3583 0 3583 3402 790 3557
3839 0 3583 3642 823 3551
4095 0 3583 3877 863 3542
0 256 3583 0 695 3548
256 256 3583 127 697 3536
512 256 3583 337 701 3521
768 256 3583 670 708 3503
1024 256 3583 936 715 3502
1280 256 3583 1185 723 3506
1536 256 3583 1430 732 3513
1792 256 3583 1675 743 3519
2048 256 3583 1921 755 3525
2303 256 3583 2165 769 3530
2559 256 3583 2411 784 3535
2815 256 3583 2657 801 3539
3071 256 3583 2903 819 3542
3327 256 3583 3149 838 3544
3583 256 3583 3395 858 3546
3839 256 3583 3640 878 3548
4095 256 3583 3885 896 3548
0 512 3583 0 790 3557
256 512 3583 154 796 3535
512 512 3583 383 805 3504
768 512 3583 726 818 3462
1024 512 3583 982 829 3450
1280 512 3583 1217 839 3448
1536 512 3583 1449 849 3458
1792 512 3583 1685 861 3467
2048 512 3583 1922 874 3477
2303 512 3583 2162 889 3487
2559 512 3583 2403 904 3496
2815 512 3583 2646 920 3506
3071 512 3583 2890 937 3514
3327 512 3583 3135 954 3522
3583 512 3583 3380 972 3528
3839 512 3583 3633 976 3539
4095 512 3583 3892 969 3554
0 768 3583 0 957 3558
256 768 3583 187 960 3537
512 768 3583 435 968 3500
768 768 3583 775 981 3438
1024 768 3583 1028 996 3402
1280 768 3583 1257 1011 3379
1536 768 3583 1476 1024 3386
1792 768 3583 1699 1040 3394
2048 768 3583 1926 1057 3404
2303 768 3583 2156 1075 3417
2559 768 3583 2390 1092 3433
2815 768 3583 2628 1107 3452
3071 768 3583 2869 1122 3468
3327 768 3583 3112 1138 3483
3583 768 3583 3356 1155 3496
3839 768 3583 3620 1138 3522
4095 768 3583 3897 1100 3557
0 1024 3583 0 1160 3559
256 1024 3583 228 1162 3540
512 1024 3583 492 1168 3504
768 1024 3583 810 1178 3443
1024 1024 3583 1059 1190 3400
1280 1024 3583 1287 1203 3370
1536 1024 3583 1500 1216 3372
1792 1024 3583 1718 1232 3377
2048 1024 3583 1939 1248 3383
2303 1024 3583 2163 1268 3392
2559 1024 3583 2391 1287 3403
2815 1024 3583 2622 1306 3418
3071 1024 3583 2855 1327 3431
3327 1024 3583 3090 1347 3445
3583 1024 3583 3329 1367 3459
3839 1024 3583 3603 1339 3500
4095 1024 3583 3901 1278 3558
0 1280 3583 37 1377 3559
256 1280 3583 285 1378 3543
512 1280 3583 551 1381 3511
768 1280 3583 843 1386 3456
1024 1280 3583 1088 1396 3410
1280 1280 3583 1315 1406 3376
1536 1280 3583 1525 1417 3375
1792 1280 3583 1739 1431 3377
2048 1280 3583 1956 1446 3379
2303 1280 3583 2175 1466 3382
2559 1280 3583 2397 1487 3387
2815 1280 3583 2621 1509 3395
3071 1280 3583 2847 1535 3403
3327 1280 3583 3074 1560 3413
3583 1280 3583 3307 1584 3428
3839 1280 3583 3589 1548 3481
4095 1280 3583 3905 1473 3559
0 1536 3583 219 1608 3560
256 1536 3583 400 1608 3546
512 1536 3583 615 1609 3518
768 1536 3583 884 1612 3470
1024 1536 3583 1124 1619 3423
1280 1536 3583 1352 1626 3386
1536 1536 3583 1557 1636 3383
1792 1536 3583 1767 1647 3383
2048 1536 3583 1980 1660 3386
2303 1536 3583 2197 1677 3389
2559 1536 3583 2416 1696 3393
2815 1536 3583 2636 1716 3398
3071 1536 3583 2858 1741 3405
3327 1536 3583 3081 1765 3413
3583 1536 3583 3310 1789 3426
3839 1536 3583 3593 1757 3479
4095 1536 3583 3911 1689 3560
0 1792 3583 368 1843 3562
256 1792 3583 503 1843 3550
512 1792 3583 682 1844 3526
768 1792 3583 929 1845 3484
1024 1792 3583 1166 1849 3437
1280 1792 3583 1394 1854 3398
1536 1792 3583 1596 1861 3392
1792 1792 3583 1801 1871 3392
2048 1792 3583 2010 1882 3394
2303 1792 3583 2224 1897 3398
2559 1792 3583 2439 1913 3402
2815 1792 3583 2657 1931 3406
3071 1792 3583 2876 1953 3412
3327 1792 3583 3096 1976 3419
3583 1792 3583 3320 1999 3430
3839 1792 3583 3601 1972 3482
4095 1792 3583 3919 1913 3561
0 2048 3583 496 2083 3563
256 2048 3583 598 2082 3553
512 2048 3583 750 2082 3533
768 2048 3583 977 2081 3498
1024 2048 3583 1211 2082 3452
1280 2048 3583 1440 2085 3411
1536 2048 3583 1638 2091 3403
1792 2048 3583 1840 2100 3401
2048 2048 3583 2043 2109 3404
2303 2048 3583 2253 2122 3408
2559 2048 3583 2466 2135 3412
2815 2048 3583 2681 2151 3417
3071 2048 3583 2898 2170 3423
3327 2048 3583 3116 2190 3431
3583 2048 3583 3336 2212 3440
3839 2048 3583 3613 2191 3488
4095 2048 3583 3927 2142 3563
0 2303 3583 598 2325 3565
256 2303 3583 685 2325 3557
512 2303 3583 821 2324 3541
768 2303 3583 1031 2322 3512
1024 2303 3583 1259 2322 3472
1280 2303 3583 1486 2322 3435
1536 2303 3583 1688 2326 3420
1792 2303 3583 1887 2333 3416
2048 2303 3583 2086 2341 3418
2303 2303 3583 2292 2352 3423
2559 2303 3583 2500 2365 3428
2815 2303 3583 2713 2378 3434
3071 2303 3583 2928 2394 3442
3327 2303 3583 3145 2412 3449
3583 2303 3583 3358 2434 3455
3839 2303 3583 3629 2419 3497
4095 2303 3583 3937 2378 3565
0 2559 3583 697 2570 3567
256 2559 3583 771 2569 3561
512 2559 3583 892 2568 3549
768 2559 3583 1086 2565 3525
1024 2559 3583 1308 2563 3492
1280 2559 3583 1532 2562 3459
1536 2559 3583 1740 2564 3439
1792 2559 3583 1939 2569 3432
2048 2559 3583 2132 2576 3434
2303 2559 3583 2332 2586 3441
2559 2559 3583 2537 2596 3448
2815 2559 3583 2747 2608 3454
3071 2559 3583 2961 2622 3462
3327 2559 3583 3176 2637 3469
3583 2559 3583 3384 2659 3472
3839 2559 3583 3647 2649 3508
4095 2559 3583 3948 2617 3567
0 2815 3583 792 2815 3569
256 2815 3583 855 2815 3565
512 2815 3583 965 2814 3556
768 2815 3583 1145 2811 3538
1024 2815 3583 1358 2807 3512
1280 2815 3583 1579 2804 3485
1536 2815 3583 1797 2803 3460
1792 2815 3583 1997 2806 3451
2048 2815 3583 2186 2812 3452
2303 2815 3583 2377 2822 3464
2559 2815 3583 2575 2832 3473
2815 2815 3583 2784 2841 3480
3071 2815 3583 2997 2853 3486
3327 2815 3583 3210 2867 3490
3583 2815 3583 3414 2887 3493
3839 2815 3583 3670 2881 3522
4095 2815 3583 3960 2858 3570
0 3071 3583 881 3062 3572
256 3071 3583 938 3062 3570
512 3071 3583 1039 3061 3563
768 3071 3583 1207 3057 3549
1024 3071 3583 1412 3053 3530
1280 3071 3583 1628 3049 3510
1536 3071 3583 1848 3046 3489
1792 3071 3583 2053 3046 3478
2048 3071 3583 2249 3050 3475
2303 3071 3583 2432 3059 3485
2559 3071 3583 2623 3069 3494
2815 3071 3583 2825 3078 3501
3071 3071 3583 3035 3089 3508
3327 3071 3583 3247 3100 3515
3583 3071 3583 3457 3115 3524
3839 3071 3583 3704 3114 3545
4095 3071 3583 3975 3101 3573
0 3327 3583 970 3310 3576
256 3327 3583 1021 3310 3574
512 3327 3583 1114 3308 3569
768 3327 3583 1270 3305 3560
1024 3327 3583 1468 3300 3548
1280 3327 3583 1678 3295 3534
1536 3327 3583 1898 3290 3519
1792 3327 3583 2108 3288 3508
2048 3327 3583 2313 3288 3501
2303 3327 3583 2490 3297 3508
2559 3327 3583 2671 3307 3516
2815 3327 3583 2860 3318 3525
3071 3327 3583 3068 3328 3533
3327 3327 3583 3281 3336 3542
3583 3327 3583 3500 3345 3555
3839 3327 3583 3738 3348 3566
4095 3327 3583 3990 3346 3576
0 3583 3583 1056 3559 3580
256 3583 3583 1103 3558 3579
512 3583 3583 1190 3557 3576
768 3583 3583 1335 3553 3570
1024 3583 3583 1525 3548 3563
1280 3583 3583 1730 3542 3555
1536 3583 3583 1947 3536 3546
1792 3583 3583 2160 3533 3541
2048 3583 3583 2369 3531 3537
2303 3583 3583 2549 3537 3542
2559 3583 3583 2717 3549 3550
2815 3583 3583 2866 3569 3563
3071 3583 3583 3075 3576 3568
3327 3583 3583 3301 3581 3570
3583 3583 3583 3531 3586 3574
3839 3583 3583 3766 3589 3577
4095 3583 3583 4007 3591 3580
0 3839 3583 1144 3805 3581
256 3839 3583 1182 3805 3581
512 3839 3583 1254 3804 3580
768 3839 3583 1376 3803 3578
1024 3839 3583 1542 3801 3576
1280 3839 3583 1724 3798 3572
1536 3839 3583 1927 3795 3569
1792 3839 3583 2131 3793 3566
2048 3839 3583 2338 3791 3565
2303 3839 3583 2530 3795 3568
2559 3839 3583 2712 3804 3573
2815 3839 3583 2878 3819 3582
3071 3839 3583 3094 3824 3584
3327 3839 3583 3324 3827 3584
3583 3839 3583 3556 3830 3584
3839 3839 3583 3790 3834 3584
4095 3839 3583 4025 3838 3583
0 4095 3583 1234 4048 3581
256 4095 3583 1260 4049 3582
512 4095 3583 1311 4051 3583
768 4095 3583 1400 4054 3585
1024 4095 3583 1531 4057 3587
1280 4095 3583 1680 4060 3588
1536 4095 3583 1858 4061 3588
1792 4095 3583 2049 4062 3588
2048 4095 3583 2248 4064 3588
2303 4095 3583 2460 4065 3588
2559 4095 3583 2675 4067 3588
2815 4095 3583 2896 4070 3588
3071 4095 3583 3121 4072 3588
3327 4095 3583 3349 4075 3588
3583 4095 3583 3579 4078 3588
3839 4095 3583 3811 4081 3588
4095 4095 3583 4043 4084 3587
0 0 3839 0 693 3778
256 0 3839 102 690 3785
512 0 3839 291 686 3792
768 0 3839 612 683 3800
1024 0 3839 893 688 3801
1280 0 3839 1160 695 3802
1536 0 3839 1415 704 3801
1792 0 3839 1667 714 3802
2048 0 3839 1917 725 3804
2303 0 3839 2164 740 3804
2559 0 3839 2411 756 3804
2815 0 3839 2658 774 3803
3071 0 3839 2903 793 3802
3327 0 3839 3149 813 3802
3583 0 3839 3394 834 3803
3839 0 3839 3633 866 3797
4095 0 3839 3868 905 3787
0 256 3839 0 739 3793
256 256 3839 87 739 3789
512 256 3839 281 741 3784
768 256 3839 633 744 3775
1024 256 3839 912 751 3774
1280 256 3839 1171 758 3776
1536 256 3839 1421 766 3780
1792 256 3839 1669 776 3784
2048 256 3839 1917 787 3788
2303 256 3839 2163 800 3791
2559 256 3839 2409 815 3794
2815 256 3839 2656 831 3796
3071 256 3839 2901 849 3798
3327 256 3839 3147 867 3799
3583 256 3839 3393 886 3801
3839 256 3839 3636 909 3799
4095 256 3839 3876 935 3795
0 512 3839 0 830 3802
256 512 3839 88 832 3792
512 512 3839 289 836 3777
768 512 3839 661 844 3754
1024 512 3839 938 852 3748
1280 512 3839 1189 860 3747
1536 512 3839 1432 868 3752
1792 512 3839 1676 879 3757
2048 512 3839 1919 891 3761
2303 512 3839 2162 904 3767
2559 512 3839 2406 918 3772
2815 512 3839 2651 932 3778
3071 512 3839 2896 949 3783
3327 512 3839 3141 965 3788
3583 512 3839 3387 983 3792
3839 512 3839 3634 995 3796
4095 512 3839 3883 1004 3800
0 768 3839 0 988 3802
256 768 3839 110 989 3793
512 768 3839 325 993 3773
768 768 3839 699 1001 3738
1024 768 3839 971 1010 3722
1280 768 3839 1216 1020 3713
1536 768 3839 1452 1030 3714
1792 768 3839 1688 1043 3716
2048 768 3839 1925 1056 3718
2303 768 3839 2162 1072 3724
2559 768 3839 2401 1086 3732
2815 768 3839 2642 1100 3743
3071 768 3839 2885 1115 3754
3327 768 3839 3129 1129 3763
3583 768 3839 3373 1145 3771
3839 768 3839 3627 1143 3785
4095 768 3839 3887 1131 3802
0 1024 3839 0 1185 3808
256 1024 3839 160 1186 3798
512 1024 3839 393 1189 3778
768 1024 3839 736 1195 3741
1024 1024 3839 999 1203 3721
1280 1024 3839 1239 1211 3708
1536 1024 3839 1470 1220 3708
1792 1024 3839 1703 1232 3709
2048 1024 3839 1936 1244 3710
2303 1024 3839 2170 1259 3714
2559 1024 3839 2406 1274 3718
2815 1024 3839 2642 1290 3725
3071 1024 3839 2880 1307 3732
3327 1024 3839 3118 1325 3739
3583 1024 3839 3359 1343 3747
3839 1024 3839 3619 1332 3771
4095 1024 3839 3892 1303 3804
0 1280 3839 34 1395 3812
256 1280 3839 230 1396 3803
512 1280 3839 470 1398 3783
768 1280 3839 774 1402 3749
1024 1280 3839 1026 1408 3726
1280 1280 3839 1264 1415 3710
1536 1280 3839 1491 1422 3710
1792 1280 3839 1720 1432 3711
2048 1280 3839 1951 1442 3712
2303 1280 3839 2182 1456 3713
2559 1280 3839 2415 1471 3714
2815 1280 3839 2647 1488 3715
3071 1280 3839 2879 1508 3717
3327 1280 3839 3112 1529 3720
3583 1280 3839 3348 1549 3727
3839 1280 3839 3613 1533 3759
4095 1280 3839 3897 1493 3806
0 1536 3839 204 1623 3810
256 1536 3839 356 1623 3803
512 1536 3839 554 1624 3787
768 1536 3839 820 1627 3758
1024 1536 3839 1063 1631 3732
1280 1536 3839 1297 1637 3713
1536 1536 3839 1518 1643 3713
1792 1536 3839 1743 1651 3714
2048 1536 3839 1970 1660 3715
2303 1536 3839 2199 1672 3716
2559 1536 3839 2430 1685 3717
2815 1536 3839 2660 1699 3718
3071 1536 3839 2891 1717 3720
3327 1536 3839 3122 1736 3722
3583 1536 3839 3353 1757 3726
3839 1536 3839 3618 1742 3758
4095 1536 3839 3905 1704 3810
0 1792 3839 354 1856 3810
256 1792 3839 470 1856 3805
512 1792 3839 634 1857 3792
768 1792 3839 869 1858 3767
1024 1792 3839 1104 1861 3739
1280 1792 3839 1335 1865 3717
1536 1792 3839 1551 1871 3717
1792 1792 3839 1771 1877 3717
2048 1792 3839 1994 1885 3718
2303 1792 3839 2220 1895 3719
2559 1792 3839 2448 1906 3721
2815 1792 3839 2677 1919 3722
3071 1792 3839 2906 1935 3724
3327 1792 3839 3134 1952 3726
3583 1792 3839 3363 1972 3729
3839 1792 3839 3626 1959 3760
4095 1792 3839 3913 1925 3812
0 2048 3839 493 2093 3809
256 2048 3839 576 2093 3806
512 2048 3839 710 2093 3796
768 2048 3839 921 2094 3776
1024 2048 3839 1149 2095 3747
1280 2048 3839 1377 2098 3722
1536 2048 3839 1587 2102 3721
1792 2048 3839 1802 2108 3722
2048 2048 3839 2021 2115 3723
2303 2048 3839 2244 2124 3724
2559 2048 3839 2469 2133 3725
2815 2048 3839 2695 2145 3727
3071 2048 3839 2922 2158 3729
3327 2048 3839 3149 2173 3731
3583 2048 3839 3375 2191 3734
3839 2048 3839 3637 2181 3764
4095 2048 3839 3921 2153 3813
0 2303 3839 595 2333 3811
256 2303 3839 666 2334 3809
512 2303 3839 785 2334 3801
768 2303 3839 978 2334 3785
1024 2303 3839 1197 2334 3759
1280 2303 3839 1420 2335 3736
1536 2303 3839 1630 2339 3729
1792 2303 3839 1842 2344 3727
2048 2303 3839 2055 2350 3728
2303 2303 3839 2274 2358 3730
2559 2303 3839 2496 2366 3731
2815 2303 3839 2719 2377 3733
3071 2303 3839 2943 2389 3736
3327 2303 3839 3168 2402 3738
3583 2303 3839 3393 2418 3742
3839 2303 3839 3650 2411 3770
4095 2303 3839 3930 2387 3814
0 2559 3839 694 2576 3813
256 2559 3839 754 2577 3812
512 2559 3839 861 2577 3806
768 2559 3839 1037 2576 3793
1024 2559 3839 1247 2576 3772
1280 2559 3839 1465 2575 3750
1536 2559 3839 1676 2578 3739
1792 2559 3839 1886 2582 3734
2048 2559 3839 2094 2587 3735
2303 2559 3839 2309 2594 3737
2559 2559 3839 2526 2602 3739
2815 2559 3839 2746 2611 3741
3071 2559 3839 2968 2622 3744
3327 2559 3839 3190 2634 3747
3583 2559 3839 3413 2648 3752
3839 2559 3839 3667 2643 3777
4095 2559 3839 3942 2624 3817
0 2815 3839 789 2819 3814
256 2815 3839 841 2821 3815
512 2815 3839 937 2821 3811
768 2815 3839 1098 2821 3802
1024 2815 3839 1299 2819 3785
1280 2815 3839 1511 2818 3767
1536 2815 3839 1728 2818 3750
1792 2815 3839 1936 2821 3743
2048 2815 3839 2138 2826 3744
2303 2815 3839 2348 2832 3746
2559 2815 3839 2562 2839 3748
2815 2815 3839 2778 2847 3751
3071 2815 3839 2996 2858 3755
3327 2815 3839 3216 2869 3759
3583 2815 3839 3436 2881 3764
3839 2815 3839 3687 2878 3787
4095 2815 3839 3957 2865 3822
0 3071 3839 880 3065 3817
256 3071 3839 926 3066 3818
512 3071 3839 1013 3067 3816
768 3071 3839 1163 3067 3810
1024 3071 3839 1355 3065 3797
1280 3071 3839 1560 3063 3783
1536 3071 3839 1775 3062 3768
1792 3071 3839 1985 3063 3760
2048 3071 3839 2190 3066 3757
2303 3071 3839 2395 3071 3760
2559 3071 3839 2603 3078 3763
2815 3071 3839 2815 3086 3767
3071 3071 3839 3030 3095 3772
3327 3071 3839 3248 3104 3778
3583 3071 3839 3470 3114 3787
3839 3071 3839 3713 3114 3803
4095 3071 3839 3971 3107 3824
0 3327 3839 968 3311 3820
256 3327 3839 1010 3313 3822
512 3327 3839 1090 3314 3821
768 3327 3839 1228 3314 3817
1024 3327 3839 1412 3311 3809
1280 3327 3839 1610 3309 3798
1536 3327 3839 1822 3306 3787
1792 3327 3839 2033 3306 3779
2048 3327 3839 2243 3307 3773
2303 3327 3839 2443 3312 3776
2559 3327 3839 2645 3318 3780
2815 3327 3839 2848 3326 3786
3071 3327 3839 3061 3334 3793
3327 3327 3839 3278 3342 3800
3583 3327 3839 3504 3349 3810
3839 3327 3839 3741 3351 3819
4095 3327 3839 3985 3350 3827
0 3583 3839 1054 3558 3823
256 3583 3839 1092 3561 3826
512 3583 3839 1167 3562 3827
768 3583 3839 1296 3561 3825
1024 3583 3839 1471 3559 3819
1280 3583 3839 1662 3556 3813
1536 3583 3839 1871 3553 3806
1792 3583 3839 2081 3551 3800
2048 3583 3839 2291 3551 3796
2303 3583 3839 2489 3555 3799
2559 3583 3839 2678 3563 3806
2815 3583 3839 2855 3576 3818
3071 3583 3839 3071 3582 3822
3327 3583 3839 3298 3586 3824
3583 3583 3839 3530 3591 3827
3839 3583 3839 3765 3594 3829
4095 3583 3839 4003 3596 3831
0 3839 3839 1142 3803 3824
256 3839 3839 1175 3806 3827
512 3839 3839 1239 3808 3829
768 3839 3839 1349 3810 3830
1024 3839 3839 1506 3809 3828
1280 3839 3839 1679 3808 3826
1536 3839 3839 1876 3807 3823
1792 3839 3839 2079 3806 3820
2048 3839 3839 2285 3805 3818
2303 3839 3839 2487 3808 3820
2559 3839 3839 2684 3815 3825
2815 3839 3839 2870 3825 3834
3071 3839 3839 3091 3829 3836
3327 3839 3839 3321 3832 3836
3583 3839 3839 3554 3836 3836
3839 3839 3839 3787 3839 3835
4095 3839 3839 4022 3843 3835
0 4095 3839 1232 4046 3823
256 4095 3839 1257 4049 3826
512 4095 3839 1307 4052 3829
768 4095 3839 1393 4058 3835
1024 4095 3839 1524 4061 3837
1280 4095 3839 1674 4063 3838
1536 4095 3839 1852 4065 3839
1792 4095 3839 2043 4066 3839
2048 4095 3839 2243 4067 3838
2303 4095 3839 2455 4069 3838
2559 4095 3839 2671 4071 3839
2815 4095 3839 2892 4074 3839
3071 4095 3839 3117 4076 3839
3327 4095 3839 3345 4079 3839
3583 4095 3839 3576 4083 3839
3839 4095 3839 3808 4086 3839
4095 4095 3839 4041 4089 3839
0 0 4095 0 742 4022
256 0 4095 112 738 4029
512 0 4095 308 737 4034
768 0 4095 629 738 4039
1024 0 4095 905 743 4040
1280 0 4095 1167 750 4039
1536 0 4095 1419 760 4039
1792 0 4095 1667 768 4042
2048 0 4095 1913 776 4048
2303 0 4095 2159 791 4046
2559 0 4095 2405 808 4045
2815 0 4095 2650 826 4043
3071 0 4095 2894 846 4042
3327 0 4095 3138 866 4042
3583 0 4095 3383 886 4043
3839 0 4095 3622 913 4038
4095 0 4095 3858 947 4030
0 256 4095 0 787 4033
256 256 4095 42 782 4043
512 256 4095 215 780 4050
768 256 4095 585 780 4055
1024 256 4095 879 784 4056
1280 256 4095 1152 790 4056
1536 256 4095 1409 799 4056
1792 256 4095 1662 807 4056
2048 256 4095 1912 817 4058
2303 256 4095 2160 829 4058
2559 256 4095 2408 843 4058
2815 256 4095 2655 859 4057
3071 256 4095 2900 877 4056
3327 256 4095 3146 896 4055
3583 256 4095 3392 913 4057
3839 256 4095 3631 941 4050
4095 256 4095 3866 976 4038
0 512 4095 0 874 4040
256 512 4095 0 869 4051
512 512 4095 161 866 4059
768 512 4095 565 866 4065
1024 512 4095 870 870 4066
1280 512 4095 1146 875 4066
1536 512 4095 1406 881 4066
1792 512 4095 1661 890 4065
2048 512 4095 1914 900 4064
2303 512 4095 2162 910 4065
2559 512 4095 2411 921 4066
2815 512 4095 2659 935 4065
3071 512 4095 2905 950 4065
3327 512 4095 3152 967 4064
3583 512 4095 3398 983 4065
3839 512 4095 3637 1010 4057
4095 512 4095 3871 1044 4043
0 768 4095 0 1023 4040
256 768 4095 0 1020 4049
512 768 4095 166 1018 4058
768 768 4095 581 1017 4065
1024 768 4095 884 1020 4067
1280 768 4095 1156 1024 4067
1536 768 4095 1413 1030 4066
1792 768 4095 1667 1037 4066
2048 768 4095 1919 1044 4066
2303 768 4095 2166 1053 4066
2559 768 4095 2415 1063 4066
2815 768 4095 2662 1074 4066
3071 768 4095 2909 1087 4066
3327 768 4095 3155 1100 4066
3583 768 4095 3401 1115 4066
3839 768 4095 3640 1138 4057
4095 768 4095 3873 1167 4043
0 1024 4095 0 1211 4053
256 1024 4095 61 1210 4058
512 1024 4095 247 1209 4063
768 1024 4095 619 1209 4066
1024 1024 4095 907 1212 4067
1280 1024 4095 1171 1215 4067
1536 1024 4095 1426 1220 4067
1792 1024 4095 1677 1225 4067
2048 1024 4095 1927 1231 4067
2303 1024 4095 2174 1239 4067
2559 1024 4095 2421 1248 4067
2815 1024 4095 2668 1257 4067
3071 1024 4095 2914 1267 4067
3327 1024 4095 3160 1279 4067
3583 1024 4095 3406 1291 4067
3839 1024 4095 3644 1310 4058
4095 1024 4095 3877 1333 4045
0 1280 4095 34 1414 4064
256 1280 4095 153 1414 4066
512 1280 4095 350 1415 4068
768 1280 4095 664 1416 4068
1024 1280 4095 934 1418 4068
1280 1280 4095 1190 1421 4068
1536 1280 4095 1441 1425 4068
1792 1280 4095 1689 1429 4068
2048 1280 4095 1937 1434 4068
2303 1280 4095 2183 1441 4068
2559 1280 4095 2429 1447 4068
2815 1280 4095 2675 1455 4068
3071 1280 4095 2920 1464 4067
3327 1280 4095 3166 1473 4067
3583 1280 4095 3411 1484 4067
3839 1280 4095 3650 1498 4060
4095 1280 4095 3884 1515 4049
0 1536 4095 202 1639 4058
256 1536 4095 303 1639 4063
512 1536 4095 466 1640 4067
768 1536 4095 719 1641 4069
1024 1536 4095 968 1643 4069
1280 1536 4095 1215 1645 4069
1536 1536 4095 1461 1648 4069
1792 1536 4095 1706 1652 4069
2048 1536 4095 1951 1656 4069
2303 1536 4095 2195 1661 4069
2559 1536 4095 2440 1667 4069
2815 1536 4095 2684 1674 4069
3071 1536 4095 2929 1681 4068
3327 1536 4095 3173 1689 4068
3583 1536 4095 3418 1698 4068
3839 1536 4095 3659 1709 4064
4095 1536 4095 3897 1721 4057
0 1792 4095 358 1869 4053
256 1792 4095 434 1870 4061
512 1792 4095 565 1871 4066
768 1792 4095 776 1872 4070
1024 1792 4095 1007 1873 4070
1280 1792 4095 1244 1875 4070
1536 1792 4095 1484 1878 4070
1792 1792 4095 1726 1881 4070
2048 1792 4095 1968 1885 4070
2303 1792 4095 2209 1889 4070
2559 1792 4095 2452 1894 4070
2815 1792 4095 2696 1900 4070
3071 1792 4095 2939 1906 4070
3327 1792 4095 3183 1913 4070
3583 1792 4095 3426 1921 4070
3839 1792 4095 3667 1929 4066
4095 1792 4095 3906 1939 4061
0 2048 4095 506 2103 4050
256 2048 4095 553 2104 4059
512 2048 4095 653 2106 4067
768 2048 4095 834 2107 4071
1024 2048 4095 1050 2108 4072
1280 2048 4095 1276 2110 4072
1536 2048 4095 1511 2112 4071
1792 2048 4095 1748 2115 4071
2048 2048 4095 1986 2118 4071
2303 2048 4095 2226 2122 4071
2559 2048 4095 2467 2126 4071
2815 2048 4095 2708 2131 4071
3071 2048 4095 2951 2137 4071
3327 2048 4095 3193 2143 4071
3583 2048 4095 3436 2149 4071
3839 2048 4095 3676 2156 4067
4095 2048 4095 3913 2164 4061
0 2303 4095 606 2341 4051
256 2303 4095 646 2343 4060
512 2303 4095 735 2345 4068
768 2303 4095 897 2347 4072
1024 2303 4095 1099 2348 4073
1280 2303 4095 1315 2350 4073
1536 2303 4095 1543 2352 4073
1792 2303 4095 1774 2354 4073
2048 2303 4095 2009 2357 4073
2303 2303 4095 2246 2360 4073
2559 2303 4095 2484 2364 4073
2815 2303 4095 2724 2368 4073
3071 2303 4095 2965 2373 4073
3327 2303 4095 3206 2379 4073
3583 2303 4095 3448 2384 4073
3839 2303 4095 3686 2390 4068
4095 2303 4095 3921 2395 4060
0 2559 4095 703 2580 4052
256 2559 4095 738 2583 4061
512 2559 4095 816 2586 4069
768 2559 4095 961 2589 4074
1024 2559 4095 1151 2590 4075
1280 2559 4095 1356 2591 4075
1536 2559 4095 1577 2593 4075
1792 2559 4095 1803 2595 4075
2048 2559 4095 2034 2598 4075
2303 2559 4095 2268 2601 4075
2559 2559 4095 2504 2604 4075
2815 2559 4095 2741 2608 4075
3071 2559 4095 2981 2612 4075
3327 2559 4095 3220 2617 4075
3583 2559 4095 3461 2622 4075
3839 2559 4095 3698 2627 4071
4095 2559 4095 3933 2631 4064
0 2815 4095 796 2822 4054
256 2815 4095 827 2826 4062
512 2815 4095 898 2829 4070
768 2815 4095 1027 2832 4076
1024 2815 4095 1205 2834 4077
1280 2815 4095 1400 2835 4077
1536 2815 4095 1614 2837 4077
1792 2815 4095 1835 2839 4077
2048 2815 4095 2061 2841 4077
2303 2815 4095 2292 2844 4077
2559 2815 4095 2525 2847 4077
2815 2815 4095 2761 2850 4077
3071 2815 4095 2998 2854 4077
3327 2815 4095 3236 2858 4077
3583 2815 4095 3475 2863 4077
3839 2815 4095 3714 2867 4075
4095 2815 4095 3952 2872 4073
0 3071 4095 885 3065 4056
256 3071 4095 913 3070 4064
512 3071 4095 977 3074 4072
768 3071 4095 1095 3078 4079
1024 3071 4095 1263 3080 4080
1280 3071 4095 1449 3081 4080
1536 3071 4095 1656 3082 4080
1792 3071 4095 1871 3084 4080
2048 3071 4095 2092 3086 4080
2303 3071 4095 2319 3088 4080
2559 3071 4095 2549 3091 4080
2815 3071 4095 2782 3094 4080
3071 3071 4095 3018 3098 4079
3327 3071 4095 3254 3102 4079
3583 3071 4095 3492 3106 4079
3839 3071 4095 3729 3109 4078
4095 3071 4095 3966 3113 4075
0 3327 4095 973 3309 4059
256 3327 4095 998 3314 4067
512 3327 4095 1057 3319 4074
768 3327 4095 1165 3324 4081
1024 3327 4095 1323 3326 4082
1280 3327 4095 1499 3327 4082
1536 3327 4095 1699 3328 4082
1792 3327 4095 1908 3330 4082
2048 3327 4095 2124 3332 4082
2303 3327 4095 2348 3334 4082
2559 3327 4095 2575 3336 4082
2815 3327 4095 2806 3339 4082
3071 3327 4095 3039 3342 4082
3327 3327 4095 3273 3346 4082
3583 3327 4095 3510 3350 4082
3839 3327 4095 3745 3353 4080
4095 3327 4095 3979 3355 4076
0 3583 4095 1058 3554 4062
256 3583 4095 1081 3561 4070
512 3583 4095 1135 3567 4078
768 3583 4095 1236 3572 4084
1024 3583 4095 1385 3573 4085
1280 3583 4095 1553 3574 4085
1536 3583 4095 1746 3575 4085
1792 3583 4095 1949 3577 4085
2048 3583 4095 2160 3579 4085
2303 3583 4095 2380 3581 4085
2559 3583 4095 2604 3583 4085
2815 3583 4095 2831 3586 4085
3071 3583 4095 3062 3588 4085
3327 3583 4095 3295 3592 4085
3583 3583 4095 3529 3595 4085
3839 3583 4095 3764 3598 4084
4095 3583 4095 3999 3601 4081
0 3839 4095 1148 3795 4060
256 3839 4095 1170 3801 4068
512 3839 4095 1220 3808 4076
768 3839 4095 1310 3816 4084
1024 3839 4095 1450 3819 4086
1280 3839 4095 1609 3820 4087
1536 3839 4095 1795 3822 4087
1792 3839 4095 1992 3823 4087
2048 3839 4095 2197 3824 4087
2303 3839 4095 2414 3827 4087
2559 3839 4095 2634 3829 4087
2815 3839 4095 2859 3832 4088
3071 3839 4095 3087 3835 4088
3327 3839 4095 3317 3837 4088
3583 3839 4095 3550 3841 4088
3839 3839 4095 3784 3844 4087
4095 3839 4095 4019 3848 4087
0 4095 4095 1240 4033 4056
256 4095 4095 1262 4038 4061
512 4095 4095 1308 4047 4069
768 4095 4095 1387 4060 4082
1024 4095 4095 1518 4063 4086
1280 4095 4095 1668 4065 4087
1536 4095 4095 1846 4068 4089
1792 4095 4095 2037 4070 4089
2048 4095 4095 2237 4070 4088
2303 4095 4095 2449 4072 4088
2559 4095 4095 2665 4075 4088
2815 4095 4095 2887 4078 4090
3071 4095 4095 3113 4081 4090
3327 4095 4095 3341 4083 4090
3583 4095 4095 3572 4087 4091
3839 4095 4095 3805 4091 4091
4095 4095 4095 4039 4095 4091
