0 0 0 0 0 0
256 0 0 244 42 19
512 0 0 489 86 46
768 0 0 735 134 84
1024 0 0 977 167 80
1280 0 0 1220 198 65
1536 0 0 1462 233 46
1792 0 0 1705 271 34
2048 0 0 1948 309 28
2303 0 0 2190 350 33
2559 0 0 2432 394 45
2815 0 0 2674 441 70
3071 0 0 2915 481 67
3327 0 0 3156 521 60
3583 0 0 3396 565 65
3839 0 0 3632 614 78
4095 0 0 3867 666 97
0 256 0 87 253 46
256 256 0 282 269 44
512 256 0 496 287 48
768 256 0 737 308 61
1024 256 0 979 327 56
1280 256 0 1221 346 47
1536 256 0 1463 369 32
1792 256 0 1706 394 20
2048 256 0 1949 420 11
2303 256 0 2192 450 12
2559 256 0 2434 481 17
2815 256 0 2677 514 26
3071 256 0 2920 546 25
3327 256 0 3162 579 23
3583 256 0 3404 613 24
3839 256 0 3641 657 29
4095 256 0 3875 707 36
0 512 0 170 505 87
256 512 0 325 505 72
512 512 0 511 507 62
768 512 0 745 512 60
1024 512 0 984 520 56
1280 512 0 1225 531 50
1536 512 0 1467 544 41
1792 512 0 1709 559 31
2048 512 0 1952 576 21
2303 512 0 2194 596 19
2559 512 0 2437 617 18
2815 512 0 2680 639 15
3071 512 0 2923 664 12
3327 512 0 3167 689 7
3583 512 0 3410 715 2
3839 512 0 3647 753 11
4095 512 0 3880 799 30
0 768 0 248 757 121
256 768 0 373 756 105
512 768 0 538 756 95
768 768 0 762 759 93
1024 768 0 996 764 91
1280 768 0 1234 770 88
1536 768 0 1474 779 83
1792 768 0 1715 788 79
2048 768 0 1957 799 74
2303 768 0 2198 813 68
2559 768 0 2441 827 62
2815 768 0 2684 842 54
3071 768 0 2926 860 41
3327 768 0 3169 878 25
3583 768 0 3412 898 7
3839 768 0 3647 929 39
4095 768 0 3876 968 105
0 1024 0 330 1008 150
256 1024 0 432 1007 136
512 1024 0 577 1006 127
768 1024 0 788 1008 125
1024 1024 0 1016 1012 124
1280 1024 0 1248 1016 122
1536 1024 0 1486 1022 119
1792 1024 0 1725 1029 116
2048 1024 0 1965 1037 113
2303 1024 0 2206 1047 108
2559 1024 0 2447 1058 103
2815 1024 0 2689 1069 96
3071 1024 0 2932 1083 86
3327 1024 0 3174 1097 75
3583 1024 0 3417 1112 61
3839 1024 0 3653 1135 84
4095 1024 0 3884 1164 130
0 1280 0 413 1259 180
256 1280 0 495 1257 166
512 1280 0 622 1257 158
768 1280 0 819 1258 157
1024 1280 0 1039 1261 156
1280 1280 0 1266 1264 154
1536 1280 0 1501 1269 153
1792 1280 0 1737 1274 151
2048 1280 0 1976 1280 148
2303 1280 0 2215 1287 145
2559 1280 0 2455 1295 141
2815 1280 0 2696 1304 138
3071 1280 0 2938 1314 133
3327 1280 0 3180 1325 128
3583 1280 0 3422 1337 122
3839 1280 0 3659 1353 130
4095 1280 0 3892 1372 148
0 1536 0 497 1509 210
256 1536 0 563 1508 197
512 1536 0 676 1507 189
768 1536 0 858 1509 188
1024 1536 0 1069 1511 188
1280 1536 0 1289 1514 187
1536 1536 0 1520 1517 185
1792 1536 0 1753 1521 183
2048 1536 0 1989 1526 181
2303 1536 0 2227 1532 179
2559 1536 0 2466 1539 176
2815 1536 0 2706 1546 173
3071 1536 0 2947 1555 170
3327 1536 0 3188 1563 166
3583 1536 0 3429 1573 161
3839 1536 0 3664 1586 170
4095 1536 0 3894 1602 189
0 1792 0 574 1759 235
256 1792 0 632 1758 226
512 1792 0 734 1758 220
768 1792 0 902 1759 219
1024 1792 0 1103 1761 219
1280 1792 0 1317 1763 218
1536 1792 0 1542 1766 217
1792 1792 0 1772 1770 215
2048 1792 0 2005 1774 214
2303 1792 0 2241 1779 212
2559 1792 0 2478 1784 210
2815 1792 0 2717 1790 207
3071 1792 0 2957 1797 205
3327 1792 0 3197 1805 202
3583 1792 0 3438 1813 198
3839 1792 0 3671 1823 207
4095 1792 0 3899 1835 224
0 2048 0 647 2008 255
256 2048 0 701 2009 253
512 2048 0 795 2009 251
768 2048 0 949 2010 251
1024 2048 0 1141 2012 250
1280 2048 0 1347 2013 250
1536 2048 0 1567 2016 249
1792 2048 0 1794 2019 247
2048 2048 0 2024 2022 246
2303 2048 0 2257 2026 245
2559 2048 0 2493 2031 243
2815 2048 0 2730 2036 241
3071 2048 0 2968 2042 239
3327 2048 0 3207 2048 236
3583 2048 0 3447 2056 234
3839 2048 0 3679 2063 241
4095 2048 0 3907 2070 255
0 2303 0 727 2258 287
256 2303 0 775 2258 284
512 2303 0 861 2259 283
768 2303 0 1003 2260 282
1024 2303 0 1186 2261 282
1280 2303 0 1383 2263 281
1536 2303 0 1598 2265 280
1792 2303 0 1820 2268 279
2048 2303 0 2046 2271 278
2303 2303 0 2277 2274 277
2559 2303 0 2510 2278 275
2815 2303 0 2746 2283 274
3071 2303 0 2983 2288 272
3327 2303 0 3220 2294 270
3583 2303 0 3459 2300 267
3839 2303 0 3690 2305 276
4095 2303 0 3914 2309 293
0 2559 0 808 2508 318
256 2559 0 850 2509 316
512 2559 0 928 2510 314
768 2559 0 1059 2511 314
1024 2559 0 1233 2512 313
1280 2559 0 1422 2513 313
1536 2559 0 1631 2515 312
1792 2559 0 1848 2518 311
2048 2559 0 2070 2520 310
2303 2559 0 2299 2523 309
2559 2559 0 2529 2527 308
2815 2559 0 2763 2531 306
3071 2559 0 2998 2536 305
3327 2559 0 3235 2540 303
3583 2559 0 3472 2546 301
3839 2559 0 3702 2549 309
4095 2559 0 3927 2551 325
0 2815 0 889 2759 350
256 2815 0 927 2760 348
512 2815 0 998 2761 346
768 2815 0 1119 2762 345
1024 2815 0 1283 2763 345
1280 2815 0 1464 2764 344
1536 2815 0 1667 2766 344
1792 2815 0 1879 2768 343
2048 2815 0 2097 2770 342
2303 2815 0 2323 2773 341
2559 2815 0 2551 2776 340
2815 2815 0 2782 2780 339
3071 2815 0 3016 2784 337
3327 2815 0 3250 2788 335
3583 2815 0 3487 2793 334
3839 2815 0 3718 2795 340
4095 2815 0 3946 2796 351
0 3071 0 969 3009 382
256 3071 0 1004 3010 380
512 3071 0 1069 3011 378
768 3071 0 1181 3012 377
1024 3071 0 1337 3014 376
1280 3071 0 1510 3015 376
1536 3071 0 1707 3016 375
1792 3071 0 1914 3018 375
2048 3071 0 2128 3020 374
2303 3071 0 2350 3023 373
2559 3071 0 2575 3026 372
2815 3071 0 2804 3029 371
3071 3071 0 3035 3033 369
3327 3071 0 3268 3037 368
3583 3071 0 3503 3041 366
3839 3071 0 3730 3039 376
4095 3071 0 3951 3034 394
0 3327 0 1050 3259 414
256 3327 0 1081 3261 412
512 3327 0 1142 3262 410
768 3327 0 1245 3263 408
1024 3327 0 1393 3264 408
1280 3327 0 1558 3265 407
1536 3327 0 1749 3267 407
1792 3327 0 1951 3268 406
2048 3327 0 2160 3270 406
2303 3327 0 2378 3273 405
2559 3327 0 2601 3275 404
2815 3327 0 2827 3278 403
3071 3327 0 3057 3282 401
3327 3327 0 3288 3285 400
3583 3327 0 3521 3289 399
3839 3327 0 3742 3283 414
4095 3327 0 3954 3270 441
0 3583 0 1131 3510 446
256 3583 0 1159 3511 444
512 3583 0 1215 3512 442
768 3583 0 1312 3514 440
1024 3583 0 1452 3515 439
1280 3583 0 1610 3516 439
1536 3583 0 1794 3517 438
1792 3583 0 1991 3519 438
2048 3583 0 2195 3521 437
2303 3583 0 2410 3523 436
2559 3583 0 2629 3525 435
2815 3583 0 2852 3528 434
3071 3583 0 3080 3531 433
3327 3583 0 3309 3534 432
3583 3583 0 3541 3538 431
3839 3583 0 3757 3526 450
4095 3583 0 3962 3505 484
0 3839 0 1211 3760 477
256 3839 0 1239 3760 477
512 3839 0 1292 3759 477
768 3839 0 1384 3758 479
1024 3839 0 1518 3758 480
1280 3839 0 1668 3758 480
1536 3839 0 1845 3759 480
1792 3839 0 2034 3760 479
2048 3839 0 2232 3763 478
2303 3839 0 2442 3764 478
2559 3839 0 2657 3766 478
2815 3839 0 2877 3770 475
3071 3839 0 3101 3772 475
3327 3839 0 3327 3774 474
3583 3839 0 3557 3780 471
3839 3839 0 3771 3767 489
4095 3839 0 3974 3742 522
0 4095 0 1292 4010 509
256 4095 0 1319 4008 511
512 4095 0 1371 4004 515
768 4095 0 1461 3998 523
1024 4095 0 1587 3995 527
1280 4095 0 1729 3993 529
1536 4095 0 1898 3993 529
1792 4095 0 2080 3996 528
2048 4095 0 2271 3999 525
2303 4095 0 2476 3998 528
2559 4095 0 2685 4000 527
2815 4095 0 2901 4006 522
3071 4095 0 3120 4007 523
3327 4095 0 3342 4008 523
3583 4095 0 3571 4016 517
3839 4095 0 3786 4005 530
4095 4095 0 3990 3980 557
0 0 256 54 47 243
256 0 256 266 69 250
512 0 256 491 96 260
768 0 256 734 132 274
1024 0 256 977 164 272
1280 0 256 1219 197 266
1536 0 256 1462 232 258
1792 0 256 1705 269 254
2048 0 256 1948 307 251
2303 0 256 2191 345 252
2559 0 256 2434 384 256
2815 0 256 2676 425 265
3071 0 256 2919 464 263
3327 0 256 3162 502 259
3583 0 256 3403 542 260
3839 0 256 3640 595 267
4095 0 256 3872 656 278
0 256 256 112 271 261
256 256 256 293 280 260
512 256 256 495 294 263
768 256 256 725 317 273
1024 256 256 962 341 275
1280 256 256 1202 366 274
1536 256 256 1447 391 268
1792 256 256 1691 416 262
2048 256 256 1936 443 257
2303 256 256 2180 471 256
2559 256 256 2424 500 256
2815 256 256 2668 530 258
3071 256 256 2912 560 256
3327 256 256 3156 591 254
3583 256 256 3399 623 253
3839 256 256 3642 658 252
4095 256 256 3883 693 251
0 512 256 177 506 279
256 512 256 333 505 276
512 512 256 514 510 278
768 512 256 732 523 283
1024 512 256 963 540 287
1280 512 256 1199 558 288
1536 512 256 1441 575 284
1792 512 256 1684 593 280
2048 512 256 1927 612 275
2303 512 256 2170 633 273
2559 512 256 2414 655 271
2815 512 256 2658 679 269
3071 512 256 2901 703 266
3327 512 256 3145 729 262
3583 512 256 3390 755 258
3839 512 256 3638 772 253
4095 512 256 3890 783 248
0 768 256 254 758 295
256 768 256 392 753 303
512 768 256 558 753 308
768 768 256 764 760 310
1024 768 256 987 770 312
1280 768 256 1215 783 313
1536 768 256 1450 797 313
1792 768 256 1686 814 312
2048 768 256 1924 831 311
2303 768 256 2163 851 309
2559 768 256 2403 871 307
2815 768 256 2644 893 304
3071 768 256 2885 916 299
3327 768 256 3127 939 292
3583 768 256 3371 962 283
3839 768 256 3627 964 279
4095 768 256 3890 951 278
0 1024 256 331 1008 310
256 1024 256 453 1003 320
512 1024 256 605 1001 328
768 1024 256 803 1005 333
1024 1024 256 1019 1012 334
1280 1024 256 1241 1021 335
1536 1024 256 1471 1032 335
1792 1024 256 1704 1044 335
2048 1024 256 1939 1058 335
2303 1024 256 2175 1074 333
2559 1024 256 2413 1091 332
2815 1024 256 2652 1109 330
3071 1024 256 2891 1129 326
3327 1024 256 3132 1149 322
3583 1024 256 3373 1169 315
3839 1024 256 3629 1168 305
4095 1024 256 3896 1153 292
0 1280 256 410 1257 325
256 1280 256 514 1254 336
512 1280 256 653 1252 346
768 1280 256 843 1253 354
1024 1280 256 1053 1257 356
1280 1280 256 1270 1263 356
1536 1280 256 1496 1270 356
1792 1280 256 1726 1280 356
2048 1280 256 1958 1290 355
2303 1280 256 2192 1302 355
2559 1280 256 2428 1315 354
2815 1280 256 2665 1329 353
3071 1280 256 2904 1345 351
3327 1280 256 3142 1361 350
3583 1280 256 3381 1379 348
3839 1280 256 3636 1379 331
4095 1280 256 3901 1367 305
0 1536 256 491 1508 343
256 1536 256 580 1505 353
512 1536 256 707 1503 363
768 1536 256 889 1503 376
1024 1536 256 1091 1506 378
1280 1536 256 1301 1510 378
1536 1536 256 1524 1516 378
1792 1536 256 1751 1523 378
2048 1536 256 1980 1531 377
2303 1536 256 2212 1540 377
2559 1536 256 2447 1551 376
2815 1536 256 2682 1562 375
3071 1536 256 2919 1575 374
3327 1536 256 3157 1589 373
3583 1536 256 3395 1603 372
3839 1536 256 3646 1605 355
4095 1536 256 3906 1598 327
0 1792 256 570 1758 360
256 1792 256 648 1756 370
512 1792 256 764 1754 382
768 1792 256 937 1753 397
1024 1792 256 1131 1755 400
1280 1792 256 1335 1758 400
1536 1792 256 1553 1763 399
1792 1792 256 1777 1768 399
2048 1792 256 2004 1774 399
2303 1792 256 2234 1782 398
2559 1792 256 2467 1790 398
2815 1792 256 2701 1800 397
3071 1792 256 2937 1810 396
3327 1792 256 3173 1821 395
3583 1792 256 3411 1833 394
3839 1792 256 3658 1836 377
4095 1792 256 3912 1833 349
0 2048 256 647 2009 377
256 2048 256 717 2007 388
512 2048 256 824 2006 401
768 2048 256 987 2004 417
1024 2048 256 1173 2006 420
1280 2048 256 1370 2008 420
1536 2048 256 1584 2011 420
1792 2048 256 1804 2016 420
2048 2048 256 2028 2020 419
2303 2048 256 2257 2026 419
2559 2048 256 2488 2033 418
2815 2048 256 2721 2040 418
3071 2048 256 2956 2049 417
3327 2048 256 3191 2058 416
3583 2048 256 3428 2068 415
3839 2048 256 3671 2072 398
4095 2048 256 3920 2071 370
0 2303 256 727 2258 399
256 2303 256 789 2257 409
512 2303 256 888 2256 422
768 2303 256 1041 2254 438
1024 2303 256 1219 2256 441
1280 2303 256 1408 2258 441
1536 2303 256 1617 2260 440
1792 2303 256 1833 2264 440
2048 2303 256 2054 2268 439
2303 2303 256 2281 2273 439
2559 2303 256 2510 2278 438
2815 2303 256 2742 2284 438
3071 2303 256 2975 2292 437
3327 2303 256 3210 2299 436
3583 2303 256 3446 2308 435
3839 2303 256 3686 2311 420
4095 2303 256 3929 2312 395
0 2559 256 807 2509 422
256 2559 256 863 2508 432
512 2559 256 953 2507 443
768 2559 256 1096 2506 459
1024 2559 256 1266 2507 462
1280 2559 256 1448 2508 462
1536 2559 256 1652 2511 461
1792 2559 256 1864 2514 461
2048 2559 256 2082 2517 460
2303 2559 256 2306 2521 460
2559 2559 256 2533 2525 459
2815 2559 256 2763 2531 458
3071 2559 256 2996 2537 458
3327 2559 256 3229 2543 457
3583 2559 256 3464 2550 456
3839 2559 256 3702 2554 442
4095 2559 256 3941 2556 419
0 2815 256 888 2760 446
256 2815 256 938 2759 455
512 2815 256 1021 2758 466
768 2815 256 1154 2757 481
1024 2815 256 1316 2758 484
1280 2815 256 1491 2759 483
1536 2815 256 1689 2761 483
1792 2815 256 1897 2764 483
2048 2815 256 2111 2766 482
2303 2815 256 2333 2770 482
2559 2815 256 2557 2774 481
2815 2815 256 2786 2778 480
3071 2815 256 3017 2783 479
3327 2815 256 3249 2789 478
3583 2815 256 3483 2795 477
3839 2815 256 3719 2799 464
4095 2815 256 3956 2801 442
0 3071 256 968 3011 471
256 3071 256 1014 3010 479
512 3071 256 1091 3009 490
768 3071 256 1216 3008 504
1024 3071 256 1370 3009 507
1280 3071 256 1537 3010 506
1536 3071 256 1730 3012 506
1792 3071 256 1933 3014 506
2048 3071 256 2142 3017 505
2303 3071 256 2361 3020 505
2559 3071 256 2584 3023 504
2815 3071 256 2810 3027 503
3071 3071 256 3039 3031 502
3327 3071 256 3269 3036 501
3583 3071 256 3502 3041 500
3839 3071 256 3734 3043 490
4095 3071 256 3965 3043 473
0 3327 256 1048 3261 496
256 3327 256 1090 3261 504
512 3327 256 1162 3260 514
768 3327 256 1278 3260 527
1024 3327 256 1425 3260 530
1280 3327 256 1585 3261 530
1536 3327 256 1772 3263 529
1792 3327 256 1970 3265 529
2048 3327 256 2175 3267 529
2303 3327 256 2391 3270 528
2559 3327 256 2611 3273 527
2815 3327 256 2834 3276 527
3071 3327 256 3062 3280 526
3327 3327 256 3291 3284 525
3583 3327 256 3522 3289 524
3839 3327 256 3749 3287 517
4095 3327 256 3971 3282 507
0 3583 256 1129 3512 522
256 3583 256 1167 3512 530
512 3583 256 1234 3511 539
768 3583 256 1343 3511 552
1024 3583 256 1483 3511 554
1280 3583 256 1636 3512 554
1536 3583 256 1817 3514 554
1792 3583 256 2010 3515 553
2048 3583 256 2211 3517 553
2303 3583 256 2424 3520 552
2559 3583 256 2640 3522 552
2815 3583 256 2861 3525 551
3071 3583 256 3087 3529 550
3327 3583 256 3314 3533 549
3583 3583 256 3544 3537 548
3839 3583 256 3763 3530 548
4095 3583 256 3974 3515 547
0 3839 256 1210 3761 550
256 3839 256 1243 3761 555
512 3839 256 1303 3760 561
768 3839 256 1402 3759 570
1024 3839 256 1535 3759 572
1280 3839 256 1683 3759 573
1536 3839 256 1858 3760 573
1792 3839 256 2046 3761 572
2048 3839 256 2243 3764 572
2303 3839 256 2452 3765 572
2559 3839 256 2665 3768 571
2815 3839 256 2885 3773 568
3071 3839 256 3107 3774 568
3327 3839 256 3332 3776 569
3583 3839 256 3561 3781 567
3839 3839 256 3779 3774 570
4095 3839 256 3990 3758 577
0 4095 256 1293 4010 579
256 4095 256 1318 4010 579
512 4095 256 1369 4008 581
768 4095 256 1457 4005 585
1024 4095 256 1583 4004 586
1280 4095 256 1726 4003 587
1536 4095 256 1896 4003 589
1792 4095 256 2079 4004 588
2048 4095 256 2272 4007 586
2303 4095 256 2477 4006 588
2559 4095 256 2688 4010 586
2815 4095 256 2906 4019 580
3071 4095 256 3125 4017 583
3327 4095 256 3346 4015 586
3583 4095 256 3575 4022 581
3839 4095 256 3798 4019 586
4095 4095 256 4016 4009 598
0 0 512 110 100 487
256 0 512 291 102 486
512 0 512 496 115 485
768 0 512 736 141 485
1024 0 512 978 171 484
1280 0 512 1220 203 484
1536 0 512 1463 238 483
1792 0 512 1706 273 483
2048 0 512 1949 309 482
2303 0 512 2192 345 481
2559 0 512 2435 382 480
2815 0 512 2678 419 479
3071 0 512 2922 456 478
3327 0 512 3165 493 477
3583 0 512 3408 530 476
3839 0 512 3645 584 479
4095 0 512 3876 650 485
0 256 512 145 294 488
256 256 512 311 296 481
512 256 512 499 306 480
768 256 512 721 329 488
1024 256 512 954 356 495
1280 256 512 1192 382 500
1536 256 512 1438 408 501
1792 256 512 1683 433 500
2048 256 512 1929 459 499
2303 256 512 2173 486 497
2559 256 512 2418 513 495
2815 256 512 2663 542 493
3071 256 512 2908 571 491
3327 256 512 3153 601 489
3583 256 512 3397 631 487
3839 256 512 3642 659 483
4095 256 512 3888 686 479
0 512 512 194 511 490
256 512 512 348 509 487
512 512 512 522 516 489
768 512 512 727 534 500
1024 512 512 953 554 509
1280 512 512 1186 576 516
1536 512 512 1425 596 519
1792 512 512 1667 617 520
2048 512 512 1911 637 520
2303 512 512 2154 659 519
2559 512 512 2399 682 517
2815 512 512 2643 705 515
3071 512 512 2888 730 513
3327 512 512 3132 755 511
3583 512 512 3377 781 508
3839 512 512 3633 785 495
4095 512 512 3896 775 476
0 768 512 265 760 495
256 768 512 409 753 509
512 768 512 574 753 519
768 768 512 768 762 524
1024 768 512 986 775 528
1280 768 512 1210 790 532
1536 768 512 1433 813 539
1792 768 512 1662 835 544
2048 768 512 1896 858 547
2303 768 512 2134 881 548
2559 768 512 2374 905 549
2815 768 512 2615 930 549
3071 768 512 2858 954 548
3327 768 512 3101 979 546
3583 768 512 3345 1002 543
3839 768 512 3614 986 518
4095 768 512 3899 943 480
0 1024 512 338 1009 500
256 1024 512 469 1002 520
512 1024 512 624 1000 534
768 1024 512 814 1004 543
1024 1024 512 1024 1012 545
1280 1024 512 1239 1023 546
1536 1024 512 1460 1040 553
1792 1024 512 1685 1059 559
2048 1024 512 1913 1078 564
2303 1024 512 2146 1099 567
2559 1024 512 2380 1121 569
2815 1024 512 2616 1144 571
3071 1024 512 2855 1167 572
3327 1024 512 3095 1190 571
3583 1024 512 3337 1212 568
3839 1024 512 3610 1194 537
4095 1024 512 3903 1148 486
0 1280 512 413 1257 506
256 1280 512 529 1253 527
512 1280 512 674 1250 546
768 1280 512 862 1250 561
1024 1280 512 1064 1255 563
1280 1280 512 1273 1263 563
1536 1280 512 1492 1273 569
1792 1280 512 1715 1286 574
2048 1280 512 1939 1301 579
2303 1280 512 2167 1319 583
2559 1280 512 2396 1338 587
2815 1280 512 2628 1359 590
3071 1280 512 2863 1380 592
3327 1280 512 3100 1401 592
3583 1280 512 3339 1421 590
3839 1280 512 3612 1405 554
4095 1280 512 3907 1365 494
0 1536 512 492 1508 515
256 1536 512 593 1504 535
512 1536 512 729 1501 557
768 1536 512 915 1498 580
1024 1536 512 1111 1501 586
1280 1536 512 1313 1507 589
1536 1536 512 1527 1515 592
1792 1536 512 1746 1525 595
2048 1536 512 1968 1536 598
2303 1536 512 2194 1550 601
2559 1536 512 2422 1566 604
2815 1536 512 2652 1582 607
3071 1536 512 2884 1600 609
3327 1536 512 3118 1618 610
3583 1536 512 3355 1636 609
3839 1536 512 3624 1626 569
4095 1536 512 3913 1597 504
0 1792 512 571 1759 527
256 1792 512 660 1755 545
512 1792 512 786 1752 567
768 1792 512 967 1748 595
1024 1792 512 1158 1750 605
1280 1792 512 1355 1753 609
1536 1792 512 1565 1759 611
1792 1792 512 1780 1767 613
2048 1792 512 1999 1776 615
2303 1792 512 2224 1787 617
2559 1792 512 2450 1799 619
2815 1792 512 2678 1812 621
3071 1792 512 2909 1827 623
3327 1792 512 3141 1843 625
3583 1792 512 3376 1858 624
3839 1792 512 3639 1853 584
4095 1792 512 3920 1833 516
0 2048 512 650 2009 539
256 2048 512 728 2007 556
512 2048 512 845 2003 578
768 2048 512 1019 1999 608
1024 2048 512 1206 1999 621
1280 2048 512 1398 2001 627
1536 2048 512 1603 2006 628
1792 2048 512 1815 2012 629
2048 2048 512 2032 2018 630
2303 2048 512 2254 2027 632
2559 2048 512 2479 2036 633
2815 2048 512 2707 2046 634
3071 2048 512 2936 2058 636
3327 2048 512 3167 2071 637
3583 2048 512 3399 2085 639
3839 2048 512 3656 2084 598
4095 2048 512 3928 2072 529
0 2303 512 729 2259 553
256 2303 512 800 2257 570
512 2303 512 908 2254 591
768 2303 512 1072 2250 620
1024 2303 512 1253 2250 634
1280 2303 512 1441 2251 642
1536 2303 512 1642 2254 642
1792 2303 512 1850 2259 643
2048 2303 512 2064 2264 644
2303 2303 512 2285 2271 644
2559 2303 512 2508 2279 645
2815 2303 512 2735 2287 646
3071 2303 512 2964 2297 647
3327 2303 512 3194 2307 648
3583 2303 512 3425 2319 649
3839 2303 512 3676 2320 610
4095 2303 512 3939 2315 544
0 2559 512 809 2510 569
256 2559 512 872 2508 584
512 2559 512 972 2505 605
768 2559 512 1128 2502 633
1024 2559 512 1302 2501 648
1280 2559 512 1485 2501 656
1536 2559 512 1681 2504 657
1792 2559 512 1886 2508 657
2048 2559 512 2097 2512 657
2303 2559 512 2316 2518 658
2559 2559 512 2538 2524 658
2815 2559 512 2763 2530 658
3071 2559 512 2991 2538 659
3327 2559 512 3220 2547 659
3583 2559 512 3451 2556 660
3839 2559 512 3696 2560 623
4095 2559 512 3950 2559 561
0 2815 512 889 2761 586
256 2815 512 946 2759 600
512 2815 512 1039 2757 620
768 2815 512 1185 2753 647
1024 2815 512 1353 2752 662
1280 2815 512 1531 2752 672
1536 2815 512 1721 2754 672
1792 2815 512 1922 2758 672
2048 2815 512 2130 2761 672
2303 2815 512 2347 2766 672
2559 2815 512 2566 2771 672
2815 2815 512 2790 2776 672
3071 2815 512 3017 2783 672
3327 2815 512 3245 2790 672
3583 2815 512 3475 2798 673
3839 2815 512 3715 2802 638
4095 2815 512 3962 2805 580
0 3071 512 969 3012 605
256 3071 512 1021 3010 618
512 3071 512 1108 3008 636
768 3071 512 1245 3005 663
1024 3071 512 1407 3004 678
1280 3071 512 1578 3003 688
1536 3071 512 1764 3005 688
1792 3071 512 1961 3008 688
2048 3071 512 2165 3011 688
2303 3071 512 2379 3015 688
2559 3071 512 2596 3019 688
2815 3071 512 2818 3024 688
3071 3071 512 3043 3029 687
3327 3071 512 3270 3035 687
3583 3071 512 3499 3042 687
3839 3071 512 3735 3047 655
4095 3071 512 3974 3050 602
0 3327 512 1049 3263 624
256 3327 512 1097 3261 636
512 3327 512 1177 3259 654
768 3327 512 1306 3257 679
1024 3327 512 1462 3255 694
1280 3327 512 1628 3255 705
1536 3327 512 1808 3256 705
1792 3327 512 2000 3259 705
2048 3327 512 2200 3261 704
2303 3327 512 2411 3264 704
2559 3327 512 2626 3268 704
2815 3327 512 2846 3272 704
3071 3327 512 3070 3277 704
3327 3327 512 3295 3282 703
3583 3327 512 3524 3288 703
3839 3327 512 3753 3291 674
4095 3327 512 3984 3292 625
0 3583 512 1129 3514 644
256 3583 512 1173 3513 656
512 3583 512 1248 3511 673
768 3583 512 1370 3508 697
1024 3583 512 1519 3507 712
1280 3583 512 1679 3506 722
1536 3583 512 1854 3507 722
1792 3583 512 2041 3509 722
2048 3583 512 2237 3512 722
2303 3583 512 2446 3514 722
2559 3583 512 2658 3518 722
2815 3583 512 2875 3521 721
3071 3583 512 3097 3525 721
3327 3583 512 3321 3530 721
3583 3583 512 3548 3535 720
3839 3583 512 3769 3533 696
4095 3583 512 3987 3527 657
0 3839 512 1211 3762 667
256 3839 512 1247 3762 674
512 3839 512 1311 3761 684
768 3839 512 1417 3759 699
1024 3839 512 1556 3759 709
1280 3839 512 1708 3759 715
1536 3839 512 1881 3759 716
1792 3839 512 2066 3761 716
2048 3839 512 2260 3763 715
2303 3839 512 2467 3765 716
2559 3839 512 2678 3768 715
2815 3839 512 2896 3773 712
3071 3839 512 3116 3775 713
3327 3839 512 3339 3777 714
3583 3839 512 3566 3782 713
3839 3839 512 3787 3780 699
4095 3839 512 4005 3773 678
0 4095 512 1295 4009 692
256 4095 512 1320 4010 691
512 4095 512 1369 4010 691
768 4095 512 1455 4010 692
1024 4095 512 1580 4011 692
1280 4095 512 1723 4012 692
1536 4095 512 1895 4011 693
1792 4095 512 2080 4012 693
2048 4095 512 2273 4014 692
2303 4095 512 2479 4015 693
2559 4095 512 2691 4018 691
2815 4095 512 2910 4027 686
3071 4095 512 3129 4025 688
3327 4095 512 3351 4023 691
3583 4095 512 3579 4028 689
3839 4095 512 3806 4029 690
4095 4095 512 4032 4027 693
0 0 768 169 160 733
256 0 768 320 146 729
512 0 768 506 147 727
768 0 768 743 169 728
1024 0 768 982 193 727
1280 0 768 1223 220 726
1536 0 768 1465 252 726
1792 0 768 1708 285 726
2048 0 768 1951 319 725
2303 0 768 2193 355 725
2559 0 768 2436 390 724
2815 0 768 2679 426 724
3071 0 768 2923 462 723
3327 0 768 3166 499 722
3583 0 768 3409 535 722
3839 0 768 3646 587 724
4095 0 768 3879 650 728
0 256 768 190 324 733
256 256 768 339 319 709
512 256 768 513 325 698
768 256 768 728 347 707
1024 256 768 959 370 717
1280 256 768 1196 393 726
1536 256 768 1440 417 731
1792 256 768 1685 441 733
2048 256 768 1930 466 735
2303 256 768 2174 492 735
2559 256 768 2419 519 734
2815 256 768 2664 547 733
3071 256 768 2909 576 732
3327 256 768 3153 606 731
3583 256 768 3398 636 730
3839 256 768 3643 663 727
4095 256 768 3890 688 724
0 512 768 227 520 733
256 512 768 371 519 706
512 512 768 536 525 694
768 512 768 735 543 704
1024 512 768 960 561 717
1280 512 768 1193 581 730
1536 512 768 1426 604 741
1792 512 768 1664 626 748
2048 512 768 1906 647 752
2303 512 768 2150 669 753
2559 512 768 2395 690 753
2815 512 768 2641 713 752
3071 512 768 2886 736 751
3327 512 768 3132 760 749
3583 512 768 3377 785 748
3839 512 768 3634 789 737
4095 512 768 3898 777 722
0 768 768 285 764 734
256 768 768 422 759 727
512 768 768 582 759 725
768 768 768 773 768 731
1024 768 768 997 776 734
1280 768 768 1223 789 740
1536 768 768 1426 823 759
1792 768 768 1646 852 772
2048 768 768 1875 879 781
2303 768 768 2116 902 784
2559 768 768 2359 924 785
2815 768 768 2604 945 785
3071 768 768 2850 966 783
3327 768 768 3097 987 781
3583 768 768 3343 1008 778
3839 768 768 3614 990 757
4095 768 768 3900 946 724
0 1024 768 354 1012 737
256 1024 768 479 1006 741
512 1024 768 630 1004 747
768 1024 768 820 1007 756
1024 1024 768 1032 1014 755
1280 1024 768 1247 1024 756
1536 1024 768 1453 1048 775
1792 1024 768 1669 1072 791
2048 1024 768 1890 1096 803
2303 1024 768 2119 1121 812
2559 1024 768 2351 1146 819
2815 1024 768 2585 1172 824
3071 1024 768 2825 1195 825
3327 1024 768 3068 1217 823
3583 1024 768 3314 1237 819
3839 1024 768 3597 1209 784
4095 1024 768 3903 1150 728
0 1280 768 426 1260 741
256 1280 768 537 1255 752
512 1280 768 680 1252 765
768 1280 768 872 1250 782
1024 1280 768 1071 1256 781
1280 1280 768 1274 1266 780
1536 1280 768 1489 1277 796
1792 1280 768 1704 1294 811
2048 1280 768 1919 1313 826
2303 1280 768 2136 1339 839
2559 1280 768 2357 1366 851
2815 1280 768 2580 1394 861
3071 1280 768 2813 1420 865
3327 1280 768 3049 1444 865
3583 1280 768 3294 1464 859
3839 1280 768 3585 1432 810
4095 1280 768 3908 1367 733
0 1536 768 502 1510 746
256 1536 768 600 1506 759
512 1536 768 737 1501 779
768 1536 768 935 1496 809
1024 1536 768 1128 1499 820
1280 1536 768 1324 1505 827
1536 1536 768 1530 1515 837
1792 1536 768 1740 1528 846
2048 1536 768 1953 1544 855
2303 1536 768 2169 1564 864
2559 1536 768 2389 1585 873
2815 1536 768 2611 1608 881
3071 1536 768 2837 1632 888
3327 1536 768 3067 1656 891
3583 1536 768 3307 1674 885
3839 1536 768 3595 1651 828
4095 1536 768 3914 1598 738
0 1792 768 579 1760 753
256 1792 768 666 1757 766
512 1792 768 796 1752 789
768 1792 768 991 1745 826
1024 1792 768 1184 1745 847
1280 1792 768 1377 1748 862
1536 1792 768 1576 1756 868
1792 1792 768 1782 1767 873
2048 1792 768 1992 1779 879
2303 1792 768 2208 1794 885
2559 1792 768 2426 1811 891
2815 1792 768 2646 1829 898
3071 1792 768 2870 1850 904
3327 1792 768 3096 1871 909
3583 1792 768 3329 1890 906
3839 1792 768 3610 1874 846
4095 1792 768 3921 1834 746
0 2048 768 657 2010 761
256 2048 768 733 2008 774
512 2048 768 855 2003 797
768 2048 768 1043 1996 836
1024 2048 768 1238 1993 866
1280 2048 768 1433 1993 889
1536 2048 768 1626 1999 892
1792 2048 768 1828 2007 895
2048 2048 768 2035 2016 899
2303 2048 768 2249 2028 903
2559 2048 768 2466 2041 907
2815 2048 768 2685 2056 911
3071 2048 768 2908 2072 916
3327 2048 768 3131 2090 921
3583 2048 768 3357 2109 926
3839 2048 768 3628 2101 863
4095 2048 768 3929 2074 754
0 2303 768 735 2260 770
256 2303 768 804 2258 782
512 2303 768 917 2254 805
768 2303 768 1096 2247 843
1024 2303 768 1290 2243 878
1280 2303 768 1485 2241 905
1536 2303 768 1674 2246 907
1792 2303 768 1872 2252 909
2048 2303 768 2077 2260 912
2303 2303 768 2289 2269 915
2559 2303 768 2504 2280 917
2815 2303 768 2723 2292 921
3071 2303 768 2945 2305 924
3327 2303 768 3168 2319 928
3583 2303 768 3394 2335 931
3839 2303 768 3655 2332 870
4095 2303 768 3939 2316 764
0 2559 768 814 2511 780
256 2559 768 876 2509 792
512 2559 768 982 2505 814
768 2559 768 1151 2499 851
1024 2559 768 1343 2494 889
1280 2559 768 1537 2490 920
1536 2559 768 1722 2494 922
1792 2559 768 1917 2499 923
2048 2559 768 2118 2505 924
2303 2559 768 2329 2513 926
2559 2559 768 2542 2521 928
2815 2559 768 2760 2531 930
3071 2559 768 2981 2542 932
3327 2559 768 3204 2553 935
3583 2559 768 3429 2566 938
3839 2559 768 3681 2567 877
4095 2559 768 3950 2560 776
0 2815 768 893 2762 791
256 2815 768 950 2760 803
512 2815 768 1048 2757 824
768 2815 768 1207 2751 859
1024 2815 768 1396 2745 900
1280 2815 768 1589 2741 933
1536 2815 768 1769 2744 934
1792 2815 768 1960 2748 935
2048 2815 768 2158 2753 936
2303 2815 768 2367 2759 937
2559 2815 768 2579 2766 938
2815 2815 768 2796 2774 940
3071 2815 768 3016 2782 941
3327 2815 768 3238 2792 943
3583 2815 768 3462 2803 944
3839 2815 768 3706 2807 886
4095 2815 768 3963 2806 789
0 3071 768 973 3012 804
256 3071 768 1025 3011 815
512 3071 768 1116 3008 835
768 3071 768 1266 3003 869
1024 3071 768 1451 2997 911
1280 3071 768 1640 2992 945
1536 3071 768 1816 2995 946
1792 3071 768 2003 2998 947
2048 3071 768 2198 3002 948
2303 3071 768 2405 3007 948
2559 3071 768 2615 3013 949
2815 3071 768 2830 3019 950
3071 3071 768 3049 3027 951
3327 3071 768 3270 3035 952
3583 3071 768 3494 3044 953
3839 3071 768 3731 3049 898
4095 3071 768 3976 3052 806
0 3327 768 1053 3263 818
256 3327 768 1100 3262 828
512 3327 768 1185 3259 847
768 3327 768 1327 3255 880
1024 3327 768 1507 3249 922
1280 3327 768 1692 3244 958
1536 3327 768 1863 3246 958
1792 3327 768 2047 3249 959
2048 3327 768 2238 3252 959
2303 3327 768 2442 3256 960
2559 3327 768 2650 3261 960
2815 3327 768 2864 3266 961
3071 3327 768 3082 3272 961
3327 3327 768 3302 3279 962
3583 3327 768 3525 3287 963
3839 3327 768 3755 3293 911
4095 3327 768 3990 3298 823
0 3583 768 1133 3514 833
256 3583 768 1176 3513 842
512 3583 768 1256 3511 860
768 3583 768 1389 3506 891
1024 3583 768 1564 3500 934
1280 3583 768 1745 3496 970
1536 3583 768 1912 3497 971
1792 3583 768 2091 3500 971
2048 3583 768 2279 3502 971
2303 3583 768 2480 3506 972
2559 3583 768 2686 3510 972
2815 3583 768 2897 3515 972
3071 3583 768 3114 3520 973
3327 3583 768 3332 3526 973
3583 3583 768 3554 3532 973
3839 3583 768 3778 3537 921
4095 3583 768 4002 3541 835
0 3839 768 1215 3761 850
256 3839 768 1251 3761 855
512 3839 768 1317 3761 866
768 3839 768 1430 3759 885
1024 3839 768 1585 3756 911
1280 3839 768 1750 3754 933
1536 3839 768 1918 3756 935
1792 3839 768 2099 3757 935
2048 3839 768 2288 3760 935
2303 3839 768 2491 3762 935
2559 3839 768 2698 3765 935
2815 3839 768 2911 3769 934
3071 3839 768 3129 3773 934
3327 3839 768 3349 3777 934
3583 3839 768 3573 3783 934
3839 3839 768 3796 3784 902
4095 3839 768 4017 3784 850
0 4095 768 1300 4007 869
256 4095 768 1325 4008 869
512 4095 768 1373 4010 868
768 4095 768 1456 4012 866
1024 4095 768 1581 4015 865
1280 4095 768 1723 4018 864
1536 4095 768 1896 4018 866
1792 4095 768 2081 4019 866
2048 4095 768 2275 4021 866
2303 4095 768 2482 4023 866
2559 4095 768 2694 4025 865
2815 4095 768 2911 4028 863
3071 4095 768 3133 4030 862
3327 4095 768 3357 4032 862
3583 4095 768 3585 4036 861
3839 4095 768 3810 4034 863
4095 4095 768 4033 4028 868
0 0 1024 218 194 974
256 0 1024 350 182 971
512 0 1024 521 182 970
768 0 1024 752 198 970
1024 0 1024 989 220 969
1280 0 1024 1228 244 968
1536 0 1024 1469 273 968
1792 0 1024 1711 303 968
2048 0 1024 1954 335 968
2303 0 1024 2195 369 968
2559 0 1024 2438 403 967
2815 0 1024 2681 438 967
3071 0 1024 2924 473 966
3327 0 1024 3168 508 966
3583 0 1024 3411 544 965
3839 0 1024 3650 589 966
4095 0 1024 3887 640 968
0 256 1024 230 343 973
256 256 1024 368 341 944
512 256 1024 535 348 928
768 256 1024 743 367 930
1024 256 1024 970 388 942
1280 256 1024 1204 409 955
1536 256 1024 1446 431 962
1792 256 1024 1689 454 968
2048 256 1024 1934 478 971
2303 256 1024 2177 503 972
2559 256 1024 2422 529 973
2815 256 1024 2666 556 973
3071 256 1024 2911 585 973
3327 256 1024 3155 614 973
3583 256 1024 3399 643 972
3839 256 1024 3646 667 970
4095 256 1024 3894 687 966
0 512 1024 258 528 973
256 512 1024 397 530 936
512 512 1024 558 538 916
768 512 1024 750 556 922
1024 512 1024 972 573 936
1280 512 1024 1200 591 952
1536 512 1024 1431 613 963
1792 512 1024 1667 635 973
2048 512 1024 1908 656 980
2303 512 1024 2152 677 983
2559 512 1024 2396 699 986
2815 512 1024 2642 721 987
3071 512 1024 2887 744 987
3327 512 1024 3133 767 987
3583 512 1024 3378 792 986
3839 512 1024 3635 794 978
4095 512 1024 3899 783 966
0 768 1024 311 769 974
256 768 1024 442 766 955
512 768 1024 595 767 948
768 768 1024 783 775 961
1024 768 1024 1003 784 964
1280 768 1024 1227 798 965
1536 768 1024 1427 833 975
1792 768 1024 1645 863 986
2048 768 1024 1874 889 998
2303 768 1024 2115 911 1004
2559 768 1024 2358 933 1009
2815 768 1024 2603 953 1011
3071 768 1024 2850 973 1012
3327 768 1024 3097 993 1012
3583 768 1024 3344 1013 1011
3839 768 1024 3615 994 994
4095 768 1024 3901 950 967
0 1024 1024 376 1016 977
256 1024 1024 495 1011 969
512 1024 1024 642 1009 969
768 1024 1024 831 1012 979
1024 1024 1024 1039 1019 979
1280 1024 1024 1251 1030 979
1536 1024 1024 1460 1053 989
1792 1024 1024 1677 1076 1000
2048 1024 1024 1898 1100 1014
2303 1024 1024 2119 1128 1028
2559 1024 1024 2346 1156 1039
2815 1024 1024 2580 1181 1046
3071 1024 1024 2820 1205 1050
3327 1024 1024 3063 1226 1051
3583 1024 1024 3310 1245 1048
3839 1024 1024 3595 1216 1018
4095 1024 1024 3905 1154 970
0 1280 1024 445 1264 979
256 1280 1024 551 1259 982
512 1280 1024 692 1255 986
768 1280 1024 885 1253 994
1024 1280 1024 1078 1261 995
1280 1280 1024 1277 1270 996
1536 1280 1024 1500 1278 1005
1792 1280 1024 1719 1292 1016
2048 1280 1024 1936 1310 1028
2303 1280 1024 2141 1342 1047
2559 1280 1024 2353 1374 1064
2815 1280 1024 2574 1404 1078
3071 1280 1024 2804 1432 1086
3327 1280 1024 3039 1457 1090
3583 1280 1024 3285 1475 1086
3839 1280 1024 3580 1441 1042
4095 1280 1024 3909 1370 973
0 1536 1024 516 1513 983
256 1536 1024 612 1509 989
512 1536 1024 748 1504 1002
768 1536 1024 946 1498 1023
1024 1536 1024 1128 1504 1025
1280 1536 1024 1314 1513 1024
1536 1536 1024 1531 1520 1029
1792 1536 1024 1749 1530 1035
2048 1536 1024 1970 1542 1041
2303 1536 1024 2189 1560 1049
2559 1536 1024 2407 1581 1062
2815 1536 1024 2621 1607 1082
3071 1536 1024 2834 1639 1103
3327 1536 1024 3053 1668 1118
3583 1536 1024 3297 1685 1111
3839 1536 1024 3589 1658 1059
4095 1536 1024 3915 1601 977
0 1792 1024 591 1762 987
256 1792 1024 676 1759 996
512 1792 1024 805 1754 1013
768 1792 1024 1001 1747 1042
1024 1792 1024 1186 1749 1054
1280 1792 1024 1372 1754 1061
1536 1792 1024 1575 1761 1061
1792 1792 1024 1786 1770 1065
2048 1792 1024 2002 1779 1070
2303 1792 1024 2223 1791 1076
2559 1792 1024 2441 1807 1087
2815 1792 1024 2653 1828 1105
3071 1792 1024 2864 1856 1124
3327 1792 1024 3079 1883 1140
3583 1792 1024 3316 1901 1135
3839 1792 1024 3603 1881 1077
4095 1792 1024 3922 1836 983
0 2048 1024 667 2012 993
256 2048 1024 743 2010 1003
512 2048 1024 864 2005 1022
768 2048 1024 1053 1997 1054
1024 2048 1024 1249 1993 1084
1280 2048 1024 1443 1993 1105
1536 2048 1024 1628 2002 1099
1792 2048 1024 1827 2011 1102
2048 2048 1024 2035 2019 1111
2303 2048 1024 2246 2032 1120
2559 2048 1024 2460 2046 1129
2815 2048 1024 2676 2062 1139
3071 2048 1024 2894 2081 1148
3327 2048 1024 3114 2101 1157
3583 2048 1024 3341 2121 1159
3839 2048 1024 3618 2109 1096
4095 2048 1024 3930 2075 988
0 2303 1024 744 2262 1000
256 2303 1024 812 2259 1010
512 2303 1024 925 2255 1029
768 2303 1024 1106 2248 1062
1024 2303 1024 1303 2242 1098
1280 2303 1024 1501 2239 1128
1536 2303 1024 1686 2245 1131
1792 2303 1024 1881 2252 1135
2048 2303 1024 2082 2259 1142
2303 2303 1024 2290 2270 1148
2559 2303 1024 2501 2282 1155
2815 2303 1024 2715 2296 1162
3071 2303 1024 2932 2312 1170
3327 2303 1024 3151 2329 1176
3583 2303 1024 3373 2347 1181
3839 2303 1024 3642 2340 1113
4095 2303 1024 3941 2317 996
0 2559 1024 822 2512 1007
256 2559 1024 884 2510 1017
512 2559 1024 989 2506 1036
768 2559 1024 1160 2500 1070
1024 2559 1024 1357 2493 1110
1280 2559 1024 1557 2488 1146
1536 2559 1024 1744 2490 1158
1792 2559 1024 1935 2495 1164
2048 2559 1024 2131 2502 1168
2303 2559 1024 2335 2511 1173
2559 2559 1024 2544 2521 1178
2815 2559 1024 2756 2532 1183
3071 2559 1024 2971 2546 1188
3327 2559 1024 3188 2560 1193
3583 2559 1024 3408 2576 1199
3839 2559 1024 3667 2575 1127
4095 2559 1024 3952 2561 1004
0 2815 1024 901 2763 1016
256 2815 1024 957 2761 1025
512 2815 1024 1055 2758 1044
768 2815 1024 1216 2752 1077
1024 2815 1024 1410 2744 1120
1280 2815 1024 1610 2738 1160
1536 2815 1024 1799 2738 1177
1792 2815 1024 1989 2742 1186
2048 2815 1024 2180 2747 1189
2303 2815 1024 2381 2755 1192
2559 2815 1024 2587 2763 1195
2815 2815 1024 2797 2772 1199
3071 2815 1024 3012 2784 1203
3327 2815 1024 3228 2795 1207
3583 2815 1024 3447 2809 1211
3839 2815 1024 3696 2811 1138
4095 2815 1024 3964 2807 1014
0 3071 1024 980 3013 1026
256 3071 1024 1031 3012 1034
512 3071 1024 1122 3009 1053
768 3071 1024 1274 3003 1084
1024 3071 1024 1465 2996 1128
1280 3071 1024 1662 2989 1170
1536 3071 1024 1851 2988 1192
1792 3071 1024 2040 2990 1203
2048 3071 1024 2227 2995 1205
2303 3071 1024 2427 3001 1208
2559 3071 1024 2630 3008 1210
2815 3071 1024 2839 3016 1213
3071 3071 1024 3052 3025 1215
3327 3071 1024 3267 3035 1218
3583 3071 1024 3485 3047 1222
3839 3071 1024 3724 3052 1150
4095 3071 1024 3978 3054 1028
0 3327 1024 1059 3264 1036
256 3327 1024 1106 3263 1044
512 3327 1024 1191 3260 1062
768 3327 1024 1334 3255 1092
1024 3327 1024 1520 3248 1137
1280 3327 1024 1714 3241 1180
1536 3327 1024 1903 3238 1205
1792 3327 1024 2090 3240 1217
2048 3327 1024 2275 3243 1221
2303 3327 1024 2471 3248 1222
2559 3327 1024 2673 3254 1224
2815 3327 1024 2879 3261 1226
3071 3327 1024 3091 3269 1228
3327 3327 1024 3305 3277 1230
3583 3327 1024 3523 3287 1232
3839 3327 1024 3753 3294 1162
4095 3327 1024 3992 3300 1044
0 3583 1024 1138 3515 1047
256 3583 1024 1181 3514 1055
512 3583 1024 1261 3511 1072
768 3583 1024 1397 3507 1101
1024 3583 1024 1577 3500 1145
1280 3583 1024 1767 3493 1189
1536 3583 1024 1953 3490 1215
1792 3583 1024 2138 3490 1229
2048 3583 1024 2321 3493 1234
2303 3583 1024 2515 3497 1235
2559 3583 1024 2714 3502 1236
2815 3583 1024 2919 3508 1238
3071 3583 1024 3129 3515 1239
3327 3583 1024 3342 3522 1241
3583 3583 1024 3559 3530 1242
3839 3583 1024 3781 3538 1176
4095 3583 1024 4008 3546 1066
0 3839 1024 1222 3761 1061
256 3839 1024 1257 3761 1066
512 3839 1024 1323 3760 1076
768 3839 1024 1436 3759 1093
1024 3839 1024 1594 3756 1120
1280 3839 1024 1765 3753 1147
1536 3839 1024 1946 3752 1164
1792 3839 1024 2130 3752 1173
2048 3839 1024 2317 3754 1177
2303 3839 1024 2515 3757 1177
2559 3839 1024 2718 3761 1178
2815 3839 1024 2927 3765 1178
3071 3839 1024 3141 3770 1179
3327 3839 1024 3358 3775 1179
3583 3839 1024 3579 3781 1180
3839 3839 1024 3800 3785 1141
4095 3839 1024 4021 3788 1074
0 4095 1024 1308 4003 1077
256 4095 1024 1332 4005 1076
512 4095 1024 1379 4007 1075
768 4095 1024 1461 4012 1073
1024 4095 1024 1585 4016 1072
1280 4095 1024 1727 4019 1071
1536 4095 1024 1899 4020 1072
1792 4095 1024 2084 4022 1072
2048 4095 1024 2278 4023 1072
2303 4095 1024 2484 4025 1072
2559 4095 1024 2696 4027 1071
2815 4095 1024 2913 4029 1071
3071 4095 1024 3135 4032 1070
3327 4095 1024 3360 4035 1069
3583 4095 1024 3588 4038 1069
3839 4095 1024 3812 4035 1071
4095 4095 1024 4033 4028 1074
0 0 1280 266 223 1215
256 0 1280 381 218 1213
512 0 1280 540 219 1212
768 0 1280 762 230 1211
1024 0 1280 996 248 1211
1280 0 1280 1234 270 1211
1536 0 1280 1474 296 1211
1792 0 1280 1715 324 1211
2048 0 1280 1957 354 1210
2303 0 1280 2198 386 1210
2559 0 1280 2441 418 1210
2815 0 1280 2684 451 1210
3071 0 1280 2927 485 1209
3327 0 1280 3169 520 1209
3583 0 1280 3412 555 1209
3839 0 1280 3654 594 1208
4095 0 1280 3894 636 1209
0 256 1280 270 360 1213
256 256 1280 400 363 1183
512 256 1280 558 372 1162
768 256 1280 760 389 1157
1024 256 1280 983 408 1169
1280 256 1280 1214 427 1185
1536 256 1280 1453 447 1195
1792 256 1280 1695 469 1202
2048 256 1280 1938 491 1207
2303 256 1280 2181 515 1210
2559 256 1280 2425 541 1212
2815 256 1280 2669 567 1213
3071 256 1280 2913 595 1213
3327 256 1280 3157 623 1214
3583 256 1280 3401 652 1213
3839 256 1280 3648 674 1211
4095 256 1280 3898 691 1208
0 512 1280 292 538 1213
256 512 1280 426 543 1171
512 512 1280 582 553 1145
768 512 1280 770 570 1142
1024 512 1280 986 586 1157
1280 512 1280 1209 603 1175
1536 512 1280 1438 625 1186
1792 512 1280 1673 646 1197
2048 512 1280 1913 666 1207
2303 512 1280 2155 686 1213
2559 512 1280 2400 707 1218
2815 512 1280 2645 729 1221
3071 512 1280 2890 751 1222
3327 512 1280 3135 774 1223
3583 512 1280 3380 799 1224
3839 512 1280 3637 801 1218
4095 512 1280 3901 790 1209
0 768 1280 340 776 1214
256 768 1280 464 775 1187
512 768 1280 613 777 1175
768 768 1280 797 784 1187
1024 768 1280 1011 795 1189
1280 768 1280 1228 810 1189
1536 768 1280 1431 844 1188
1792 768 1280 1649 872 1196
2048 768 1280 1879 897 1211
2303 768 1280 2119 918 1221
2559 768 1280 2361 939 1230
2815 768 1280 2606 959 1236
3071 768 1280 2852 979 1239
3327 768 1280 3099 999 1241
3583 768 1280 3346 1019 1242
3839 768 1280 3616 1000 1230
4095 768 1280 3903 955 1210
0 1024 1280 400 1021 1217
256 1024 1280 514 1018 1201
512 1024 1280 657 1016 1193
768 1024 1280 845 1018 1197
1024 1024 1280 1047 1027 1201
1280 1024 1280 1254 1038 1204
1536 1024 1280 1469 1059 1202
1792 1024 1280 1688 1080 1208
2048 1024 1280 1910 1102 1219
2303 1024 1280 2125 1133 1237
2559 1024 1280 2348 1162 1252
2815 1024 1280 2581 1187 1261
3071 1024 1280 2821 1210 1267
3327 1024 1280 3064 1231 1271
3583 1024 1280 3311 1250 1272
3839 1024 1280 3596 1220 1250
4095 1024 1280 3906 1158 1212
0 1280 1280 465 1268 1219
256 1280 1280 567 1264 1213
512 1280 1280 706 1260 1209
768 1280 1280 899 1258 1205
1024 1280 1280 1086 1266 1210
1280 1280 1280 1282 1275 1217
1536 1280 1280 1513 1279 1217
1792 1280 1280 1737 1291 1220
2048 1280 1280 1955 1307 1226
2303 1280 1280 2151 1344 1247
2559 1280 1280 2357 1378 1266
2815 1280 1280 2577 1408 1282
3071 1280 1280 2805 1436 1294
3327 1280 1280 3038 1462 1303
3583 1280 1280 3285 1480 1302
3839 1280 1280 3581 1444 1269
4095 1280 1280 3910 1374 1214
0 1536 1280 532 1516 1221
256 1536 1280 626 1512 1222
512 1536 1280 760 1508 1225
768 1536 1280 955 1503 1233
1024 1536 1280 1128 1511 1227
1280 1536 1280 1306 1522 1220
1536 1536 1280 1533 1526 1220
1792 1536 1280 1761 1532 1221
2048 1536 1280 1990 1540 1222
2303 1536 1280 2214 1554 1228
2559 1536 1280 2432 1574 1244
2815 1536 1280 2638 1603 1273
3071 1536 1280 2839 1641 1305
3327 1536 1280 3049 1675 1331
3583 1536 1280 3296 1690 1325
3839 1536 1280 3590 1661 1283
4095 1536 1280 3916 1604 1217
0 1792 1280 605 1765 1225
256 1792 1280 688 1762 1229
512 1792 1280 816 1757 1238
768 1792 1280 1009 1750 1254
1024 1792 1280 1186 1754 1257
1280 1792 1280 1365 1761 1254
1536 1792 1280 1572 1768 1248
1792 1792 1280 1790 1774 1249
2048 1792 1280 2015 1779 1253
2303 1792 1280 2243 1787 1257
2559 1792 1280 2462 1801 1270
2815 1792 1280 2669 1824 1296
3071 1792 1280 2867 1858 1329
3327 1792 1280 3073 1891 1355
3583 1792 1280 3313 1906 1350
3839 1792 1280 3602 1885 1300
4095 1792 1280 3924 1839 1221
0 2048 1280 680 2014 1229
256 2048 1280 754 2012 1236
512 2048 1280 873 2007 1249
768 2048 1280 1060 2000 1271
1024 2048 1280 1255 1996 1295
1280 2048 1280 1448 1996 1310
1536 2048 1280 1624 2008 1293
1792 2048 1280 1822 2016 1294
2048 2048 1280 2034 2023 1306
2303 2048 1280 2248 2035 1318
2559 2048 1280 2463 2048 1330
2815 2048 1280 2680 2063 1343
3071 2048 1280 2892 2085 1360
3327 2048 1280 3106 2108 1376
3583 2048 1280 3333 2127 1377
3839 2048 1280 3615 2113 1321
4095 2048 1280 3932 2077 1225
0 2303 1280 756 2263 1234
256 2303 1280 822 2261 1241
512 2303 1280 934 2257 1256
768 2303 1280 1112 2250 1281
1024 2303 1280 1310 2244 1312
1280 2303 1280 1509 2240 1338
1536 2303 1280 1691 2247 1341
1792 2303 1280 1883 2254 1344
2048 2303 1280 2082 2262 1349
2303 2303 1280 2291 2273 1359
2559 2303 1280 2502 2284 1369
2815 2303 1280 2714 2298 1380
3071 2303 1280 2927 2316 1392
3327 2303 1280 3141 2335 1405
3583 2303 1280 3360 2355 1414
3839 2303 1280 3633 2347 1347
4095 2303 1280 3942 2319 1231
0 2559 1280 832 2514 1240
256 2559 1280 893 2512 1248
512 2559 1280 996 2508 1263
768 2559 1280 1166 2501 1290
1024 2559 1280 1365 2494 1326
1280 2559 1280 1567 2488 1361
1536 2559 1280 1757 2489 1380
1792 2559 1280 1946 2495 1389
2048 2559 1280 2135 2503 1389
2303 2559 1280 2338 2512 1397
2559 2559 1280 2544 2523 1405
2815 2559 1280 2753 2535 1414
3071 2559 1280 2965 2549 1423
3327 2559 1280 3178 2565 1432
3583 2559 1280 3392 2584 1444
3839 2559 1280 3656 2581 1369
4095 2559 1280 3953 2563 1237
0 2815 1280 910 2764 1246
256 2815 1280 965 2763 1254
512 2815 1280 1062 2759 1269
768 2815 1280 1221 2753 1297
1024 2815 1280 1417 2745 1336
1280 2815 1280 1621 2738 1376
1536 2815 1280 1819 2735 1409
1792 2815 1280 2009 2738 1423
2048 2815 1280 2193 2745 1425
2303 2815 1280 2391 2753 1431
2559 2815 1280 2592 2762 1437
2815 2815 1280 2798 2773 1443
3071 2815 1280 3008 2785 1450
3327 2815 1280 3220 2799 1457
3583 2815 1280 3434 2815 1465
3839 2815 1280 3687 2816 1384
4095 2815 1280 3965 2808 1245
0 3071 1280 988 3014 1254
256 3071 1280 1038 3013 1261
512 3071 1280 1129 3010 1276
768 3071 1280 1280 3005 1303
1024 3071 1280 1471 2997 1343
1280 3071 1280 1673 2989 1386
1536 3071 1280 1877 2983 1428
1792 3071 1280 2068 2984 1447
2048 3071 1280 2250 2990 1452
2303 3071 1280 2444 2997 1456
2559 3071 1280 2642 3005 1461
2815 3071 1280 2845 3014 1465
3071 3071 1280 3053 3025 1471
3327 3071 1280 3263 3037 1476
3583 3071 1280 3477 3050 1481
3839 3071 1280 3718 3055 1398
4095 3071 1280 3979 3055 1255
0 3327 1280 1066 3265 1261
256 3327 1280 1112 3264 1269
512 3327 1280 1197 3261 1284
768 3327 1280 1339 3256 1310
1024 3327 1280 1525 3249 1350
1280 3327 1280 1724 3241 1395
1536 3327 1280 1932 3233 1443
1792 3327 1280 2124 3232 1467
2048 3327 1280 2306 3236 1475
2303 3327 1280 2496 3242 1478
2559 3327 1280 2691 3249 1481
2815 3327 1280 2892 3257 1485
3071 3327 1280 3098 3266 1489
3327 3327 1280 3307 3276 1493
3583 3327 1280 3519 3287 1497
3839 3327 1280 3750 3296 1413
4095 3327 1280 3994 3302 1271
0 3583 1280 1144 3516 1270
256 3583 1280 1187 3515 1277
512 3583 1280 1267 3513 1291
768 3583 1280 1402 3508 1317
1024 3583 1280 1581 3500 1357
1280 3583 1280 1776 3493 1401
1536 3583 1280 1984 3485 1452
1792 3583 1280 2177 3482 1480
2048 3583 1280 2360 3484 1493
2303 3583 1280 2547 3489 1495
2559 3583 1280 2740 3495 1498
2815 3583 1280 2938 3502 1500
3071 3583 1280 3143 3510 1503
3327 3583 1280 3350 3519 1506
3583 3583 1280 3561 3528 1510
3839 3583 1280 3783 3539 1435
4095 3583 1280 4010 3549 1309
0 3839 1280 1229 3760 1281
256 3839 1280 1264 3760 1285
512 3839 1280 1329 3760 1294
768 3839 1280 1441 3760 1309
1024 3839 1280 1599 3757 1333
1280 3839 1280 1772 3753 1361
1536 3839 1280 1966 3749 1393
1792 3839 1280 2156 3748 1412
2048 3839 1280 2343 3749 1421
2303 3839 1280 2537 3752 1422
2559 3839 1280 2736 3757 1424
2815 3839 1280 2941 3761 1425
3071 3839 1280 3152 3767 1427
3327 3839 1280 3365 3773 1428
3583 3839 1280 3583 3780 1430
3839 3839 1280 3802 3786 1386
4095 3839 1280 4023 3790 1312
0 4095 1280 1317 3999 1294
256 4095 1280 1340 4001 1293
512 4095 1280 1386 4005 1292
768 4095 1280 1466 4012 1291
1024 4095 1280 1590 4017 1290
1280 4095 1280 1731 4020 1289
1536 4095 1280 1902 4021 1289
1792 4095 1280 2086 4023 1289
2048 4095 1280 2280 4024 1289
2303 4095 1280 2487 4026 1289
2559 4095 1280 2698 4028 1289
2815 4095 1280 2916 4030 1289
3071 4095 1280 3138 4033 1289
3327 4095 1280 3362 4036 1289
3583 4095 1280 3590 4039 1289
3839 4095 1280 3813 4035 1290
4095 4095 1280 4032 4027 1291
0 0 1536 322 261 1456
256 0 1536 417 255 1454
512 0 1536 561 256 1453
768 0 1536 777 266 1453
1024 0 1536 1007 283 1453
1280 0 1536 1242 301 1453
1536 0 1536 1481 325 1453
1792 0 1536 1721 350 1453
2048 0 1536 1962 377 1453
2303 0 1536 2202 407 1453
2559 0 1536 2444 437 1452
2815 0 1536 2687 469 1452
3071 0 1536 2929 502 1452
3327 0 1536 3172 535 1452
3583 0 1536 3415 569 1451
3839 0 1536 3652 616 1452
4095 0 1536 3885 671 1452
0 256 1536 318 385 1455
256 256 1536 435 389 1426
512 256 1536 584 398 1404
768 256 1536 782 415 1390
1024 256 1536 1001 431 1402
1280 256 1536 1226 448 1418
1536 256 1536 1463 467 1430
1792 256 1536 1702 487 1438
2048 256 1536 1944 508 1444
2303 256 1536 2186 531 1448
2559 256 1536 2429 556 1450
2815 256 1536 2672 581 1452
3071 256 1536 2916 608 1453
3327 256 1536 3160 635 1454
3583 256 1536 3403 664 1454
3839 256 1536 3649 689 1453
4095 256 1536 3895 711 1452
0 512 1536 333 553 1454
256 512 1536 459 559 1414
512 512 1536 609 571 1381
768 512 1536 798 589 1358
1024 512 1536 1006 604 1373
1280 512 1536 1221 620 1396
1536 512 1536 1448 640 1410
1792 512 1536 1682 659 1423
2048 512 1536 1920 678 1435
2303 512 1536 2161 698 1443
2559 512 1536 2404 718 1450
2815 512 1536 2649 739 1454
3071 512 1536 2893 762 1457
3327 512 1536 3138 784 1460
3583 512 1536 3383 808 1461
3839 512 1536 3639 811 1458
4095 512 1536 3902 800 1451
0 768 1536 374 785 1456
256 768 1536 492 786 1426
512 768 1536 638 790 1398
768 768 1536 827 801 1370
1024 768 1536 1028 813 1378
1280 768 1536 1232 829 1393
1536 768 1536 1439 858 1395
1792 768 1536 1659 884 1407
2048 768 1536 1887 907 1425
2303 768 1536 2126 928 1439
2559 768 1536 2367 948 1451
2815 768 1536 2611 967 1460
3071 768 1536 2856 987 1466
3327 768 1536 3102 1006 1470
3583 768 1536 3349 1026 1473
3839 768 1536 3619 1007 1466
4095 768 1536 3904 963 1452
0 1024 1536 429 1027 1457
256 1024 1536 537 1026 1438
512 1024 1536 678 1026 1416
768 1024 1536 870 1030 1390
1024 1024 1536 1062 1039 1405
1280 1024 1536 1260 1051 1425
1536 1024 1536 1477 1069 1425
1792 1024 1536 1693 1090 1429
2048 1024 1536 1910 1115 1436
2303 1024 1536 2127 1144 1451
2559 1024 1536 2351 1171 1464
2815 1024 1536 2585 1195 1476
3071 1024 1536 2825 1217 1485
3327 1024 1536 3067 1238 1491
3583 1024 1536 3314 1256 1495
3839 1024 1536 3599 1226 1480
4095 1024 1536 3908 1164 1454
0 1280 1536 489 1273 1459
256 1280 1536 587 1270 1449
512 1280 1536 724 1267 1434
768 1280 1536 918 1266 1414
1024 1280 1536 1101 1272 1434
1280 1280 1536 1291 1280 1458
1536 1280 1536 1520 1284 1458
1792 1280 1536 1738 1299 1456
2048 1280 1536 1947 1321 1451
2303 1280 1536 2149 1355 1463
2559 1280 1536 2358 1387 1477
2815 1280 1536 2578 1416 1492
3071 1280 1536 2807 1444 1505
3327 1280 1536 3041 1468 1515
3583 1280 1536 3288 1485 1518
3839 1280 1536 3584 1449 1496
4095 1280 1536 3913 1378 1456
0 1536 1536 555 1520 1461
256 1536 1536 644 1517 1457
512 1536 1536 775 1513 1452
768 1536 1536 969 1509 1445
1024 1536 1536 1143 1516 1450
1280 1536 1536 1322 1524 1458
1536 1536 1536 1541 1529 1460
1792 1536 1536 1765 1537 1460
2048 1536 1536 1991 1546 1459
2303 1536 1536 2216 1560 1462
2559 1536 1536 2433 1581 1473
2815 1536 1536 2633 1613 1497
3071 1536 1536 2836 1650 1521
3327 1536 1536 3048 1682 1540
3583 1536 1536 3297 1695 1538
3839 1536 1536 3593 1665 1508
4095 1536 1536 3919 1608 1458
0 1792 1536 624 1768 1464
256 1792 1536 705 1766 1465
512 1792 1536 829 1762 1466
768 1792 1536 1020 1755 1469
1024 1792 1536 1199 1758 1475
1280 1792 1536 1379 1764 1478
1536 1792 1536 1574 1773 1472
1792 1792 1536 1790 1780 1471
2048 1792 1536 2019 1784 1472
2303 1792 1536 2251 1790 1473
2559 1792 1536 2474 1803 1481
2815 1792 1536 2680 1827 1499
3071 1792 1536 2874 1862 1531
3327 1792 1536 3074 1896 1560
3583 1792 1536 3314 1911 1560
3839 1792 1536 3604 1889 1523
4095 1792 1536 3926 1842 1462
0 2048 1536 697 2017 1468
256 2048 1536 768 2015 1471
512 2048 1536 885 2011 1478
768 2048 1536 1070 2004 1490
1024 2048 1536 1264 2000 1504
1280 2048 1536 1453 2001 1512
1536 2048 1536 1615 2017 1492
1792 2048 1536 1814 2026 1486
2048 2048 1536 2037 2030 1489
2303 2048 1536 2264 2036 1493
2559 2048 1536 2493 2043 1496
2815 2048 1536 2723 2051 1499
3071 2048 1536 2918 2079 1538
3327 2048 1536 3111 2110 1577
3583 2048 1536 3336 2131 1584
3839 2048 1536 3616 2117 1541
4095 2048 1536 3934 2080 1465
0 2303 1536 770 2266 1472
256 2303 1536 836 2264 1477
512 2303 1536 945 2260 1486
768 2303 1536 1121 2253 1503
1024 2303 1536 1318 2247 1525
1280 2303 1536 1514 2245 1542
1536 2303 1536 1686 2254 1538
1792 2303 1536 1872 2264 1524
2048 2303 1536 2067 2275 1504
2303 2303 1536 2290 2280 1512
2559 2303 1536 2515 2286 1521
2815 2303 1536 2738 2295 1533
3071 2303 1536 2948 2313 1557
3327 2303 1536 3154 2334 1585
3583 2303 1536 3364 2357 1611
3839 2303 1536 3634 2350 1565
4095 2303 1536 3944 2322 1470
0 2559 1536 845 2516 1477
256 2559 1536 904 2514 1482
512 2559 1536 1007 2511 1494
768 2559 1536 1174 2504 1513
1024 2559 1536 1372 2497 1541
1280 2559 1536 1572 2491 1568
1536 2559 1536 1756 2494 1580
1792 2559 1536 1935 2503 1567
2048 2559 1536 2112 2516 1540
2303 2559 1536 2329 2522 1550
2559 2559 1536 2546 2528 1562
2815 2559 1536 2762 2537 1577
3071 2559 1536 2978 2550 1591
3327 2559 1536 3192 2564 1609
3583 2559 1536 3395 2587 1641
3839 2559 1536 3656 2584 1586
4095 2559 1536 3955 2565 1475
0 2815 1536 921 2766 1482
256 2815 1536 975 2765 1488
512 2815 1536 1071 2761 1500
768 2815 1536 1229 2755 1522
1024 2815 1536 1424 2747 1554
1280 2815 1536 1626 2740 1586
1536 2815 1536 1823 2738 1614
1792 2815 1536 2006 2743 1617
2048 2815 1536 2182 2752 1606
2303 2815 1536 2385 2759 1615
2559 2815 1536 2590 2767 1626
2815 2815 1536 2798 2776 1637
3071 2815 1536 3009 2788 1648
3327 2815 1536 3220 2802 1659
3583 2815 1536 3431 2819 1674
3839 2815 1536 3685 2820 1605
4095 2815 1536 3967 2810 1480
0 3071 1536 998 3016 1488
256 3071 1536 1048 3015 1494
512 3071 1536 1138 3012 1507
768 3071 1536 1287 3007 1529
1024 3071 1536 1477 2999 1562
1280 3071 1536 1678 2991 1599
1536 3071 1536 1881 2986 1635
1792 3071 1536 2070 2987 1651
2048 3071 1536 2251 2992 1655
2303 3071 1536 2446 2999 1662
2559 3071 1536 2644 3007 1670
2815 3071 1536 2846 3016 1678
3071 3071 1536 3053 3027 1687
3327 3071 1536 3261 3039 1696
3583 3071 1536 3472 3054 1705
3839 3071 1536 3716 3058 1626
4095 3071 1536 3981 3057 1489
0 3327 1536 1075 3267 1494
256 3327 1536 1121 3266 1500
512 3327 1536 1205 3263 1513
768 3327 1536 1346 3258 1536
1024 3327 1536 1531 3250 1570
1280 3327 1536 1729 3242 1609
1536 3327 1536 1936 3235 1651
1792 3327 1536 2132 3233 1679
2048 3327 1536 2319 3234 1696
2303 3327 1536 2507 3241 1702
2559 3327 1536 2700 3248 1707
2815 3327 1536 2898 3256 1713
3071 3327 1536 3101 3266 1720
3327 3327 1536 3306 3277 1727
3583 3327 1536 3515 3290 1734
3839 3327 1536 3748 3298 1649
4095 3327 1536 3996 3303 1504
0 3583 1536 1153 3518 1501
256 3583 1536 1196 3517 1507
512 3583 1536 1275 3514 1520
768 3583 1536 1408 3509 1543
1024 3583 1536 1587 3502 1577
1280 3583 1536 1781 3494 1617
1536 3583 1536 1988 3486 1662
1792 3583 1536 2188 3482 1696
2048 3583 1536 2381 3480 1724
2303 3583 1536 2566 3486 1730
2559 3583 1536 2756 3492 1735
2815 3583 1536 2950 3499 1740
3071 3583 1536 3151 3508 1745
3327 3583 1536 3354 3518 1750
3583 3583 1536 3561 3529 1756
3839 3583 1536 3782 3540 1679
4095 3583 1536 4011 3551 1548
0 3839 1536 1238 3759 1510
256 3839 1536 1272 3760 1514
512 3839 1536 1337 3761 1522
768 3839 1536 1448 3761 1535
1024 3839 1536 1604 3759 1557
1280 3839 1536 1777 3755 1581
1536 3839 1536 1971 3750 1610
1792 3839 1536 2165 3748 1633
2048 3839 1536 2360 3746 1653
2303 3839 1536 2552 3750 1657
2559 3839 1536 2749 3754 1661
2815 3839 1536 2952 3760 1663
3071 3839 1536 3159 3766 1666
3327 3839 1536 3370 3773 1668
3583 3839 1536 3584 3780 1672
3839 3839 1536 3802 3786 1626
4095 3839 1536 4022 3790 1548
0 4095 1536 1328 3995 1521
256 4095 1536 1350 3998 1520
512 4095 1536 1395 4004 1519
768 4095 1536 1472 4014 1518
1024 4095 1536 1595 4019 1518
1280 4095 1536 1737 4022 1518
1536 4095 1536 1907 4023 1517
1792 4095 1536 2090 4024 1517
2048 4095 1536 2283 4026 1517
2303 4095 1536 2490 4027 1517
2559 4095 1536 2701 4029 1517
2815 4095 1536 2919 4032 1518
3071 4095 1536 3140 4034 1517
3327 4095 1536 3364 4037 1516
3583 4095 1536 3592 4040 1517
3839 4095 1536 3813 4035 1517
4095 4095 1536 4031 4025 1518
0 0 1792 376 302 1697
256 0 1792 456 295 1696
512 0 1792 586 295 1695
768 0 1792 794 304 1695
1024 0 1792 1020 318 1695
1280 0 1792 1252 335 1695
1536 0 1792 1489 355 1695
1792 0 1792 1727 379 1695
2048 0 1792 1967 403 1695
2303 0 1792 2207 431 1695
2559 0 1792 2449 460 1695
2815 0 1792 2691 489 1695
3071 0 1792 2933 521 1694
3327 0 1792 3175 552 1694
3583 0 1792 3418 585 1694
3839 0 1792 3654 632 1694
4095 0 1792 3886 688 1694
0 256 1792 366 414 1696
256 256 1792 472 417 1670
512 256 1792 612 425 1647
768 256 1792 807 442 1628
1024 256 1792 1020 457 1638
1280 256 1792 1241 472 1654
1536 256 1792 1474 489 1666
1792 256 1792 1711 508 1675
2048 256 1792 1951 528 1682
2303 256 1792 2192 550 1686
2559 256 1792 2434 573 1689
2815 256 1792 2677 597 1692
3071 256 1792 2920 623 1693
3327 256 1792 3163 650 1694
3583 256 1792 3406 678 1695
3839 256 1792 3651 703 1695
4095 256 1792 3896 726 1694
0 512 1792 375 571 1696
256 512 1792 493 578 1658
512 512 1792 639 590 1621
768 512 1792 826 608 1585
1024 512 1792 1028 623 1597
1280 512 1792 1237 638 1619
1536 512 1792 1462 656 1635
1792 512 1792 1693 675 1650
2048 512 1792 1929 693 1664
2303 512 1792 2169 712 1674
2559 512 1792 2411 732 1682
2815 512 1792 2654 752 1688
3071 512 1792 2898 774 1693
3327 512 1792 3142 796 1696
3583 512 1792 3386 820 1698
3839 512 1792 3641 823 1697
4095 512 1792 3904 813 1694
0 768 1792 412 796 1697
256 768 1792 522 798 1668
512 768 1792 665 804 1630
768 768 1792 856 817 1579
1024 768 1792 1049 831 1581
1280 768 1792 1245 849 1595
1536 768 1792 1452 874 1603
1792 768 1792 1671 897 1620
2048 768 1792 1898 919 1641
2303 768 1792 2135 939 1658
2559 768 1792 2374 958 1673
2815 768 1792 2617 977 1684
3071 768 1792 2862 996 1693
3327 768 1792 3107 1015 1700
3583 768 1792 3352 1034 1704
3839 768 1792 3622 1016 1702
4095 768 1792 3907 972 1695
0 1024 1792 462 1036 1698
256 1024 1792 564 1035 1677
512 1024 1792 702 1037 1646
768 1024 1792 895 1043 1602
1024 1024 1792 1082 1053 1610
1280 1024 1792 1273 1066 1630
1536 1024 1792 1488 1080 1644
1792 1024 1792 1701 1102 1650
2048 1024 1792 1913 1128 1650
2303 1024 1792 2132 1155 1664
2559 1024 1792 2358 1181 1677
2815 1024 1792 2591 1204 1691
3071 1024 1792 2830 1225 1702
3327 1024 1792 3072 1246 1712
3583 1024 1792 3318 1263 1718
3839 1024 1792 3602 1233 1711
4095 1024 1792 3911 1171 1696
0 1280 1792 517 1279 1700
256 1280 1792 610 1277 1686
512 1280 1792 744 1275 1665
768 1280 1792 937 1275 1632
1024 1280 1792 1119 1281 1646
1280 1280 1792 1307 1288 1671
1536 1280 1792 1530 1291 1691
1792 1280 1792 1741 1309 1688
2048 1280 1792 1945 1336 1668
2303 1280 1792 2151 1366 1676
2559 1280 1792 2362 1397 1687
2815 1280 1792 2582 1426 1702
3071 1280 1792 2811 1452 1715
3327 1280 1792 3045 1475 1728
3583 1280 1792 3292 1492 1734
3839 1280 1792 3587 1455 1722
4095 1280 1792 3915 1384 1698
0 1536 1792 579 1525 1702
256 1536 1792 665 1523 1694
512 1536 1792 793 1520 1681
768 1536 1792 985 1517 1662
1024 1536 1792 1163 1522 1665
1280 1536 1792 1345 1528 1675
1536 1536 1792 1553 1534 1694
1792 1536 1792 1770 1543 1698
2048 1536 1792 1994 1554 1693
2303 1536 1792 2220 1567 1695
2559 1536 1792 2435 1588 1702
2815 1536 1792 2629 1624 1716
3071 1536 1792 2834 1659 1734
3327 1536 1792 3050 1690 1749
3583 1536 1792 3300 1701 1752
3839 1536 1792 3595 1671 1733
4095 1536 1792 3921 1613 1700
0 1792 1792 646 1773 1705
256 1792 1792 724 1770 1701
512 1792 1792 845 1767 1696
768 1792 1792 1033 1762 1688
1024 1792 1792 1216 1763 1688
1280 1792 1792 1399 1768 1692
1536 1792 1792 1583 1778 1701
1792 1792 1792 1794 1785 1704
2048 1792 1792 2024 1789 1704
2303 1792 1792 2258 1794 1704
2559 1792 1792 2480 1807 1707
2815 1792 1792 2684 1833 1716
3071 1792 1792 2876 1869 1742
3327 1792 1792 3075 1903 1768
3583 1792 1792 3316 1917 1772
3839 1792 1792 3606 1894 1747
4095 1792 1792 3928 1846 1702
0 2048 1792 716 2021 1707
256 2048 1792 785 2019 1708
512 2048 1792 900 2015 1709
768 2048 1792 1082 2009 1711
1024 2048 1792 1275 2005 1715
1280 2048 1792 1463 2006 1718
1536 2048 1792 1617 2023 1710
1792 2048 1792 1815 2032 1707
2048 2048 1792 2042 2035 1707
2303 2048 1792 2274 2039 1707
2559 2048 1792 2507 2044 1706
2815 2048 1792 2743 2049 1706
3071 2048 1792 2928 2081 1745
3327 2048 1792 3112 2116 1785
3583 2048 1792 3338 2136 1793
3839 2048 1792 3618 2121 1762
4095 2048 1792 3936 2084 1705
0 2303 1792 787 2269 1711
256 2303 1792 851 2267 1713
512 2303 1792 959 2264 1717
768 2303 1792 1133 2257 1725
1024 2303 1792 1328 2252 1738
1280 2303 1792 1522 2249 1749
1536 2303 1792 1690 2259 1748
1792 2303 1792 1872 2270 1733
2048 2303 1792 2064 2282 1710
2303 2303 1792 2293 2285 1715
2559 2303 1792 2523 2289 1720
2815 2303 1792 2753 2295 1728
3071 2303 1792 2962 2313 1752
3327 2303 1792 3165 2336 1780
3583 2303 1792 3368 2361 1814
3839 2303 1792 3636 2354 1783
4095 2303 1792 3946 2325 1709
0 2559 1792 860 2519 1715
256 2559 1792 919 2517 1718
512 2559 1792 1020 2514 1726
768 2559 1792 1185 2507 1738
1024 2559 1792 1381 2500 1757
1280 2559 1792 1579 2495 1776
1536 2559 1792 1760 2498 1784
1792 2559 1792 1934 2509 1768
2048 2559 1792 2104 2525 1736
2303 2559 1792 2325 2529 1741
2559 2559 1792 2547 2534 1748
2815 2559 1792 2771 2540 1759
3071 2559 1792 2992 2550 1772
3327 2559 1792 3207 2564 1792
3583 2559 1792 3400 2590 1840
3839 2559 1792 3657 2588 1804
4095 2559 1792 3957 2568 1713
0 2815 1792 935 2768 1719
256 2815 1792 988 2767 1724
512 2815 1792 1083 2764 1733
768 2815 1792 1239 2758 1748
1024 2815 1792 1432 2750 1772
1280 2815 1792 1633 2744 1797
1536 2815 1792 1828 2741 1819
1792 2815 1792 2005 2748 1816
2048 2815 1792 2169 2761 1796
2303 2815 1792 2373 2768 1794
2559 2815 1792 2582 2776 1797
2815 2815 1792 2799 2783 1805
3071 2815 1792 3017 2792 1813
3327 2815 1792 3232 2804 1829
3583 2815 1792 3432 2823 1872
3839 2815 1792 3684 2824 1825
4095 2815 1792 3970 2813 1718
0 3071 1792 1011 3019 1724
256 3071 1792 1060 3017 1729
512 3071 1792 1148 3015 1739
768 3071 1792 1297 3009 1756
1024 3071 1792 1485 3001 1783
1280 3071 1792 1684 2994 1812
1536 3071 1792 1886 2988 1842
1792 3071 1792 2072 2991 1854
2048 3071 1792 2247 2998 1853
2303 3071 1792 2434 3007 1844
2559 3071 1792 2631 3016 1843
2815 3071 1792 2842 3023 1852
3071 3071 1792 3054 3032 1861
3327 3071 1792 3266 3042 1874
3583 3071 1792 3473 3057 1900
3839 3071 1792 3716 3062 1841
4095 3071 1792 3984 3059 1724
0 3327 1792 1087 3269 1729
256 3327 1792 1132 3268 1735
512 3327 1792 1215 3265 1745
768 3327 1792 1355 3260 1764
1024 3327 1792 1539 3252 1792
1280 3327 1792 1735 3244 1825
1536 3327 1792 1942 3237 1861
1792 3327 1792 2137 3235 1886
2048 3327 1792 2325 3236 1905
2303 3327 1792 2500 3247 1892
2559 3327 1792 2687 3256 1889
2815 3327 1792 2891 3263 1899
3071 3327 1792 3098 3271 1909
3327 3327 1792 3306 3281 1920
3583 3327 1792 3516 3293 1930
3839 3327 1792 3749 3301 1860
4095 3327 1792 3999 3305 1736
0 3583 1792 1164 3519 1735
256 3583 1792 1206 3518 1741
512 3583 1792 1284 3516 1751
768 3583 1792 1417 3511 1770
1024 3583 1792 1594 3504 1800
1280 3583 1792 1787 3496 1834
1536 3583 1792 1994 3488 1873
1792 3583 1792 2195 3483 1907
2048 3583 1792 2392 3481 1937
2303 3583 1792 2569 3488 1936
2559 3583 1792 2755 3495 1938
2815 3583 1792 2950 3502 1944
3071 3583 1792 3151 3511 1952
3327 3583 1792 3355 3520 1960
3583 3583 1792 3561 3531 1969
3839 3583 1792 3783 3542 1895
4095 3583 1792 4014 3553 1767
0 3839 1792 1247 3761 1742
256 3839 1792 1280 3763 1746
512 3839 1792 1345 3764 1752
768 3839 1792 1455 3764 1764
1024 3839 1792 1611 3761 1783
1280 3839 1792 1783 3757 1804
1536 3839 1792 1976 3752 1830
1792 3839 1792 2172 3749 1853
2048 3839 1792 2369 3747 1875
2303 3839 1792 2558 3751 1877
2559 3839 1792 2753 3756 1879
2815 3839 1792 2954 3761 1882
3071 3839 1792 3162 3767 1887
3327 3839 1792 3371 3774 1891
3583 3839 1792 3585 3782 1896
3839 3839 1792 3804 3788 1849
4095 3839 1792 4025 3793 1768
0 4095 1792 1336 3997 1750
256 4095 1792 1356 4004 1750
512 4095 1792 1399 4011 1750
768 4095 1792 1479 4018 1749
1024 4095 1792 1602 4021 1749
1280 4095 1792 1743 4023 1749
1536 4095 1792 1912 4024 1749
1792 4095 1792 2096 4026 1749
2048 4095 1792 2288 4027 1748
2303 4095 1792 2494 4029 1749
2559 4095 1792 2705 4031 1749
2815 4095 1792 2922 4033 1749
3071 4095 1792 3143 4036 1749
3327 4095 1792 3367 4039 1748
3583 4095 1792 3594 4042 1748
3839 4095 1792 3816 4037 1748
4095 4095 1792 4034 4028 1748
0 0 2048 428 344 1937
256 0 2048 495 336 1937
512 0 2048 614 335 1937
768 0 2048 813 343 1937
1024 0 2048 1034 355 1937
1280 0 2048 1262 369 1937
1536 0 2048 1497 388 1937
1792 0 2048 1735 409 1937
2048 0 2048 1973 431 1937
2303 0 2048 2213 457 1937
2559 0 2048 2454 483 1937
2815 0 2048 2695 511 1937
3071 0 2048 2937 541 1937
3327 0 2048 3179 572 1937
3583 0 2048 3421 603 1936
3839 0 2048 3659 644 1936
4095 0 2048 3894 692 1935
0 256 2048 415 443 1938
256 256 2048 509 446 1914
512 256 2048 642 454 1891
768 256 2048 832 471 1868
1024 256 2048 1040 484 1876
1280 256 2048 1256 497 1891
1536 256 2048 1487 513 1903
1792 256 2048 1721 530 1912
2048 256 2048 1959 549 1920
2303 256 2048 2198 570 1924
2559 256 2048 2440 592 1928
2815 256 2048 2682 615 1931
3071 256 2048 2924 640 1933
3327 256 2048 3167 666 1935
3583 256 2048 3410 693 1936
3839 256 2048 3654 717 1936
4095 256 2048 3900 739 1936
0 512 2048 419 591 1938
256 512 2048 528 598 1903
512 512 2048 669 610 1864
768 512 2048 855 629 1820
1024 512 2048 1052 644 1826
1280 512 2048 1256 658 1844
1536 512 2048 1477 674 1862
1792 512 2048 1706 691 1879
2048 512 2048 1939 709 1895
2303 512 2048 2177 727 1906
2559 512 2048 2418 746 1915
2815 512 2048 2660 766 1922
3071 512 2048 2903 787 1928
3327 512 2048 3146 809 1932
3583 512 2048 3390 832 1935
3839 512 2048 3644 836 1936
4095 512 2048 3905 828 1936
0 768 2048 451 809 1939
256 768 2048 554 812 1910
512 768 2048 693 819 1868
768 768 2048 885 833 1805
1024 768 2048 1073 850 1792
1280 768 2048 1264 869 1796
1536 768 2048 1469 891 1813
1792 768 2048 1686 912 1834
2048 768 2048 1911 932 1858
2303 768 2048 2145 950 1878
2559 768 2048 2383 969 1896
2815 768 2048 2624 987 1910
3071 768 2048 2868 1006 1920
3327 768 2048 3112 1024 1929
3583 768 2048 3357 1044 1935
3839 768 2048 3625 1025 1937
4095 768 2048 3909 982 1937
0 1024 2048 497 1045 1940
256 1024 2048 593 1045 1918
512 1024 2048 727 1048 1882
768 1024 2048 920 1055 1825
1024 1024 2048 1104 1068 1816
1280 1024 2048 1292 1081 1825
1536 1024 2048 1502 1093 1861
1792 1024 2048 1711 1114 1870
2048 1024 2048 1920 1142 1861
2303 1024 2048 2140 1167 1875
2559 1024 2048 2365 1191 1891
2815 1024 2048 2598 1213 1907
3071 1024 2048 2836 1234 1920
3327 1024 2048 3077 1254 1932
3583 1024 2048 3322 1272 1941
3839 1024 2048 3605 1242 1943
4095 1024 2048 3913 1179 1938
0 1280 2048 548 1286 1941
256 1280 2048 636 1284 1925
512 1280 2048 765 1284 1898
768 1280 2048 958 1285 1854
1024 1280 2048 1141 1292 1850
1280 1280 2048 1328 1299 1866
1536 1280 2048 1541 1299 1920
1792 1280 2048 1746 1319 1918
2048 1280 2048 1945 1350 1880
2303 1280 2048 2155 1379 1886
2559 1280 2048 2368 1407 1896
2815 1280 2048 2587 1435 1911
3071 1280 2048 2816 1460 1926
3327 1280 2048 3050 1483 1940
3583 1280 2048 3295 1500 1951
3839 1280 2048 3590 1463 1949
4095 1280 2048 3918 1391 1939
0 1536 2048 605 1531 1943
256 1536 2048 687 1529 1932
512 1536 2048 812 1527 1913
768 1536 2048 1001 1525 1883
1024 1536 2048 1186 1529 1873
1280 1536 2048 1373 1534 1878
1536 1536 2048 1566 1540 1924
1792 1536 2048 1777 1550 1936
2048 1536 2048 1998 1562 1925
2303 1536 2048 2225 1574 1927
2559 1536 2048 2438 1596 1929
2815 1536 2048 2628 1635 1933
3071 1536 2048 2834 1670 1945
3327 1536 2048 3053 1698 1958
3583 1536 2048 3303 1709 1966
3839 1536 2048 3598 1677 1959
4095 1536 2048 3924 1618 1941
0 1792 2048 669 1777 1945
256 1792 2048 744 1776 1939
512 1792 2048 862 1773 1927
768 1792 2048 1047 1769 1909
1024 1792 2048 1236 1769 1899
1280 1792 2048 1423 1772 1899
1536 1792 2048 1595 1783 1932
1792 1792 2048 1801 1790 1945
2048 1792 2048 2030 1794 1945
2303 1792 2048 2263 1799 1945
2559 1792 2048 2483 1813 1944
2815 1792 2048 2683 1842 1943
3071 1792 2048 2875 1878 1959
3327 1792 2048 3075 1912 1977
3583 1792 2048 3318 1923 1984
3839 1792 2048 3609 1899 1970
4095 1792 2048 3931 1851 1943
0 2048 2048 737 2025 1947
256 2048 2048 804 2023 1945
512 2048 2048 916 2020 1940
768 2048 2048 1095 2014 1932
1024 2048 2048 1288 2011 1927
1280 2048 2048 1476 2012 1927
1536 2048 2048 1627 2027 1941
1792 2048 2048 1822 2036 1947
2048 2048 2048 2048 2039 1947
2303 2048 2048 2279 2043 1947
2559 2048 2048 2512 2048 1947
2815 2048 2048 2747 2053 1947
3071 2048 2048 2929 2087 1971
3327 2048 2048 3110 2124 1997
3583 2048 2048 3339 2142 2004
3839 2048 2048 3621 2126 1984
4095 2048 2048 3939 2088 1946
0 2303 2048 806 2273 1950
256 2303 2048 868 2271 1950
512 2303 2048 974 2268 1950
768 2303 2048 1145 2262 1949
1024 2303 2048 1339 2257 1952
1280 2303 2048 1533 2255 1957
1536 2303 2048 1699 2264 1965
1792 2303 2048 1879 2274 1961
2048 2303 2048 2070 2285 1950
2303 2303 2048 2298 2289 1950
2559 2303 2048 2529 2293 1950
2815 2303 2048 2763 2298 1950
3071 2303 2048 2972 2316 1965
3327 2303 2048 3174 2338 1987
3583 2303 2048 3372 2365 2021
3839 2303 2048 3638 2358 2003
4095 2303 2048 3949 2328 1949
0 2559 2048 877 2522 1954
256 2559 2048 934 2520 1955
512 2559 2048 1034 2517 1958
768 2559 2048 1197 2511 1964
1024 2559 2048 1391 2504 1974
1280 2559 2048 1588 2500 1984
1536 2559 2048 1769 2503 1992
1792 2559 2048 1939 2514 1983
2048 2559 2048 2104 2530 1963
2303 2559 2048 2324 2535 1957
2559 2559 2048 2548 2540 1953
2815 2559 2048 2780 2544 1953
3071 2559 2048 3007 2551 1960
3327 2559 2048 3224 2563 1980
3583 2559 2048 3405 2593 2040
3839 2559 2048 3659 2592 2023
4095 2559 2048 3960 2571 1952
0 2815 2048 950 2771 1957
256 2815 2048 1003 2770 1960
512 2815 2048 1096 2767 1966
768 2815 2048 1251 2761 1976
1024 2815 2048 1442 2754 1991
1280 2815 2048 1641 2747 2008
1536 2815 2048 1835 2745 2025
1792 2815 2048 2004 2754 2017
2048 2815 2048 2156 2771 1992
2303 2815 2048 2357 2780 1970
2559 2815 2048 2569 2788 1957
2815 2815 2048 2799 2791 1957
3071 2815 2048 3030 2796 1958
3327 2815 2048 3252 2804 1976
3583 2815 2048 3437 2827 2062
3839 2815 2048 3684 2828 2044
4095 2815 2048 3973 2816 1956
0 3071 2048 1025 3021 1962
256 3071 2048 1073 3020 1965
512 3071 2048 1161 3017 1972
768 3071 2048 1307 3012 1985
1024 3071 2048 1494 3004 2004
1280 3071 2048 1692 2997 2026
1536 3071 2048 1893 2992 2050
1792 3071 2048 2073 2995 2055
2048 3071 2048 2240 3005 2048
2303 3071 2048 2414 3020 2011
2559 3071 2048 2609 3030 1991
2815 3071 2048 2833 3033 1999
3071 3071 2048 3057 3038 2007
3327 3071 2048 3277 3046 2024
3583 3071 2048 3477 3061 2078
3839 3071 2048 3718 3065 2047
4095 3071 2048 3987 3061 1961
0 3327 2048 1100 3271 1966
256 3327 2048 1144 3270 1970
512 3327 2048 1227 3268 1979
768 3327 2048 1365 3262 1993
1024 3327 2048 1547 3255 2016
1280 3327 2048 1742 3247 2041
1536 3327 2048 1948 3240 2071
1792 3327 2048 2142 3238 2092
2048 3327 2048 2327 3240 2106
2303 3327 2048 2482 3258 2061
2559 3327 2048 2661 3270 2041
2815 3327 2048 2876 3273 2055
3071 3327 2048 3091 3280 2071
3327 3327 2048 3305 3287 2086
3583 3327 2048 3519 3297 2101
3839 3327 2048 3754 3304 2054
4095 3327 2048 4002 3308 1966
0 3583 2048 1176 3521 1971
256 3583 2048 1217 3520 1976
512 3583 2048 1294 3518 1984
768 3583 2048 1426 3513 2000
1024 3583 2048 1602 3506 2024
1280 3583 2048 1794 3498 2052
1536 3583 2048 2000 3490 2086
1792 3583 2048 2199 3486 2115
2048 3583 2048 2394 3484 2140
2303 3583 2048 2562 3494 2124
2559 3583 2048 2742 3503 2117
2815 3583 2048 2942 3509 2125
3071 3583 2048 3146 3516 2136
3327 3583 2048 3353 3525 2148
3583 3583 2048 3561 3535 2160
3839 3583 2048 3785 3545 2093
4095 3583 2048 4019 3555 1973
0 3839 2048 1257 3765 1976
256 3839 2048 1288 3769 1979
512 3839 2048 1352 3770 1985
768 3839 2048 1464 3767 1995
1024 3839 2048 1619 3763 2011
1280 3839 2048 1790 3759 2029
1536 3839 2048 1983 3754 2051
1792 3839 2048 2177 3751 2071
2048 3839 2048 2373 3749 2090
2303 3839 2048 2558 3755 2087
2559 3839 2048 2751 3760 2086
2815 3839 2048 2952 3765 2089
3071 3839 2048 3161 3771 2095
3327 3839 2048 3371 3777 2102
3583 3839 2048 3585 3785 2108
3839 3839 2048 3806 3791 2061
4095 3839 2048 4031 3796 1977
0 4095 2048 1341 4004 1981
256 4095 2048 1358 4016 1982
512 4095 2048 1402 4023 1983
768 4095 2048 1486 4024 1983
1024 4095 2048 1610 4024 1983
1280 4095 2048 1751 4025 1983
1536 4095 2048 1919 4026 1983
1792 4095 2048 2102 4027 1983
2048 4095 2048 2294 4029 1983
2303 4095 2048 2499 4031 1983
2559 4095 2048 2710 4033 1983
2815 4095 2048 2926 4035 1983
3071 4095 2048 3147 4038 1983
3327 4095 2048 3370 4040 1983
3583 4095 2048 3597 4044 1982
3839 4095 2048 3820 4041 1981
4095 4095 2048 4041 4034 1980
0 0 2303 481 386 2175
256 0 2303 538 378 2177
512 0 2303 648 376 2179
768 0 2303 836 382 2179
1024 0 2303 1051 392 2179
1280 0 2303 1276 405 2179
1536 0 2303 1508 422 2179
1792 0 2303 1744 441 2179
2048 0 2303 1981 462 2179
2303 0 2303 2220 486 2178
2559 0 2303 2460 511 2178
2815 0 2303 2700 537 2178
3071 0 2303 2942 565 2178
3327 0 2303 3183 594 2178
3583 0 2303 3425 625 2178
3839 0 2303 3665 660 2177
4095 0 2303 3903 699 2177
0 256 2303 463 475 2178
256 256 2303 549 478 2157
512 256 2303 675 486 2135
768 256 2303 859 501 2110
1024 256 2303 1062 513 2117
1280 256 2303 1274 525 2130
1536 256 2303 1501 539 2141
1792 256 2303 1733 556 2150
2048 256 2303 1969 573 2157
2303 256 2303 2207 593 2162
2559 256 2303 2447 614 2167
2815 256 2303 2688 637 2170
3071 256 2303 2930 661 2172
3327 256 2303 3172 685 2174
3583 256 2303 3414 712 2175
3839 256 2303 3660 732 2176
4095 256 2303 3907 749 2177
0 512 2303 464 614 2180
256 512 2303 566 621 2147
512 512 2303 700 633 2109
768 512 2303 885 652 2062
1024 512 2303 1078 666 2061
1280 512 2303 1278 680 2073
1536 512 2303 1496 695 2092
1792 512 2303 1721 711 2110
2048 512 2303 1951 728 2126
2303 512 2303 2188 745 2138
2559 512 2303 2426 764 2148
2815 512 2303 2667 783 2157
3071 512 2303 2909 804 2163
3327 512 2303 3152 825 2168
3583 512 2303 3395 847 2171
3839 512 2303 3649 850 2175
4095 512 2303 3910 840 2178
0 768 2303 492 825 2180
256 768 2303 589 828 2153
512 768 2303 724 836 2110
768 768 2303 914 850 2045
1024 768 2303 1101 869 2016
1280 768 2303 1290 890 2005
1536 768 2303 1492 909 2028
1792 768 2303 1705 928 2053
2048 768 2303 1927 947 2079
2303 768 2303 2159 965 2101
2559 768 2303 2394 982 2120
2815 768 2303 2634 1000 2136
3071 768 2303 2876 1018 2148
3327 768 2303 3119 1036 2158
3583 768 2303 3363 1055 2166
3839 768 2303 3630 1037 2172
4095 768 2303 3913 994 2178
0 1024 2303 535 1056 2181
256 1024 2303 625 1057 2159
512 1024 2303 755 1061 2122
768 1024 2303 946 1069 2061
1024 1024 2303 1132 1084 2031
1280 1024 2303 1320 1100 2020
1536 1024 2303 1519 1112 2058
1792 1024 2303 1724 1132 2072
2048 1024 2303 1933 1158 2071
2303 1024 2303 2152 1181 2087
2559 1024 2303 2377 1204 2105
2815 1024 2303 2608 1225 2123
3071 1024 2303 2845 1245 2139
3327 1024 2303 3085 1264 2153
3583 1024 2303 3328 1282 2164
3839 1024 2303 3610 1252 2173
4095 1024 2303 3917 1189 2179
0 1280 2303 582 1295 2182
256 1280 2303 665 1294 2165
512 1280 2303 791 1294 2136
768 1280 2303 980 1297 2087
1024 1280 2303 1167 1305 2060
1280 1280 2303 1355 1314 2054
1536 1280 2303 1553 1319 2108
1792 1280 2303 1753 1338 2113
2048 1280 2303 1954 1366 2086
2303 1280 2303 2164 1393 2093
2559 1280 2303 2377 1420 2104
2815 1280 2303 2596 1447 2119
3071 1280 2303 2824 1471 2136
3327 1280 2303 3057 1493 2153
3583 1280 2303 3301 1510 2167
3839 1280 2303 3594 1472 2175
4095 1280 2303 3921 1399 2180
0 1536 2303 637 1538 2183
256 1536 2303 715 1537 2171
512 1536 2303 835 1536 2149
768 1536 2303 1020 1535 2113
1024 1536 2303 1209 1540 2087
1280 1536 2303 1397 1545 2080
1536 1536 2303 1579 1551 2144
1792 1536 2303 1785 1560 2164
2048 1536 2303 2006 1571 2156
2303 1536 2303 2227 1586 2152
2559 1536 2303 2437 1611 2147
2815 1536 2303 2630 1649 2142
3071 1536 2303 2838 1681 2152
3327 1536 2303 3058 1708 2165
3583 1536 2303 3308 1718 2179
3839 1536 2303 3602 1686 2184
4095 1536 2303 3927 1625 2182
0 1792 2303 698 1784 2185
256 1792 2303 769 1782 2177
512 1792 2303 883 1780 2162
768 1792 2303 1064 1777 2137
1024 1792 2303 1255 1778 2115
1280 1792 2303 1444 1781 2108
1536 1792 2303 1614 1789 2155
1792 1792 2303 1816 1795 2179
2048 1792 2303 2038 1800 2185
2303 1792 2303 2265 1808 2180
2559 1792 2303 2482 1824 2173
2815 1792 2303 2684 1853 2165
3071 1792 2303 2878 1889 2172
3327 1792 2303 3079 1921 2183
3583 1792 2303 3322 1932 2195
3839 1792 2303 3613 1907 2194
4095 1792 2303 3934 1857 2184
0 2048 2303 762 2030 2187
256 2048 2303 826 2029 2183
512 2048 2303 935 2026 2174
768 2048 2303 1110 2021 2159
1024 2048 2303 1303 2019 2144
1280 2048 2303 1494 2019 2135
1536 2048 2303 1655 2031 2152
1792 2048 2303 1845 2039 2170
2048 2048 2303 2055 2044 2187
2303 2048 2303 2285 2048 2187
2559 2048 2303 2518 2053 2187
2815 2048 2303 2752 2058 2187
3071 2048 2303 2933 2094 2195
3327 2048 2303 3113 2133 2205
3583 2048 2303 3343 2149 2214
3839 2048 2303 3625 2132 2206
4095 2048 2303 3942 2093 2186
0 2303 2303 829 2277 2190
256 2303 2303 889 2276 2188
512 2303 2303 992 2273 2183
768 2303 2303 1160 2268 2176
1024 2303 2303 1353 2263 2169
1280 2303 2303 1547 2261 2165
1536 2303 2303 1720 2268 2173
1792 2303 2303 1897 2278 2182
2048 2303 2303 2078 2290 2190
2303 2303 2303 2305 2293 2190
2559 2303 2303 2535 2297 2190
2815 2303 2303 2768 2302 2190
3071 2303 2303 2972 2323 2198
3327 2303 2303 3170 2348 2211
3583 2303 2303 3374 2373 2234
3839 2303 2303 3642 2364 2223
4095 2303 2303 3952 2333 2189
0 2559 2303 898 2526 2193
256 2559 2303 953 2524 2193
512 2559 2303 1050 2522 2192
768 2559 2303 1211 2516 2191
1024 2559 2303 1403 2510 2192
1280 2559 2303 1600 2506 2194
1536 2559 2303 1784 2508 2199
1792 2559 2303 1953 2518 2200
2048 2559 2303 2112 2534 2199
2303 2559 2303 2330 2539 2195
2559 2559 2303 2554 2544 2193
2815 2559 2303 2785 2548 2192
3071 2559 2303 3007 2557 2199
3327 2559 2303 3219 2572 2213
3583 2559 2303 3406 2600 2254
3839 2559 2303 3662 2598 2241
4095 2559 2303 3964 2575 2192
0 2815 2303 969 2775 2196
256 2815 2303 1020 2774 2197
512 2815 2303 1112 2771 2200
768 2815 2303 1264 2765 2204
1024 2815 2303 1454 2759 2211
1280 2815 2303 1651 2752 2220
1536 2815 2303 1846 2750 2231
1792 2815 2303 2014 2759 2228
2048 2815 2303 2165 2774 2217
2303 2815 2303 2364 2784 2204
2559 2815 2303 2575 2791 2196
2815 2815 2303 2804 2795 2196
3071 2815 2303 3034 2800 2197
3327 2815 2303 3255 2809 2210
3583 2815 2303 3439 2832 2275
3839 2815 2303 3686 2833 2261
4095 2815 2303 3976 2819 2195
0 3071 2303 1042 3024 2200
256 3071 2303 1089 3023 2202
512 3071 2303 1175 3021 2206
768 3071 2303 1320 3015 2214
1024 3071 2303 1505 3008 2226
1280 3071 2303 1702 3001 2240
1536 3071 2303 1902 2996 2257
1792 3071 2303 2082 3000 2263
2048 3071 2303 2247 3009 2261
2303 3071 2303 2414 3026 2229
2559 3071 2303 2605 3037 2211
2815 3071 2303 2830 3040 2214
3071 3071 2303 3058 3044 2217
3327 3071 2303 3281 3051 2227
3583 3071 2303 3486 3065 2264
3839 3071 2303 3726 3069 2249
4095 3071 2303 3990 3064 2199
0 3327 2303 1115 3274 2204
256 3327 2303 1159 3273 2207
512 3327 2303 1240 3271 2213
768 3327 2303 1377 3266 2223
1024 3327 2303 1558 3258 2239
1280 3327 2303 1752 3251 2258
1536 3327 2303 1956 3244 2280
1792 3327 2303 2149 3242 2297
2048 3327 2303 2333 3244 2309
2303 3327 2303 2475 3265 2265
2559 3327 2303 2647 3280 2238
2815 3327 2303 2862 3285 2238
3071 3327 2303 3083 3290 2243
3327 3327 2303 3307 3295 2249
3583 3327 2303 3532 3301 2256
3839 3327 2303 3766 3306 2238
4095 3327 2303 4005 3311 2204
0 3583 2303 1190 3524 2208
256 3583 2303 1231 3523 2212
512 3583 2303 1308 3521 2218
768 3583 2303 1438 3516 2230
1024 3583 2303 1612 3509 2249
1280 3583 2303 1802 3502 2271
1536 3583 2303 2008 3494 2298
1792 3583 2303 2206 3489 2321
2048 3583 2303 2400 3487 2343
2303 3583 2303 2561 3500 2326
2559 3583 2303 2729 3513 2303
2815 3583 2303 2908 3527 2273
3071 3583 2303 3119 3534 2270
3327 3583 2303 3338 3539 2276
3583 3583 2303 3560 3544 2289
3839 3583 2303 3789 3551 2263
4095 3583 2303 4022 3558 2212
0 3839 2303 1270 3768 2212
256 3839 2303 1302 3769 2214
512 3839 2303 1366 3770 2219
768 3839 2303 1475 3768 2227
1024 3839 2303 1629 3765 2240
1280 3839 2303 1799 3761 2255
1536 3839 2303 1990 3757 2273
1792 3839 2303 2184 3754 2289
2048 3839 2303 2380 3752 2305
2303 3839 2303 2562 3758 2301
2559 3839 2303 2745 3767 2288
2815 3839 2303 2928 3779 2261
3071 3839 2303 3140 3784 2258
3327 3839 2303 3360 3789 2261
3583 3839 2303 3583 3793 2271
3839 3839 2303 3809 3797 2252
4095 3839 2303 4036 3801 2215
0 4095 2303 1353 4007 2215
256 4095 2303 1374 4013 2216
512 4095 2303 1418 4018 2216
768 4095 2303 1498 4022 2217
1024 4095 2303 1620 4025 2218
1280 4095 2303 1759 4027 2219
1536 4095 2303 1927 4028 2219
1792 4095 2303 2109 4030 2219
2048 4095 2303 2300 4031 2219
2303 4095 2303 2505 4033 2219
2559 4095 2303 2715 4035 2219
2815 4095 2303 2930 4037 2219
3071 4095 2303 3151 4040 2219
3327 4095 2303 3374 4043 2219
3583 4095 2303 3601 4046 2219
3839 4095 2303 3826 4045 2217
4095 4095 2303 4049 4042 2215
0 0 2559 533 429 2414
256 0 2559 583 421 2418
512 0 2559 684 418 2420
768 0 2559 861 421 2421
1024 0 2559 1070 431 2421
1280 0 2559 1290 442 2421
1536 0 2559 1520 457 2421
1792 0 2559 1754 475 2421
2048 0 2559 1990 494 2421
2303 0 2559 2227 516 2421
2559 0 2559 2466 539 2421
2815 0 2559 2706 564 2421
3071 0 2559 2947 591 2420
3327 0 2559 3188 618 2420
3583 0 2559 3429 647 2420
3839 0 2559 3670 678 2420
4095 0 2559 3911 711 2419
0 256 2559 512 508 2419
256 256 2559 591 511 2401
512 256 2559 709 518 2380
768 256 2559 887 532 2354
1024 256 2559 1085 543 2359
1280 256 2559 1293 554 2370
1536 256 2559 1517 567 2381
1792 256 2559 1746 582 2389
2048 256 2559 1979 599 2397
2303 256 2559 2216 618 2402
2559 256 2559 2455 638 2406
2815 256 2559 2695 659 2410
3071 256 2559 2936 682 2412
3327 256 2559 3177 706 2414
3583 256 2559 3419 731 2416
3839 256 2559 3665 749 2418
4095 256 2559 3913 763 2420
0 512 2559 510 638 2422
256 512 2559 604 645 2392
512 512 2559 733 657 2355
768 512 2559 915 675 2306
1024 512 2559 1105 690 2299
1280 512 2559 1301 703 2306
1536 512 2559 1515 717 2325
1792 512 2559 1737 732 2343
2048 512 2559 1965 748 2360
2303 512 2559 2199 765 2372
2559 512 2559 2436 782 2383
2815 512 2559 2675 801 2392
3071 512 2559 2916 821 2399
3327 512 2559 3158 842 2405
3583 512 2559 3401 863 2409
3839 512 2559 3654 866 2414
4095 512 2559 3915 855 2420
0 768 2559 535 841 2422
256 768 2559 625 845 2396
512 768 2559 755 853 2354
768 768 2559 944 868 2287
1024 768 2559 1130 889 2244
1280 768 2559 1319 911 2221
1536 768 2559 1516 928 2247
1792 768 2559 1726 945 2275
2048 768 2559 1944 963 2303
2303 768 2559 2173 980 2326
2559 768 2559 2407 997 2346
2815 768 2559 2644 1014 2364
3071 768 2559 2885 1032 2377
3327 768 2559 3126 1049 2389
3583 768 2559 3370 1068 2398
3839 768 2559 3636 1050 2408
4095 768 2559 3917 1007 2421
0 1024 2559 573 1069 2423
256 1024 2559 658 1070 2401
512 1024 2559 785 1075 2363
768 1024 2559 973 1084 2301
1024 1024 2559 1160 1101 2253
1280 1024 2559 1348 1119 2224
1536 1024 2559 1540 1132 2257
1792 1024 2559 1741 1151 2275
2048 1024 2559 1948 1174 2282
2303 1024 2559 2166 1196 2301
2559 1024 2559 2389 1217 2321
2815 1024 2559 2619 1237 2341
3071 1024 2559 2855 1257 2359
3327 1024 2559 3093 1276 2375
3583 1024 2559 3335 1294 2389
3839 1024 2559 3615 1263 2404
4095 1024 2559 3921 1200 2421
0 1280 2559 618 1304 2423
256 1280 2559 696 1304 2406
512 1280 2559 818 1305 2375
768 1280 2559 1004 1309 2323
1024 1280 2559 1193 1319 2278
1280 1280 2559 1382 1330 2251
1536 1280 2559 1569 1340 2292
1792 1280 2559 1764 1358 2301
2048 1280 2559 1965 1383 2288
2303 1280 2559 2174 1408 2298
2559 1280 2559 2387 1433 2312
2815 1280 2559 2606 1459 2329
3071 1280 2559 2834 1482 2348
3327 1280 2559 3066 1503 2367
3583 1280 2559 3308 1520 2384
3839 1280 2559 3600 1482 2403
4095 1280 2559 3925 1407 2422
0 1536 2559 670 1546 2425
256 1536 2559 743 1545 2412
512 1536 2559 860 1545 2387
768 1536 2559 1041 1545 2346
1024 1536 2559 1232 1551 2306
1280 1536 2559 1421 1557 2286
1536 1536 2559 1598 1565 2340
1792 1536 2559 1798 1575 2361
2048 1536 2559 2012 1587 2360
2303 1536 2559 2227 1604 2360
2559 1536 2559 2435 1628 2357
2815 1536 2559 2633 1663 2350
3071 1536 2559 2844 1693 2360
3327 1536 2559 3065 1719 2374
3583 1536 2559 3313 1728 2393
3839 1536 2559 3607 1695 2409
4095 1536 2559 3931 1632 2424
0 1792 2559 727 1790 2426
256 1792 2559 795 1789 2417
512 1792 2559 906 1788 2399
768 1792 2559 1083 1786 2367
1024 1792 2559 1275 1787 2335
1280 1792 2559 1465 1790 2317
1536 1792 2559 1638 1798 2359
1792 1792 2559 1833 1805 2384
2048 1792 2559 2044 1812 2399
2303 1792 2559 2265 1822 2398
2559 1792 2559 2480 1839 2394
2815 1792 2559 2687 1864 2385
3071 1792 2559 2882 1899 2385
3327 1792 2559 3085 1931 2390
3583 1792 2559 3327 1941 2407
3839 1792 2559 3617 1915 2418
4095 1792 2559 3938 1863 2426
0 2048 2559 788 2036 2428
256 2048 2559 850 2035 2422
512 2048 2559 956 2032 2410
768 2048 2559 1127 2029 2388
1024 2048 2559 1319 2027 2364
1280 2048 2559 1512 2028 2346
1536 2048 2559 1683 2036 2358
1792 2048 2559 1870 2044 2382
2048 2048 2559 2066 2051 2414
2303 2048 2559 2293 2055 2421
2559 2048 2559 2523 2059 2426
2815 2048 2559 2758 2063 2428
3071 2048 2559 2938 2101 2419
3327 2048 2559 3117 2142 2413
3583 2048 2559 3347 2158 2425
3839 2048 2559 3629 2139 2429
4095 2048 2559 3946 2098 2427
0 2303 2559 853 2282 2430
256 2303 2559 911 2281 2427
512 2303 2559 1011 2279 2419
768 2303 2559 1175 2274 2405
1024 2303 2559 1367 2271 2389
1280 2303 2559 1562 2269 2377
1536 2303 2559 1742 2273 2380
1792 2303 2559 1916 2283 2398
2048 2303 2559 2086 2295 2425
2303 2303 2559 2312 2299 2428
2559 2303 2559 2541 2303 2430
2815 2303 2559 2774 2307 2430
3071 2303 2559 2975 2330 2430
3327 2303 2559 3170 2357 2432
3583 2303 2559 3377 2380 2447
3839 2303 2559 3646 2370 2444
4095 2303 2559 3956 2338 2430
0 2559 2559 920 2530 2433
256 2559 2559 973 2529 2431
512 2559 2559 1068 2526 2427
768 2559 2559 1226 2522 2420
1024 2559 2559 1416 2516 2413
1280 2559 2559 1613 2512 2407
1536 2559 2559 1801 2513 2406
1792 2559 2559 1968 2523 2417
2048 2559 2559 2122 2538 2435
2303 2559 2559 2338 2543 2434
2559 2559 2559 2560 2548 2433
2815 2559 2559 2791 2552 2433
3071 2559 2559 3008 2563 2436
3327 2559 2559 3218 2580 2444
3583 2559 2559 3408 2607 2468
3839 2559 2559 3665 2604 2461
4095 2559 2559 3967 2579 2432
0 2815 2559 989 2778 2436
256 2815 2559 1039 2778 2436
512 2815 2559 1128 2775 2435
768 2815 2559 1278 2770 2434
1024 2815 2559 1466 2764 2433
1280 2815 2559 1663 2758 2434
1536 2815 2559 1859 2756 2438
1792 2815 2559 2028 2763 2440
2048 2815 2559 2181 2777 2442
2303 2815 2559 2374 2787 2438
2559 2815 2559 2581 2795 2436
2815 2815 2559 2810 2798 2436
3071 2815 2559 3038 2804 2436
3327 2815 2559 3258 2813 2445
3583 2815 2559 3441 2838 2489
3839 2815 2559 3689 2839 2480
4095 2815 2559 3980 2823 2435
0 3071 2559 1060 3027 2439
256 3071 2559 1106 3027 2440
512 3071 2559 1191 3024 2442
768 3071 2559 1334 3019 2444
1024 3071 2559 1517 3013 2450
1280 3071 2559 1712 3006 2456
1536 3071 2559 1913 3001 2466
1792 3071 2559 2093 3004 2471
2048 3071 2559 2260 3013 2475
2303 3071 2559 2419 3031 2453
2559 3071 2559 2605 3043 2439
2815 3071 2559 2831 3046 2439
3071 3071 2559 3060 3050 2439
3327 3071 2559 3286 3056 2444
3583 3071 2559 3491 3070 2471
3839 3071 2559 3731 3073 2466
4095 3071 2559 3994 3068 2439
0 3327 2559 1132 3277 2443
256 3327 2559 1175 3276 2445
512 3327 2559 1255 3274 2448
768 3327 2559 1391 3269 2454
1024 3327 2559 1569 3262 2464
1280 3327 2559 1762 3255 2476
1536 3327 2559 1965 3249 2491
1792 3327 2559 2157 3247 2503
2048 3327 2559 2341 3249 2513
2303 3327 2559 2475 3272 2477
2559 3327 2559 2641 3288 2452
2815 3327 2559 2856 3293 2444
3071 3327 2559 3081 3297 2442
3327 3327 2559 3310 3301 2444
3583 3327 2559 3538 3305 2450
3839 3327 2559 3772 3310 2449
4095 3327 2559 4009 3314 2444
0 3583 2559 1206 3527 2447
256 3583 2559 1246 3526 2449
512 3583 2559 1322 3524 2454
768 3583 2559 1450 3519 2462
1024 3583 2559 1623 3513 2476
1280 3583 2559 1812 3505 2491
1536 3583 2559 2016 3498 2511
1792 3583 2559 2214 3493 2529
2048 3583 2559 2408 3491 2546
2303 3583 2559 2564 3505 2532
2559 3583 2559 2724 3520 2504
2815 3583 2559 2890 3539 2456
3071 3583 2559 3104 3545 2446
3327 3583 2559 3331 3548 2448
3583 3583 2559 3561 3552 2459
3839 3583 2559 3792 3556 2459
4095 3583 2559 4025 3560 2451
0 3839 2559 1285 3770 2449
256 3839 2559 1317 3770 2451
512 3839 2559 1380 3771 2455
768 3839 2559 1488 3771 2461
1024 3839 2559 1640 3768 2471
1280 3839 2559 1808 3764 2482
1536 3839 2559 1999 3760 2496
1792 3839 2559 2192 3757 2509
2048 3839 2559 2387 3755 2521
2303 3839 2559 2566 3762 2518
2559 3839 2559 2743 3772 2499
2815 3839 2559 2916 3788 2459
3071 3839 2559 3130 3794 2451
3327 3839 2559 3355 3797 2453
3583 3839 2559 3583 3799 2461
3839 3839 2559 3812 3802 2460
4095 3839 2559 4041 3805 2453
0 4095 2559 1368 4008 2449
256 4095 2559 1389 4011 2451
512 4095 2559 1433 4016 2452
768 4095 2559 1511 4023 2454
1024 4095 2559 1631 4027 2455
1280 4095 2559 1769 4030 2456
1536 4095 2559 1936 4031 2456
1792 4095 2559 2117 4032 2456
2048 4095 2559 2307 4034 2456
2303 4095 2559 2511 4035 2456
2559 4095 2559 2720 4037 2456
2815 4095 2559 2936 4040 2456
3071 4095 2559 3156 4042 2456
3327 4095 2559 3379 4045 2456
3583 4095 2559 3605 4048 2456
3839 4095 2559 3831 4049 2455
4095 4095 2559 4056 4047 2452
0 0 2815 586 471 2653
256 0 2815 631 464 2657
512 0 2815 724 461 2661
768 0 2815 888 462 2662
1024 0 2815 1091 469 2663
1280 0 2815 1306 480 2663
1536 0 2815 1534 494 2663
1792 0 2815 1765 510 2663
2048 0 2815 1999 527 2663
2303 0 2815 2235 548 2663
2559 0 2815 2474 569 2663
2815 0 2815 2713 593 2663
3071 0 2815 2953 618 2663
3327 0 2815 3193 644 2663
3583 0 2815 3434 672 2662
3839 0 2815 3675 702 2662
4095 0 2815 3915 733 2661
0 256 2815 562 542 2660
256 256 2815 634 545 2643
512 256 2815 746 552 2624
768 256 2815 917 564 2599
1024 256 2815 1110 574 2602
1280 256 2815 1313 584 2612
1536 256 2815 1533 596 2621
1792 256 2815 1760 610 2629
2048 256 2815 1991 626 2637
2303 256 2815 2226 644 2642
2559 256 2815 2463 663 2646
2815 256 2815 2702 683 2650
3071 256 2815 2942 705 2653
3327 256 2815 3183 728 2655
3583 256 2815 3425 752 2657
3839 256 2815 3670 770 2659
4095 256 2815 3917 783 2662
0 512 2815 557 664 2664
256 512 2815 644 671 2636
512 512 2815 768 683 2601
768 512 2815 945 701 2552
1024 512 2815 1132 715 2541
1280 512 2815 1326 728 2542
1536 512 2815 1535 741 2561
1792 512 2815 1754 755 2578
2048 512 2815 1979 769 2595
2303 512 2815 2212 786 2607
2559 512 2815 2447 803 2619
2815 512 2815 2685 821 2628
3071 512 2815 2924 840 2635
3327 512 2815 3165 860 2642
3583 512 2815 3407 881 2647
3839 512 2815 3659 883 2654
4095 512 2815 3919 873 2662
0 768 2815 579 860 2664
256 768 2815 664 864 2640
512 768 2815 788 872 2599
768 768 2815 973 887 2532
1024 768 2815 1160 910 2479
1280 768 2815 1349 933 2444
1536 768 2815 1542 948 2472
1792 768 2815 1748 964 2500
2048 768 2815 1963 980 2529
2303 768 2815 2190 996 2553
2559 768 2815 2421 1012 2574
2815 768 2815 2656 1029 2593
3071 768 2815 2895 1046 2607
3327 768 2815 3135 1064 2620
3583 768 2815 3377 1082 2630
3839 768 2815 3642 1064 2645
4095 768 2815 3921 1022 2663
0 1024 2815 615 1083 2665
256 1024 2815 694 1085 2644
512 1024 2815 816 1090 2606
768 1024 2815 1000 1100 2543
1024 1024 2815 1189 1118 2484
1280 1024 2815 1378 1138 2440
1536 1024 2815 1564 1154 2457
1792 1024 2815 1762 1172 2475
2048 1024 2815 1966 1191 2495
2303 1024 2815 2182 1211 2517
2559 1024 2815 2404 1231 2539
2815 1024 2815 2633 1251 2561
3071 1024 2815 2867 1269 2581
3327 1024 2815 3103 1288 2599
3583 1024 2815 3344 1306 2613
3839 1024 2815 3622 1275 2636
4095 1024 2815 3925 1212 2664
0 1280 2815 655 1315 2665
256 1280 2815 730 1315 2648
512 1280 2815 847 1317 2616
768 1280 2815 1029 1322 2563
1024 1280 2815 1219 1333 2506
1280 1280 2815 1409 1347 2462
1536 1280 2815 1592 1362 2467
1792 1280 2815 1784 1381 2474
2048 1280 2815 1980 1402 2483
2303 1280 2815 2187 1426 2500
2559 1280 2815 2400 1449 2519
2815 1280 2815 2619 1472 2540
3071 1280 2815 2846 1494 2561
3327 1280 2815 3077 1514 2582
3583 1280 2815 3317 1531 2602
3839 1280 2815 3606 1493 2630
4095 1280 2815 3929 1417 2665
0 1536 2815 703 1555 2667
256 1536 2815 773 1554 2653
512 1536 2815 887 1555 2627
768 1536 2815 1064 1556 2582
1024 1536 2815 1255 1562 2533
1280 1536 2815 1447 1571 2495
1536 1536 2815 1627 1583 2502
1792 1536 2815 1818 1597 2512
2048 1536 2815 2016 1612 2524
2303 1536 2815 2225 1629 2541
2559 1536 2815 2434 1650 2552
2815 1536 2815 2639 1679 2555
3071 1536 2815 2852 1707 2566
3327 1536 2815 3074 1731 2583
3583 1536 2815 3320 1740 2607
3839 1536 2815 3612 1705 2635
4095 1536 2815 3935 1640 2666
0 1792 2815 757 1797 2668
256 1792 2815 823 1797 2658
512 1792 2815 931 1796 2637
768 1792 2815 1104 1795 2602
1024 1792 2815 1295 1797 2561
1280 1792 2815 1488 1802 2527
1536 1792 2815 1668 1811 2530
1792 1792 2815 1856 1821 2546
2048 1792 2815 2049 1832 2570
2303 1792 2815 2263 1842 2589
2559 1792 2815 2478 1857 2601
2815 1792 2815 2691 1877 2601
3071 1792 2815 2889 1911 2597
3327 1792 2815 3092 1942 2597
3583 1792 2815 3333 1952 2619
3839 1792 2815 3622 1924 2643
4095 1792 2815 3942 1870 2667
0 2048 2815 815 2042 2669
256 2048 2815 876 2041 2662
512 2048 2815 979 2039 2647
768 2048 2815 1145 2037 2621
1024 2048 2815 1337 2036 2588
1280 2048 2815 1532 2037 2560
1536 2048 2815 1712 2044 2554
1792 2048 2815 1895 2052 2577
2048 2048 2815 2080 2060 2618
2303 2048 2815 2301 2064 2643
2559 2048 2815 2528 2067 2661
2815 2048 2815 2764 2070 2668
3071 2048 2815 2945 2109 2644
3327 2048 2815 3125 2151 2621
3583 2048 2815 3353 2167 2636
3839 2048 2815 3634 2147 2652
4095 2048 2815 3950 2104 2669
0 2303 2815 879 2288 2671
256 2303 2815 935 2287 2666
512 2303 2815 1032 2285 2656
768 2303 2815 1193 2281 2637
1024 2303 2815 1383 2278 2613
1280 2303 2815 1579 2277 2591
1536 2303 2815 1765 2281 2583
1792 2303 2815 1936 2290 2607
2048 2303 2815 2097 2302 2652
2303 2303 2815 2320 2305 2662
2559 2303 2815 2548 2309 2669
2815 2303 2815 2780 2312 2671
3071 2303 2815 2980 2337 2659
3327 2303 2815 3176 2365 2648
3583 2303 2815 3382 2389 2658
3839 2303 2815 3651 2377 2665
4095 2303 2815 3961 2343 2671
0 2559 2815 944 2535 2673
256 2559 2815 995 2534 2670
512 2559 2815 1088 2532 2664
768 2559 2815 1242 2528 2652
1024 2559 2815 1430 2523 2636
1280 2559 2815 1626 2520 2622
1536 2559 2815 1818 2520 2614
1792 2559 2815 1985 2529 2633
2048 2559 2815 2136 2542 2671
2303 2559 2815 2348 2548 2673
2559 2559 2815 2567 2553 2674
2815 2559 2815 2797 2557 2674
3071 2559 2815 3014 2569 2670
3327 2559 2815 3223 2586 2669
3583 2559 2815 3413 2614 2680
3839 2559 2815 3670 2610 2680
4095 2559 2815 3972 2584 2673
0 2815 2815 1011 2783 2676
256 2815 2815 1059 2782 2675
512 2815 2815 1147 2780 2671
768 2815 2815 1294 2775 2665
1024 2815 2815 1480 2770 2657
1280 2815 2815 1675 2765 2650
1536 2815 2815 1872 2762 2646
1792 2815 2815 2047 2768 2651
2048 2815 2815 2207 2779 2664
2303 2815 2815 2388 2791 2672
2559 2815 2815 2588 2799 2677
2815 2815 2815 2816 2803 2677
3071 2815 2815 3044 2808 2676
3327 2815 2815 3263 2818 2680
3583 2815 2815 3446 2845 2702
3839 2815 2815 3693 2845 2698
4095 2815 2815 3984 2827 2676
0 3071 2815 1080 3032 2679
256 3071 2815 1125 3031 2679
512 3071 2815 1209 3029 2678
768 3071 2815 1349 3024 2676
1024 3071 2815 1530 3018 2674
1280 3071 2815 1724 3012 2673
1536 3071 2815 1924 3007 2675
1792 3071 2815 2108 3009 2680
2048 3071 2815 2281 3015 2687
2303 3071 2815 2431 3034 2682
2559 3071 2815 2612 3047 2680
2815 3071 2815 2837 3050 2679
3071 3071 2815 3066 3053 2679
3327 3071 2815 3290 3060 2684
3583 3071 2815 3491 3077 2706
3839 3071 2815 3731 3079 2701
4095 3071 2815 3998 3072 2679
0 3327 2815 1150 3281 2683
256 3327 2815 1193 3280 2683
512 3327 2815 1272 3278 2684
768 3327 2815 1405 3273 2686
1024 3327 2815 1582 3267 2690
1280 3327 2815 1773 3260 2695
1536 3327 2815 1976 3254 2702
1792 3327 2815 2168 3252 2710
2048 3327 2815 2354 3253 2718
2303 3327 2815 2484 3276 2701
2559 3327 2815 2648 3291 2689
2815 3327 2815 2862 3297 2684
3071 3327 2815 3087 3301 2682
3327 3327 2815 3313 3305 2686
3583 3327 2815 3534 3311 2703
3839 3327 2815 3769 3315 2700
4095 3327 2815 4013 3317 2682
0 3583 2815 1223 3530 2686
256 3583 2815 1262 3529 2687
512 3583 2815 1337 3527 2690
768 3583 2815 1464 3523 2695
1024 3583 2815 1636 3516 2703
1280 3583 2815 1823 3509 2712
1536 3583 2815 2026 3502 2725
1792 3583 2815 2223 3498 2737
2048 3583 2815 2417 3496 2750
2303 3583 2815 2571 3509 2744
2559 3583 2815 2730 3524 2727
2815 3583 2815 2896 3542 2693
3071 3583 2815 3110 3548 2686
3327 3583 2815 3336 3552 2687
3583 3583 2815 3563 3556 2694
3839 3583 2815 3795 3560 2693
4095 3583 2815 4030 3564 2688
0 3839 2815 1303 3770 2685
256 3839 2815 1333 3772 2688
512 3839 2815 1395 3774 2692
768 3839 2815 1501 3775 2696
1024 3839 2815 1652 3772 2703
1280 3839 2815 1819 3768 2710
1536 3839 2815 2008 3764 2719
1792 3839 2815 2201 3761 2728
2048 3839 2815 2395 3759 2738
2303 3839 2815 2573 3766 2736
2559 3839 2815 2750 3776 2724
2815 3839 2815 2922 3791 2696
3071 3839 2815 3135 3797 2690
3327 3839 2815 3360 3800 2690
3583 3839 2815 3588 3803 2691
3839 3839 2815 3816 3805 2691
4095 3839 2815 4045 3807 2690
0 4095 2815 1387 4004 2683
256 4095 2815 1405 4011 2686
512 4095 2815 1447 4020 2690
768 4095 2815 1523 4029 2694
1024 4095 2815 1643 4031 2695
1280 4095 2815 1780 4032 2695
1536 4095 2815 1946 4034 2695
1792 4095 2815 2126 4035 2695
2048 4095 2815 2315 4036 2695
2303 4095 2815 2519 4038 2695
2559 4095 2815 2727 4040 2695
2815 4095 2815 2942 4042 2695
3071 4095 2815 3162 4045 2695
3327 4095 2815 3384 4048 2694
3583 4095 2815 3610 4051 2694
3839 4095 2815 3835 4051 2692
4095 4095 2815 4059 4049 2689
0 0 3071 638 513 2891
256 0 3071 680 507 2896
512 0 3071 765 503 2901
768 0 3071 917 502 2904
1024 0 3071 1113 509 2905
1280 0 3071 1324 518 2905
1536 0 3071 1549 531 2905
1792 0 3071 1778 546 2905
2048 0 3071 2010 562 2905
2303 0 3071 2245 581 2905
2559 0 3071 2482 601 2905
2815 0 3071 2720 623 2905
3071 0 3071 2960 647 2905
3327 0 3071 3199 672 2905
3583 0 3071 3440 698 2905
3839 0 3071 3679 729 2903
4095 0 3071 3916 763 2901
0 256 3071 612 578 2900
256 256 3071 679 580 2886
512 256 3071 784 586 2868
768 256 3071 947 597 2845
1024 256 3071 1135 606 2847
1280 256 3071 1334 615 2855
1536 256 3071 1551 627 2863
1792 256 3071 1775 640 2870
2048 256 3071 2004 655 2877
2303 256 3071 2237 672 2882
2559 256 3071 2473 690 2887
2815 256 3071 2711 709 2890
3071 256 3071 2950 730 2893
3327 256 3071 3190 752 2896
3583 256 3071 3431 776 2898
3839 256 3071 3674 794 2900
4095 256 3071 3919 809 2902
0 512 3071 604 692 2906
256 512 3071 685 699 2881
512 512 3071 803 710 2847
768 512 3071 976 727 2801
1024 512 3071 1160 741 2786
1280 512 3071 1351 754 2783
1536 512 3071 1557 766 2799
1792 512 3071 1773 779 2815
2048 512 3071 1995 793 2831
2303 512 3071 2225 809 2844
2559 512 3071 2459 825 2855
2815 512 3071 2695 842 2865
3071 512 3071 2934 861 2873
3327 512 3071 3173 880 2879
3583 512 3071 3414 901 2885
3839 512 3071 3665 904 2893
4095 512 3071 3922 895 2904
0 768 3071 625 880 2906
256 768 3071 703 884 2883
512 768 3071 823 893 2844
768 768 3071 1004 908 2779
1024 768 3071 1191 931 2721
1280 768 3071 1379 954 2681
1536 768 3071 1569 969 2704
1792 768 3071 1772 984 2730
2048 768 3071 1983 999 2759
2303 768 3071 2207 1014 2783
2559 768 3071 2436 1030 2805
2815 768 3071 2669 1046 2823
3071 768 3071 2906 1062 2839
3327 768 3071 3145 1079 2852
3583 768 3071 3386 1097 2863
3839 768 3071 3649 1080 2881
4095 768 3071 3926 1038 2905
0 1024 3071 657 1099 2907
256 1024 3071 732 1101 2887
512 1024 3071 849 1106 2850
768 1024 3071 1029 1117 2788
1024 1024 3071 1218 1135 2723
1280 1024 3071 1408 1155 2672
1536 1024 3071 1592 1172 2683
1792 1024 3071 1787 1189 2700
2048 1024 3071 1989 1207 2720
2303 1024 3071 2202 1227 2739
2559 1024 3071 2421 1247 2760
2815 1024 3071 2648 1265 2783
3071 1024 3071 2880 1283 2804
3327 1024 3071 3115 1301 2823
3583 1024 3071 3354 1319 2839
3839 1024 3071 3629 1288 2868
4095 1024 3071 3930 1226 2906
0 1280 3071 694 1327 2907
256 1280 3071 765 1328 2891
512 1280 3071 878 1330 2859
768 1280 3071 1056 1335 2805
1024 1280 3071 1246 1348 2742
1280 1280 3071 1437 1362 2690
1536 1280 3071 1619 1378 2687
1792 1280 3071 1808 1396 2691
2048 1280 3071 2003 1417 2700
2303 1280 3071 2207 1441 2713
2559 1280 3071 2417 1464 2730
2815 1280 3071 2634 1486 2753
3071 1280 3071 2860 1507 2776
3327 1280 3071 3089 1527 2799
3583 1280 3071 3327 1543 2820
3839 1280 3071 3614 1505 2858
4095 1280 3071 3934 1429 2907
0 1536 3071 739 1565 2909
256 1536 3071 806 1565 2895
512 1536 3071 916 1566 2868
768 1536 3071 1089 1568 2822
1024 1536 3071 1280 1575 2767
1280 1536 3071 1472 1584 2720
1536 1536 3071 1654 1597 2712
1792 1536 3071 1842 1612 2714
2048 1536 3071 2034 1628 2725
2303 1536 3071 2237 1647 2738
2559 1536 3071 2443 1669 2750
2815 1536 3071 2650 1694 2760
3071 1536 3071 2864 1720 2774
3327 1536 3071 3085 1743 2792
3583 1536 3071 3328 1753 2821
3839 1536 3071 3618 1717 2861
4095 1536 3071 3940 1650 2908
0 1792 3071 791 1806 2910
256 1792 3071 853 1806 2899
512 1792 3071 958 1805 2877
768 1792 3071 1127 1805 2839
1024 1792 3071 1317 1808 2792
1280 1792 3071 1511 1813 2750
1536 1792 3071 1694 1823 2737
1792 1792 3071 1880 1835 2741
2048 1792 3071 2067 1848 2757
2303 1792 3071 2272 1862 2773
2559 1792 3071 2479 1879 2785
2815 1792 3071 2688 1900 2791
3071 1792 3071 2892 1928 2795
3327 1792 3071 3101 1955 2804
3583 1792 3071 3340 1965 2831
3839 1792 3071 3627 1935 2867
4095 1792 3071 3947 1878 2909
0 2048 3071 846 2049 2911
256 2048 3071 904 2049 2903
512 2048 3071 1004 2047 2886
768 2048 3071 1167 2046 2856
1024 2048 3071 1357 2045 2818
1280 2048 3071 1552 2047 2781
1536 2048 3071 1737 2054 2762
1792 2048 3071 1921 2063 2769
2048 2048 3071 2103 2073 2794
2303 2048 3071 2310 2082 2813
2559 2048 3071 2521 2092 2828
2815 2048 3071 2740 2103 2838
3071 2048 3071 2935 2132 2832
3327 2048 3071 3132 2163 2827
3583 2048 3071 3360 2178 2846
3839 2048 3071 3640 2157 2875
4095 2048 3071 3955 2111 2911
0 2303 3071 907 2294 2913
256 2303 3071 961 2293 2906
512 2303 3071 1056 2292 2894
768 2303 3071 1213 2289 2871
1024 2303 3071 1401 2287 2841
1280 2303 3071 1596 2286 2812
1536 2303 3071 1786 2290 2793
1792 2303 3071 1964 2298 2802
2048 2303 3071 2133 2309 2829
2303 2303 3071 2340 2317 2839
2559 2303 3071 2551 2326 2849
2815 2303 3071 2768 2335 2858
3071 2303 3071 2976 2353 2860
3327 2303 3071 3181 2375 2862
3583 2303 3071 3388 2399 2869
3839 2303 3071 3656 2386 2887
4095 2303 3071 3965 2349 2912
0 2559 3071 970 2540 2914
256 2559 3071 1020 2540 2910
512 2559 3071 1110 2538 2902
768 2559 3071 1261 2535 2885
1024 2559 3071 1447 2531 2864
1280 2559 3071 1642 2528 2842
1536 2559 3071 1836 2529 2825
1792 2559 3071 2012 2535 2832
2048 2559 3071 2176 2546 2854
2303 2559 3071 2373 2555 2865
2559 2559 3071 2578 2563 2874
2815 2559 3071 2796 2570 2882
3071 2559 3071 3014 2580 2887
3327 2559 3071 3227 2595 2892
3583 2559 3071 3419 2623 2892
3839 2559 3071 3676 2617 2900
4095 2559 3071 3976 2589 2915
0 2815 3071 1035 2788 2917
256 2815 3071 1082 2787 2914
512 2815 3071 1167 2785 2909
768 2815 3071 1312 2781 2898
1024 2815 3071 1495 2777 2884
1280 2815 3071 1689 2772 2870
1536 2815 3071 1887 2770 2858
1792 2815 3071 2068 2774 2858
2048 2815 3071 2237 2782 2866
2303 2815 3071 2410 2795 2888
2559 2815 3071 2602 2804 2904
2815 2815 3071 2822 2809 2911
3071 2815 3071 3049 2814 2913
3327 2815 3071 3269 2824 2914
3583 2815 3071 3452 2852 2916
3839 2815 3071 3699 2851 2917
4095 2815 3071 3989 2832 2917
0 3071 3071 1102 3036 2920
256 3071 3071 1147 3036 2918
512 3071 3071 1228 3033 2915
768 3071 3071 1366 3029 2909
1024 3071 3071 1545 3024 2902
1280 3071 3071 1737 3018 2894
1536 3071 3071 1937 3014 2888
1792 3071 3071 2124 3015 2888
2048 3071 3071 2303 3020 2892
2303 3071 3071 2453 3037 2905
2559 3071 3071 2630 3049 2915
2815 3071 3071 2846 3054 2919
3071 3071 3071 3073 3058 2920
3327 3071 3071 3296 3065 2922
3583 3071 3071 3494 3083 2930
3839 3071 3071 3735 3085 2928
4095 3071 3071 4003 3076 2920
0 3327 3071 1171 3285 2923
256 3327 3071 1213 3284 2923
512 3327 3071 1290 3282 2922
768 3327 3071 1422 3278 2920
1024 3327 3071 1596 3272 2918
1280 3327 3071 1785 3266 2916
1536 3327 3071 1987 3260 2916
1792 3327 3071 2181 3258 2918
2048 3327 3071 2369 3259 2922
2303 3327 3071 2506 3278 2923
2559 3327 3071 2669 3292 2924
2815 3327 3071 2871 3300 2923
3071 3327 3071 3093 3305 2923
3327 3327 3071 3319 3309 2925
3583 3327 3071 3536 3317 2938
3839 3327 3071 3771 3321 2935
4095 3327 3071 4018 3321 2923
0 3583 3071 1242 3534 2926
256 3583 3071 1281 3533 2926
512 3583 3071 1354 3531 2927
768 3583 3071 1480 3527 2928
1024 3583 3071 1649 3521 2931
1280 3583 3071 1835 3514 2934
1536 3583 3071 2037 3508 2940
1792 3583 3071 2235 3504 2947
2048 3583 3071 2429 3502 2955
2303 3583 3071 2586 3513 2956
2559 3583 3071 2745 3527 2949
2815 3583 3071 2904 3546 2930
3071 3583 3071 3116 3552 2926
3327 3583 3071 3342 3556 2927
3583 3583 3071 3567 3561 2930
3839 3583 3071 3799 3564 2930
4095 3583 3071 4034 3567 2927
0 3839 3071 1320 3774 2925
256 3839 3071 1351 3776 2926
512 3839 3071 1412 3777 2928
768 3839 3071 1516 3778 2931
1024 3839 3071 1666 3775 2935
1280 3839 3071 1831 3772 2939
1536 3839 3071 2019 3768 2943
1792 3839 3071 2211 3765 2949
2048 3839 3071 2405 3764 2955
2303 3839 3071 2584 3770 2956
2559 3839 3071 2760 3780 2950
2815 3839 3071 2929 3795 2933
3071 3839 3071 3141 3800 2930
3327 3839 3071 3365 3803 2930
3583 3839 3071 3593 3806 2929
3839 3839 3071 3822 3809 2929
4095 3839 3071 4051 3812 2929
0 4095 3071 1402 4009 2921
256 4095 3071 1422 4014 2923
512 4095 3071 1464 4021 2926
768 4095 3071 1539 4029 2930
1024 4095 3071 1657 4033 2933
1280 4095 3071 1793 4036 2934
1536 4095 3071 1957 4037 2934
1792 4095 3071 2136 4038 2934
2048 4095 3071 2324 4040 2934
2303 4095 3071 2527 4041 2934
2559 4095 3071 2735 4043 2934
2815 4095 3071 2949 4046 2934
3071 4095 3071 3168 4048 2934
3327 4095 3071 3390 4051 2934
3583 4095 3071 3615 4054 2934
3839 4095 3071 3841 4056 2932
4095 4095 3071 4067 4056 2930
0 0 3327 691 556 3129
256 0 3327 729 550 3134
512 0 3327 808 546 3140
768 0 3327 947 542 3146
1024 0 3327 1137 548 3147
1280 0 3327 1343 557 3148
1536 0 3327 1565 568 3148
1792 0 3327 1791 582 3147
2048 0 3327 2021 597 3147
2303 0 3327 2255 615 3147
2559 0 3327 2491 634 3147
2815 0 3327 2728 654 3147
3071 0 3327 2967 677 3147
3327 0 3327 3206 700 3147
3583 0 3327 3446 725 3147
3839 0 3327 3682 758 3144
4095 0 3327 3917 797 3139
0 256 3327 661 613 3141
256 256 3327 724 616 3128
512 256 3327 823 621 3112
768 256 3327 977 631 3091
1024 256 3327 1161 639 3092
1280 256 3327 1356 648 3098
1536 256 3327 1570 659 3105
1792 256 3327 1791 671 3112
2048 256 3327 2017 685 3118
2303 256 3327 2249 701 3123
2559 256 3327 2483 718 3127
2815 256 3327 2720 736 3131
3071 256 3327 2958 756 3134
3327 256 3327 3197 777 3137
3583 256 3327 3437 800 3138
3839 256 3327 3679 820 3140
4095 256 3327 3921 838 3142
0 512 3327 651 720 3148
256 512 3327 727 727 3125
512 512 3327 839 738 3093
768 512 3327 1006 754 3050
1024 512 3327 1187 767 3033
1280 512 3327 1376 780 3029
1536 512 3327 1579 791 3041
1792 512 3327 1792 804 3055
2048 512 3327 2012 817 3070
2303 512 3327 2240 832 3082
2559 512 3327 2471 848 3093
2815 512 3327 2706 865 3103
3071 512 3327 2943 883 3110
3327 512 3327 3182 902 3117
3583 512 3327 3422 922 3123
3839 512 3327 3671 925 3133
4095 512 3327 3926 918 3145
0 768 3327 670 902 3148
256 768 3327 743 906 3127
512 768 3327 858 914 3089
768 768 3327 1034 930 3027
1024 768 3327 1220 951 2971
1280 768 3327 1407 972 2931
1536 768 3327 1596 988 2947
1792 768 3327 1796 1002 2968
2048 768 3327 2005 1017 2993
2303 768 3327 2226 1032 3015
2559 768 3327 2452 1048 3036
2815 768 3327 2683 1063 3055
3071 768 3327 2918 1079 3071
3327 768 3327 3156 1096 3085
3583 768 3327 3395 1113 3097
3839 768 3327 3656 1096 3118
4095 768 3327 3931 1056 3147
0 1024 3327 699 1115 3149
256 1024 3327 770 1118 3130
512 1024 3327 883 1123 3094
768 1024 3327 1058 1134 3034
1024 1024 3327 1246 1152 2970
1280 1024 3327 1435 1171 2920
1536 1024 3327 1618 1187 2927
1792 1024 3327 1812 1203 2939
2048 1024 3327 2013 1220 2955
2303 1024 3327 2224 1241 2971
2559 1024 3327 2441 1260 2989
2815 1024 3327 2665 1279 3011
3071 1024 3327 2895 1297 3031
3327 1024 3327 3128 1315 3050
3583 1024 3327 3364 1333 3066
3839 1024 3327 3637 1303 3101
4095 1024 3327 3935 1240 3148
0 1280 3327 734 1340 3149
256 1280 3327 801 1341 3133
512 1280 3327 910 1344 3102
768 1280 3327 1083 1350 3048
1024 1280 3327 1272 1362 2985
1280 1280 3327 1462 1376 2933
1536 1280 3327 1644 1391 2929
1792 1280 3327 1833 1408 2931
2048 1280 3327 2028 1427 2936
2303 1280 3327 2230 1451 2942
2559 1280 3327 2438 1475 2955
2815 1280 3327 2654 1496 2976
3071 1280 3327 2877 1517 2997
3327 1280 3327 3104 1538 3019
3583 1280 3327 3339 1556 3041
3839 1280 3327 3623 1517 3087
4095 1280 3327 3939 1440 3149
0 1536 3327 777 1575 3150
256 1536 3327 841 1576 3136
512 1536 3327 946 1577 3109
768 1536 3327 1115 1580 3063
1024 1536 3327 1304 1588 3007
1280 1536 3327 1495 1597 2957
1536 1536 3327 1677 1610 2945
1792 1536 3327 1864 1624 2943
2048 1536 3327 2055 1640 2948
2303 1536 3327 2255 1661 2954
2559 1536 3327 2459 1682 2963
2815 1536 3327 2668 1706 2976
3071 1536 3327 2881 1730 2991
3327 1536 3327 3101 1753 3009
3583 1536 3327 3339 1765 3038
3839 1536 3327 3625 1729 3087
4095 1536 3327 3945 1660 3150
0 1792 3327 826 1815 3151
256 1792 3327 885 1815 3140
512 1792 3327 987 1815 3117
768 1792 3327 1151 1816 3078
1024 1792 3327 1339 1820 3028
1280 1792 3327 1532 1825 2982
1536 1792 3327 1716 1835 2963
1792 1792 3327 1901 1847 2958
2048 1792 3327 2089 1861 2963
2303 1792 3327 2286 1878 2971
2559 1792 3327 2486 1897 2979
2815 1792 3327 2691 1919 2988
3071 1792 3327 2900 1943 3001
3327 1792 3327 3116 1964 3017
3583 1792 3327 3350 1976 3044
3839 1792 3327 3634 1946 3091
4095 1792 3327 3952 1887 3151
0 2048 3327 878 2057 3152
256 2048 3327 934 2056 3144
512 2048 3327 1030 2056 3125
768 2048 3327 1189 2055 3093
1024 2048 3327 1378 2055 3050
1280 2048 3327 1572 2058 3008
1536 2048 3327 1758 2065 2982
1792 2048 3327 1942 2074 2976
2048 2048 3327 2126 2086 2981
2303 2048 3327 2320 2101 2989
2559 2048 3327 2518 2117 2998
2815 2048 3327 2721 2135 3009
3071 2048 3327 2930 2154 3022
3327 2048 3327 3143 2173 3038
3583 2048 3327 3368 2189 3058
3839 2048 3327 3646 2166 3098
4095 2048 3327 3960 2118 3152
0 2303 3327 936 2301 3154
256 2303 3327 988 2300 3147
512 2303 3327 1081 2299 3133
768 2303 3327 1234 2297 3107
1024 2303 3327 1420 2296 3072
1280 2303 3327 1614 2296 3037
1536 2303 3327 1804 2300 3011
1792 2303 3327 1989 2307 3004
2048 2303 3327 2169 2317 3009
2303 2303 3327 2361 2329 3018
2559 2303 3327 2557 2343 3029
2815 2303 3327 2760 2357 3042
3071 2303 3327 2973 2371 3059
3327 2303 3327 3188 2386 3074
3583 2303 3327 3395 2409 3079
3839 2303 3327 3663 2395 3108
4095 2303 3327 3970 2356 3154
0 2559 3327 997 2546 3156
256 2559 3327 1045 2546 3151
512 2559 3327 1134 2544 3140
768 2559 3327 1280 2542 3120
1024 2559 3327 1464 2539 3093
1280 2559 3327 1658 2537 3065
1536 2559 3327 1852 2538 3041
1792 2559 3327 2037 2543 3034
2048 2559 3327 2216 2551 3037
2303 2559 3327 2399 2562 3053
2559 2559 3327 2592 2573 3069
2815 2559 3327 2797 2584 3082
3071 2559 3327 3015 2593 3097
3327 2559 3327 3231 2605 3108
3583 2559 3327 3425 2633 3102
3839 2559 3327 3682 2625 3120
4095 2559 3327 3981 2595 3156
0 2815 3327 1060 2793 3158
256 2815 3327 1106 2793 3154
512 2815 3327 1189 2791 3147
768 2815 3327 1330 2788 3133
1024 2815 3327 1511 2784 3113
1280 2815 3327 1703 2780 3092
1536 2815 3327 1901 2778 3072
1792 2815 3327 2087 2781 3066
2048 2815 3327 2265 2787 3068
2303 2815 3327 2433 2800 3098
2559 2815 3327 2619 2810 3121
2815 2815 3327 2831 2816 3133
3071 2815 3327 3054 2822 3138
3327 2815 3327 3272 2832 3138
3583 2815 3327 3458 2860 3126
3839 2815 3327 3705 2859 3135
4095 2815 3327 3994 2837 3158
0 3071 3327 1126 3041 3160
256 3071 3327 1169 3040 3158
512 3071 3327 1249 3039 3153
768 3071 3327 1384 3035 3143
1024 3071 3327 1560 3030 3130
1280 3071 3327 1750 3025 3116
1536 3071 3327 1950 3022 3102
1792 3071 3327 2140 3022 3097
2048 3071 3327 2324 3026 3097
2303 3071 3327 2479 3040 3121
2559 3071 3327 2655 3051 3139
2815 3071 3327 2860 3058 3148
3071 3071 3327 3081 3064 3150
3327 3071 3327 3300 3071 3151
3583 3071 3327 3499 3090 3148
3839 3071 3327 3740 3092 3152
4095 3071 3327 4008 3081 3160
0 3327 3327 1193 3289 3163
256 3327 3327 1234 3289 3162
512 3327 3327 1310 3287 3159
768 3327 3327 1439 3283 3154
1024 3327 3327 1611 3278 3146
1280 3327 3327 1798 3272 3138
1536 3327 3327 1999 3267 3131
1792 3327 3327 2194 3265 3127
2048 3327 3327 2384 3265 3126
2303 3327 3327 2533 3280 3140
2559 3327 3327 2698 3293 3150
2815 3327 3327 2887 3303 3155
3071 3327 3327 3103 3309 3156
3327 3327 3327 3325 3314 3159
3583 3327 3327 3540 3323 3165
3839 3327 3327 3775 3326 3166
4095 3327 3327 4023 3326 3163
0 3583 3327 1262 3538 3166
256 3583 3327 1301 3537 3166
512 3583 3327 1373 3535 3165
768 3583 3327 1496 3532 3163
1024 3583 3327 1664 3526 3160
1280 3583 3327 1847 3520 3157
1536 3583 3327 2049 3514 3156
1792 3583 3327 2246 3510 3157
2048 3583 3327 2442 3508 3159
2303 3583 3327 2605 3517 3166
2559 3583 3327 2763 3530 3169
2815 3583 3327 2915 3549 3165
3071 3583 3327 3124 3556 3164
3327 3583 3327 3348 3560 3165
3583 3583 3327 3572 3565 3167
3839 3583 3327 3804 3569 3167
4095 3583 3327 4039 3571 3167
0 3839 3327 1338 3780 3165
256 3839 3327 1369 3780 3165
512 3839 3327 1429 3781 3166
768 3839 3327 1533 3781 3167
1024 3839 3327 1680 3779 3168
1280 3839 3327 1844 3777 3168
1536 3839 3327 2031 3773 3169
1792 3839 3327 2222 3770 3170
2048 3839 3327 2416 3769 3173
2303 3839 3327 2597 3774 3176
2559 3839 3327 2772 3783 3175
2815 3839 3327 2937 3798 3171
3071 3839 3327 3148 3804 3170
3327 3839 3327 3372 3807 3170
3583 3839 3327 3599 3810 3170
3839 3839 3327 3827 3814 3169
4095 3839 3327 4057 3817 3169
0 4095 3327 1416 4018 3161
256 4095 3327 1438 4020 3162
512 4095 3327 1481 4023 3164
768 4095 3327 1556 4030 3168
1024 4095 3327 1672 4035 3171
1280 4095 3327 1805 4039 3173
1536 4095 3327 1969 4040 3173
1792 4095 3327 2147 4041 3173
2048 4095 3327 2334 4043 3173
2303 4095 3327 2536 4045 3173
2559 4095 3327 2742 4047 3173
2815 4095 3327 2956 4049 3173
3071 4095 3327 3175 4052 3173
3327 4095 3327 3396 4054 3173
3583 4095 3327 3621 4058 3173
3839 4095 3327 3848 4060 3173
4095 4095 3327 4076 4063 3171
0 0 3583 743 598 3366
256 0 3583 779 593 3372
512 0 3583 851 588 3379
768 0 3583 980 583 3388
1024 0 3583 1163 588 3390
1280 0 3583 1364 596 3390
1536 0 3583 1582 607 3390
1792 0 3583 1806 619 3389
2048 0 3583 2034 633 3390
2303 0 3583 2267 650 3390
2559 0 3583 2501 667 3390
2815 0 3583 2737 687 3390
3071 0 3583 2975 708 3390
3327 0 3583 3213 731 3389
3583 0 3583 3453 754 3389
3839 0 3583 3686 790 3384
4095 0 3583 3916 833 3375
0 256 3583 711 650 3381
256 256 3583 769 653 3369
512 256 3583 862 657 3355
768 256 3583 1009 665 3338
1024 256 3583 1187 673 3337
1280 256 3583 1379 681 3341
1536 256 3583 1589 691 3348
1792 256 3583 1808 703 3354
2048 256 3583 2032 716 3359
2303 256 3583 2262 731 3364
2559 256 3583 2495 747 3368
2815 256 3583 2730 765 3372
3071 256 3583 2967 784 3375
3327 256 3583 3205 804 3378
3583 256 3583 3445 826 3380
3839 256 3583 3684 847 3381
4095 256 3583 3924 867 3381
0 512 3583 699 750 3390
256 512 3583 770 757 3368
512 512 3583 876 767 3339
768 512 3583 1037 782 3299
1024 512 3583 1214 794 3288
1280 512 3583 1399 804 3285
1536 512 3583 1601 815 3295
1792 512 3583 1812 828 3304
2048 512 3583 2030 841 3313
2303 512 3583 2256 857 3322
2559 512 3583 2485 873 3332
2815 512 3583 2718 889 3341
3071 512 3583 2954 906 3349
3327 512 3583 3191 925 3356
3583 512 3583 3430 944 3361
3839 512 3583 3678 948 3372
4095 512 3583 3931 941 3386
0 768 3583 716 925 3391
256 768 3583 785 929 3371
512 768 3583 895 937 3335
768 768 3583 1066 952 3276
1024 768 3583 1244 968 3241
1280 768 3583 1426 984 3220
1536 768 3583 1618 998 3226
1792 768 3583 1820 1014 3234
2048 768 3583 2028 1031 3243
2303 768 3583 2246 1049 3256
2559 768 3583 2469 1066 3271
2815 768 3583 2698 1082 3289
3071 768 3583 2932 1098 3305
3327 768 3583 3167 1114 3319
3583 768 3583 3406 1131 3331
3839 768 3583 3664 1115 3356
4095 768 3583 3936 1076 3389
0 1024 3583 743 1133 3391
256 1024 3583 810 1136 3373
512 1024 3583 918 1142 3339
768 1024 3583 1089 1153 3281
1024 1024 3583 1268 1166 3240
1280 1024 3583 1450 1180 3211
1536 1024 3583 1638 1194 3213
1792 1024 3583 1835 1209 3218
2048 1024 3583 2039 1226 3224
2303 1024 3583 2251 1246 3232
2559 1024 3583 2468 1265 3243
2815 1024 3583 2690 1285 3256
3071 1024 3583 2916 1306 3269
3327 1024 3583 3144 1327 3282
3583 1024 3583 3378 1347 3296
3839 1024 3583 3647 1318 3335
4095 1024 3583 3940 1256 3390
0 1280 3583 775 1354 3391
256 1280 3583 839 1355 3376
512 1280 3583 944 1359 3345
768 1280 3583 1112 1365 3293
1024 1280 3583 1292 1375 3249
1280 1280 3583 1475 1386 3216
1536 1280 3583 1660 1397 3216
1792 1280 3583 1854 1411 3217
2048 1280 3583 2055 1427 3219
2303 1280 3583 2262 1447 3222
2559 1280 3583 2474 1468 3227
2815 1280 3583 2689 1491 3235
3071 1280 3583 2907 1516 3243
3327 1280 3583 3128 1542 3252
3583 1280 3583 3355 1566 3266
3839 1280 3583 3633 1530 3317
4095 1280 3583 3945 1454 3391
0 1536 3583 816 1587 3392
256 1536 3583 877 1588 3379
512 1536 3583 978 1590 3352
768 1536 3583 1142 1593 3306
1024 1536 3583 1323 1600 3261
1280 1536 3583 1508 1608 3226
1536 1536 3583 1690 1618 3223
1792 1536 3583 1881 1629 3223
2048 1536 3583 2078 1643 3225
2303 1536 3583 2283 1660 3229
2559 1536 3583 2492 1678 3232
2815 1536 3583 2704 1699 3237
3071 1536 3583 2918 1724 3244
3327 1536 3583 3135 1748 3251
3583 1536 3583 3358 1772 3264
3839 1536 3583 3636 1740 3315
4095 1536 3583 3951 1671 3392
0 1792 3583 862 1825 3393
256 1792 3583 919 1825 3382
512 1792 3583 1017 1826 3359
768 1792 3583 1177 1827 3319
1024 1792 3583 1359 1831 3274
1280 1792 3583 1546 1837 3237
1536 1792 3583 1726 1845 3232
1792 1792 3583 1914 1854 3231
2048 1792 3583 2107 1866 3233
2303 1792 3583 2309 1880 3237
2559 1792 3583 2515 1897 3240
2815 1792 3583 2724 1915 3245
3071 1792 3583 2935 1937 3250
3327 1792 3583 3149 1960 3257
3583 1792 3583 3368 1983 3268
3839 1792 3583 3644 1956 3317
4095 1792 3583 3958 1896 3393
0 2048 3583 912 2065 3394
256 2048 3583 965 2065 3385
512 2048 3583 1059 2065 3366
768 2048 3583 1214 2064 3332
1024 2048 3583 1398 2066 3288
1280 2048 3583 1588 2069 3249
1536 2048 3583 1765 2075 3241
1792 2048 3583 1950 2084 3240
2048 2048 3583 2139 2093 3242
2303 2048 3583 2338 2106 3246
2559 2048 3583 2541 2120 3250
2815 2048 3583 2747 2136 3255
3071 2048 3583 2957 2155 3261
3327 2048 3583 3169 2175 3268
3583 2048 3583 3384 2197 3276
3839 2048 3583 3656 2176 3323
4095 2048 3583 3966 2127 3394
0 2303 3583 967 2308 3396
256 2303 3583 1018 2308 3388
512 2303 3583 1108 2307 3373
768 2303 3583 1257 2306 3345
1024 2303 3583 1440 2305 3307
1280 2303 3583 1630 2306 3271
1536 2303 3583 1812 2311 3257
1792 2303 3583 1995 2317 3253
2048 2303 3583 2180 2326 3255
2303 2303 3583 2375 2337 3260
2559 2303 3583 2575 2349 3265
2815 2303 3583 2779 2363 3270
3071 2303 3583 2988 2379 3278
3327 2303 3583 3198 2397 3285
3583 2303 3583 3406 2419 3290
3839 2303 3583 3672 2404 3331
4095 2303 3583 3976 2363 3396
0 2559 3583 1026 2553 3397
256 2559 3583 1073 2553 3392
512 2559 3583 1159 2552 3379
768 2559 3583 1302 2549 3357
1024 2559 3583 1484 2547 3326
1280 2559 3583 1674 2546 3294
1536 2559 3583 1861 2548 3275
1792 2559 3583 2044 2553 3268
2048 2559 3583 2225 2560 3270
2303 2559 3583 2415 2570 3277
2559 2559 3583 2611 2581 3283
2815 2559 3583 2813 2593 3289
3071 2559 3583 3021 2607 3297
3327 2559 3583 3229 2622 3303
3583 2559 3583 3432 2644 3306
3839 2559 3583 3691 2634 3341
4095 2559 3583 3987 2602 3397
0 2815 3583 1088 2799 3399
256 2815 3583 1132 2799 3395
512 2815 3583 1213 2797 3386
768 2815 3583 1351 2795 3369
1024 2815 3583 1529 2791 3344
1280 2815 3583 1719 2788 3318
1536 2815 3583 1915 2788 3294
1792 2815 3583 2100 2791 3286
2048 2815 3583 2276 2797 3287
2303 2815 3583 2459 2806 3298
2559 2815 3583 2649 2816 3307
2815 2815 3583 2850 2826 3313
3071 2815 3583 3057 2838 3319
3327 2815 3583 3263 2852 3323
3583 2815 3583 3462 2872 3326
3839 2815 3583 3713 2866 3354
4095 2815 3583 3999 2843 3399
0 3071 3583 1152 3046 3401
256 3071 3583 1193 3046 3398
512 3071 3583 1271 3044 3392
768 3071 3583 1403 3041 3379
1024 3071 3583 1578 3037 3361
1280 3071 3583 1765 3033 3341
1536 3071 3583 1964 3030 3321
1792 3071 3583 2154 3031 3311
2048 3071 3583 2338 3034 3308
2303 3071 3583 2512 3044 3318
2559 3071 3583 2696 3053 3326
2815 3071 3583 2891 3063 3333
3071 3071 3583 3095 3073 3340
3327 3071 3583 3300 3085 3346
3583 3071 3583 3505 3100 3355
3839 3071 3583 3747 3098 3374
4095 3071 3583 4013 3086 3401
0 3327 3583 1217 3294 3403
256 3327 3583 1257 3293 3402
512 3327 3583 1331 3292 3398
768 3327 3583 1457 3288 3389
1024 3327 3583 1627 3284 3377
1280 3327 3583 1812 3279 3363
1536 3327 3583 2013 3274 3349
1792 3327 3583 2208 3272 3339
2048 3327 3583 2400 3273 3332
2303 3327 3583 2569 3282 3339
2559 3327 3583 2744 3292 3347
2815 3327 3583 2926 3303 3355
3071 3327 3583 3127 3312 3362
3327 3327 3583 3335 3321 3371
3583 3327 3583 3549 3330 3384
3839 3327 3583 3782 3332 3395
4095 3327 3583 4028 3330 3404
0 3583 3583 1285 3542 3407
256 3583 3583 1322 3542 3406
512 3583 3583 1393 3540 3403
768 3583 3583 1514 3537 3398
1024 3583 3583 1680 3532 3391
1280 3583 3583 1861 3526 3383
1536 3583 3583 2061 3520 3375
1792 3583 3583 2259 3517 3369
2048 3583 3583 2456 3515 3366
2303 3583 3583 2628 3521 3371
2559 3583 3583 2789 3533 3379
2815 3583 3583 2933 3552 3391
3071 3583 3583 3136 3560 3395
3327 3583 3583 3356 3565 3397
3583 3583 3583 3579 3570 3401
3839 3583 3583 3810 3573 3404
4095 3583 3583 4045 3576 3407
0 3839 3583 1356 3788 3407
256 3839 3583 1387 3788 3407
512 3839 3583 1447 3788 3406
768 3839 3583 1550 3786 3405
1024 3839 3583 1695 3784 3402
1280 3839 3583 1858 3782 3399
1536 3839 3583 2044 3778 3396
1792 3839 3583 2234 3776 3393
2048 3839 3583 2428 3775 3392
2303 3839 3583 2612 3779 3395
2559 3839 3583 2786 3788 3400
2815 3839 3583 2946 3803 3408
3071 3839 3583 3156 3808 3410
3327 3839 3583 3379 3811 3410
3583 3839 3583 3605 3814 3410
3839 3839 3583 3834 3818 3410
4095 3839 3583 4063 3822 3409
0 4095 3583 1430 4031 3407
256 4095 3583 1452 4032 3407
512 4095 3583 1496 4034 3408
768 4095 3583 1571 4037 3410
1024 4095 3583 1687 4040 3412
1280 4095 3583 1819 4043 3413
1536 4095 3583 1982 4044 3413
1792 4095 3583 2159 4045 3413
2048 4095 3583 2345 4047 3413
2303 4095 3583 2546 4048 3413
2559 4095 3583 2752 4050 3413
2815 4095 3583 2964 4053 3413
3071 4095 3583 3182 4055 3413
3327 4095 3583 3403 4058 3413
3583 4095 3583 3627 4061 3413
3839 4095 3583 3854 4065 3412
4095 4095 3583 4082 4068 3412
0 0 3839 800 642 3601
256 0 3839 833 638 3607
512 0 3839 901 634 3613
768 0 3839 1024 631 3621
1024 0 3839 1200 636 3623
1280 0 3839 1393 643 3623
1536 0 3839 1606 654 3622
1792 0 3839 1825 665 3623
2048 0 3839 2049 676 3625
2303 0 3839 2279 693 3625
2559 0 3839 2511 710 3625
2815 0 3839 2745 730 3624
3071 0 3839 2980 751 3623
3327 0 3839 3217 773 3623
3583 0 3839 3455 795 3624
3839 0 3839 3687 829 3618
4095 0 3839 3915 871 3608
0 256 3839 774 691 3614
256 256 3839 819 691 3611
512 256 3839 900 693 3606
768 256 3839 1035 697 3597
1024 256 3839 1210 704 3597
1280 256 3839 1399 711 3598
1536 256 3839 1609 721 3602
1792 256 3839 1826 732 3606
2048 256 3839 2048 743 3610
2303 256 3839 2277 758 3613
2559 256 3839 2508 773 3616
2815 256 3839 2742 791 3618
3071 256 3839 2978 810 3619
3327 256 3839 3215 830 3620
3583 256 3839 3453 850 3622
3839 256 3839 3690 875 3620
4095 256 3839 3924 902 3616
0 512 3839 764 787 3623
256 512 3839 816 789 3614
512 512 3839 906 794 3599
768 512 3839 1051 803 3577
1024 512 3839 1225 811 3571
1280 512 3839 1411 819 3571
1536 512 3839 1615 829 3576
1792 512 3839 1829 840 3580
2048 512 3839 2048 853 3584
2303 512 3839 2274 867 3589
2559 512 3839 2504 881 3595
2815 512 3839 2737 897 3600
3071 512 3839 2972 914 3605
3327 512 3839 3209 931 3609
3583 512 3839 3447 950 3613
3839 512 3839 3688 963 3617
4095 512 3839 3931 973 3621
0 768 3839 779 953 3623
256 768 3839 831 954 3615
512 768 3839 923 959 3596
768 768 3839 1073 968 3562
1024 768 3839 1246 977 3547
1280 768 3839 1429 987 3538
1536 768 3839 1629 998 3539
1792 768 3839 1837 1011 3541
2048 768 3839 2050 1025 3542
2303 768 3839 2271 1041 3548
2559 768 3839 2496 1056 3556
2815 768 3839 2726 1071 3567
3071 768 3839 2960 1086 3577
3327 768 3839 3195 1101 3586
3583 768 3839 3433 1117 3593
3839 768 3839 3681 1116 3606
4095 768 3839 3935 1103 3623
0 1024 3839 797 1155 3628
256 1024 3839 850 1156 3619
512 1024 3839 942 1159 3600
768 1024 3839 1093 1166 3565
1024 1024 3839 1266 1175 3545
1280 1024 3839 1448 1183 3533
1536 1024 3839 1645 1193 3533
1792 1024 3839 1850 1205 3534
2048 1024 3839 2060 1217 3535
2303 1024 3839 2279 1233 3538
2559 1024 3839 2500 1248 3543
2815 1024 3839 2726 1264 3550
3071 1024 3839 2954 1282 3556
3327 1024 3839 3184 1301 3562
3583 1024 3839 3418 1319 3570
3839 1024 3839 3672 1308 3593
4095 1024 3839 3939 1279 3625
0 1280 3839 820 1369 3632
256 1280 3839 873 1370 3623
512 1280 3839 965 1373 3605
768 1280 3839 1115 1377 3572
1024 1280 3839 1288 1384 3550
1280 1280 3839 1469 1391 3535
1536 1280 3839 1663 1399 3535
1792 1280 3839 1865 1408 3536
2048 1280 3839 2074 1419 3537
2303 1280 3839 2290 1433 3537
2559 1280 3839 2509 1448 3539
2815 1280 3839 2730 1466 3540
3071 1280 3839 2953 1487 3541
3327 1280 3839 3178 1508 3544
3583 1280 3839 3407 1528 3551
3839 1280 3839 3666 1512 3581
4095 1280 3839 3945 1471 3626
0 1536 3839 862 1600 3631
256 1536 3839 910 1601 3624
512 1536 3839 998 1602 3609
768 1536 3839 1144 1605 3580
1024 1536 3839 1316 1610 3556
1280 1536 3839 1497 1615 3537
1536 1536 3839 1687 1622 3538
1792 1536 3839 1886 1630 3538
2048 1536 3839 2092 1639 3539
2303 1536 3839 2306 1651 3540
2559 1536 3839 2523 1664 3541
2815 1536 3839 2743 1679 3543
3071 1536 3839 2965 1697 3544
3327 1536 3839 3187 1716 3546
3583 1536 3839 3412 1738 3550
3839 1536 3839 3671 1723 3581
4095 1536 3839 3953 1684 3630
0 1792 3839 908 1836 3629
256 1792 3839 953 1836 3625
512 1792 3839 1036 1837 3612
768 1792 3839 1177 1838 3588
1024 1792 3839 1349 1841 3562
1280 1792 3839 1530 1845 3541
1536 1792 3839 1716 1851 3541
1792 1792 3839 1912 1858 3542
2048 1792 3839 2115 1866 3542
2303 1792 3839 2326 1876 3543
2559 1792 3839 2541 1887 3545
2815 1792 3839 2759 1900 3546
3071 1792 3839 2979 1916 3548
3327 1792 3839 3200 1933 3550
3583 1792 3839 3421 1953 3552
3839 1792 3839 3679 1941 3582
4095 1792 3839 3961 1907 3632
0 2048 3839 956 2074 3629
256 2048 3839 998 2074 3626
512 2048 3839 1077 2074 3617
768 2048 3839 1213 2075 3597
1024 2048 3839 1385 2077 3569
1280 2048 3839 1566 2079 3546
1536 2048 3839 1748 2084 3545
1792 2048 3839 1941 2090 3545
2048 2048 3839 2140 2097 3546
2303 2048 3839 2349 2106 3547
2559 2048 3839 2561 2115 3549
2815 2048 3839 2777 2127 3550
3071 2048 3839 2995 2141 3552
3327 2048 3839 3214 2156 3554
3583 2048 3839 3434 2174 3557
3839 2048 3839 3689 2164 3586
4095 2048 3839 3969 2135 3632
0 2303 3839 1009 2315 3630
256 2303 3839 1049 2316 3628
512 2303 3839 1125 2316 3621
768 2303 3839 1255 2316 3605
1024 2303 3839 1425 2316 3581
1280 2303 3839 1605 2318 3558
1536 2303 3839 1787 2321 3552
1792 2303 3839 1978 2326 3550
2048 2303 3839 2173 2332 3551
2303 2303 3839 2378 2340 3553
2559 2303 3839 2587 2349 3554
2815 2303 3839 2800 2359 3556
3071 2303 3839 3016 2372 3558
3327 2303 3839 3233 2385 3561
3583 2303 3839 3451 2402 3564
3839 2303 3839 3703 2394 3591
4095 2303 3839 3978 2370 3633
0 2559 3839 1065 2558 3631
256 2559 3839 1102 2559 3631
512 2559 3839 1175 2559 3625
768 2559 3839 1299 2559 3613
1024 2559 3839 1466 2558 3592
1280 2559 3839 1645 2558 3572
1536 2559 3839 1830 2560 3561
1792 2559 3839 2018 2565 3557
2048 2559 3839 2209 2570 3558
2303 2559 3839 2411 2577 3559
2559 2559 3839 2617 2585 3561
2815 2559 3839 2827 2594 3563
3071 2559 3839 3040 2605 3566
3327 2559 3839 3254 2618 3569
3583 2559 3839 3471 2632 3573
3839 2559 3839 3719 2626 3597
4095 2559 3839 3990 2608 3635
0 2815 3839 1124 2802 3632
256 2815 3839 1159 2803 3633
512 2815 3839 1228 2804 3629
768 2815 3839 1348 2803 3620
1024 2815 3839 1510 2802 3604
1280 2815 3839 1687 2801 3587
1536 2815 3839 1877 2801 3571
1792 2815 3839 2065 2804 3565
2048 2815 3839 2252 2809 3565
2303 2815 3839 2449 2815 3567
2559 2815 3839 2651 2822 3569
2815 2815 3839 2858 2831 3572
3071 2815 3839 3068 2841 3575
3327 2815 3839 3280 2852 3579
3583 2815 3839 3494 2865 3584
3839 2815 3839 3739 2862 3606
4095 2815 3839 4004 2849 3639
0 3071 3839 1186 3048 3634
256 3071 3839 1219 3049 3635
512 3071 3839 1285 3050 3634
768 3071 3839 1399 3050 3627
1024 3071 3839 1557 3048 3615
1280 3071 3839 1731 3046 3602
1536 3071 3839 1922 3045 3587
1792 3071 3839 2112 3046 3580
2048 3071 3839 2302 3049 3577
2303 3071 3839 2495 3055 3580
2559 3071 3839 2692 3061 3582
2815 3071 3839 2894 3069 3586
3071 3071 3839 3102 3078 3591
3327 3071 3839 3312 3088 3597
3583 3071 3839 3528 3098 3605
3839 3071 3839 3766 3098 3621
4095 3071 3839 4018 3091 3641
0 3327 3839 1249 3294 3636
256 3327 3839 1281 3296 3638
512 3327 3839 1343 3297 3638
768 3327 3839 1453 3296 3634
1024 3327 3839 1606 3294 3626
1280 3327 3839 1776 3292 3616
1536 3327 3839 1966 3289 3605
1792 3327 3839 2158 3289 3598
2048 3327 3839 2352 3290 3592
2303 3327 3839 2541 3295 3595
2559 3327 3839 2733 3301 3599
2815 3327 3839 2927 3310 3605
3071 3327 3839 3132 3318 3611
3327 3327 3839 3343 3325 3617
3583 3327 3839 3562 3332 3627
3839 3327 3839 3793 3335 3635
4095 3327 3839 4033 3334 3643
0 3583 3839 1315 3541 3639
256 3583 3839 1345 3543 3642
512 3583 3839 1405 3544 3642
768 3583 3839 1509 3544 3641
1024 3583 3839 1658 3542 3635
1280 3583 3839 1824 3539 3629
1536 3583 3839 2012 3536 3622
1792 3583 3839 2204 3534 3617
2048 3583 3839 2399 3533 3613
2303 3583 3839 2586 3538 3616
2559 3583 3839 2766 3546 3623
2815 3583 3839 2935 3559 3634
3071 3583 3839 3144 3565 3638
3327 3583 3839 3363 3569 3640
3583 3583 3839 3588 3574 3642
3839 3583 3839 3818 3577 3645
4095 3583 3839 4050 3580 3646
0 3839 3839 1384 3786 3640
256 3839 3839 1410 3788 3642
512 3839 3839 1463 3790 3644
768 3839 3839 1554 3792 3645
1024 3839 3839 1688 3792 3643
1280 3839 3839 1840 3790 3641
1536 3839 3839 2017 3789 3638
1792 3839 3839 2203 3788 3635
2048 3839 3839 2394 3788 3633
2303 3839 3839 2586 3791 3635
2559 3839 3839 2772 3797 3640
2815 3839 3839 2951 3808 3649
3071 3839 3839 3164 3812 3650
3327 3839 3839 3386 3815 3650
3583 3839 3839 3612 3819 3650
3839 3839 3839 3840 3822 3650
4095 3839 3839 4069 3826 3649
0 4095 3839 1456 4028 3638
256 4095 3839 1476 4031 3640
512 4095 3839 1518 4035 3643
768 4095 3839 1590 4041 3649
1024 4095 3839 1704 4043 3651
1280 4095 3839 1835 4045 3652
1536 4095 3839 1996 4047 3652
1792 4095 3839 2171 4048 3652
2048 4095 3839 2356 4049 3652
2303 4095 3839 2556 4051 3652
2559 4095 3839 2761 4053 3652
2815 4095 3839 2972 4056 3653
3071 4095 3839 3190 4059 3653
3327 4095 3839 3410 4062 3653
3583 4095 3839 3634 4065 3653
3839 4095 3839 3860 4069 3653
4095 4095 3839 4088 4072 3652
0 0 4095 861 687 3833
256 0 4095 890 683 3839
512 0 4095 956 682 3845
768 0 4095 1076 682 3849
1024 0 4095 1243 688 3850
1280 0 4095 1428 696 3849
1536 0 4095 1634 707 3849
1792 0 4095 1847 716 3852
2048 0 4095 2065 724 3857
2303 0 4095 2291 741 3856
2559 0 4095 2520 760 3855
2815 0 4095 2751 780 3853
3071 0 4095 2983 801 3852
3327 0 4095 3217 823 3851
3583 0 4095 3453 844 3853
3839 0 4095 3685 874 3848
4095 0 4095 3915 909 3840
0 256 4095 845 736 3843
256 256 4095 871 731 3852
512 256 4095 936 728 3860
768 256 4095 1059 728 3864
1024 256 4095 1230 733 3865
1280 256 4095 1418 739 3865
1536 256 4095 1627 748 3865
1792 256 4095 1844 758 3866
2048 256 4095 2065 768 3867
2303 256 4095 2293 782 3867
2559 256 4095 2523 797 3867
2815 256 4095 2756 815 3866
3071 256 4095 2990 834 3865
3327 256 4095 3225 854 3864
3583 256 4095 3463 873 3866
3839 256 4095 3695 903 3859
4095 256 4095 3922 940 3848
0 512 4095 842 828 3850
256 512 4095 866 823 3860
512 512 4095 930 819 3868
768 512 4095 1053 819 3874
1024 512 4095 1226 823 3875
1280 512 4095 1416 828 3875
1536 512 4095 1626 835 3875
1792 512 4095 1844 845 3874
2048 512 4095 2067 855 3873
2303 512 4095 2295 866 3874
2559 512 4095 2526 879 3874
2815 512 4095 2760 893 3874
3071 512 4095 2995 910 3873
3327 512 4095 3231 928 3873
3583 512 4095 3470 945 3874
3839 512 4095 3701 973 3866
4095 512 4095 3928 1009 3853
0 768 4095 855 985 3850
256 768 4095 881 981 3859
512 768 4095 945 979 3867
768 768 4095 1064 978 3874
1024 768 4095 1235 981 3875
1280 768 4095 1423 986 3875
1536 768 4095 1632 992 3875
1792 768 4095 1849 999 3875
2048 768 4095 2071 1007 3875
2303 768 4095 2299 1016 3875
2559 768 4095 2530 1027 3875
2815 768 4095 2763 1039 3875
3071 768 4095 2999 1052 3874
3327 768 4095 3235 1066 3874
3583 768 4095 3473 1082 3874
3839 768 4095 3703 1106 3866
4095 768 4095 3929 1136 3852
0 1024 4095 857 1178 3862
256 1024 4095 890 1177 3867
512 1024 4095 958 1176 3871
768 1024 4095 1080 1176 3875
1024 1024 4095 1249 1179 3876
1280 1024 4095 1435 1182 3876
1536 1024 4095 1643 1187 3875
1792 1024 4095 1858 1193 3875
2048 1024 4095 2079 1199 3875
2303 1024 4095 2306 1208 3875
2559 1024 4095 2536 1216 3875
2815 1024 4095 2769 1226 3875
3071 1024 4095 3004 1237 3875
3327 1024 4095 3239 1249 3875
3583 1024 4095 3477 1262 3875
3839 1024 4095 3708 1282 3867
4095 1024 4095 3934 1306 3854
0 1280 4095 865 1386 3873
256 1280 4095 903 1386 3875
512 1280 4095 976 1386 3876
768 1280 4095 1100 1388 3876
1024 1280 4095 1267 1390 3876
1280 1280 4095 1450 1393 3876
1536 1280 4095 1655 1397 3876
1792 1280 4095 1869 1402 3876
2048 1280 4095 2088 1407 3876
2303 1280 4095 2315 1413 3876
2559 1280 4095 2544 1421 3876
2815 1280 4095 2776 1429 3876
3071 1280 4095 3010 1438 3876
3327 1280 4095 3245 1447 3876
3583 1280 4095 3482 1458 3875
3839 1280 4095 3713 1473 3869
4095 1280 4095 3941 1491 3858
0 1536 4095 912 1614 3866
256 1536 4095 943 1614 3871
512 1536 4095 1009 1614 3875
768 1536 4095 1127 1616 3877
1024 1536 4095 1290 1618 3877
1280 1536 4095 1470 1620 3877
1536 1536 4095 1672 1623 3877
1792 1536 4095 1884 1627 3877
2048 1536 4095 2101 1632 3877
2303 1536 4095 2326 1637 3877
2559 1536 4095 2554 1643 3877
2815 1536 4095 2785 1650 3877
3071 1536 4095 3018 1658 3876
3327 1536 4095 3253 1666 3876
3583 1536 4095 3489 1675 3876
3839 1536 4095 3722 1686 3872
4095 1536 4095 3954 1699 3865
0 1792 4095 959 1847 3862
256 1792 4095 986 1847 3869
512 1792 4095 1047 1848 3874
768 1792 4095 1160 1849 3877
1024 1792 4095 1318 1851 3878
1280 1792 4095 1493 1853 3878
1536 1792 4095 1692 1855 3878
1792 1792 4095 1901 1859 3878
2048 1792 4095 2116 1863 3878
2303 1792 4095 2340 1867 3878
2559 1792 4095 2566 1872 3878
2815 1792 4095 2796 1878 3877
3071 1792 4095 3028 1885 3877
3327 1792 4095 3262 1892 3877
3583 1792 4095 3497 1900 3877
3839 1792 4095 3731 1909 3874
4095 1792 4095 3963 1918 3869
0 2048 4095 1008 2082 3858
256 2048 4095 1032 2083 3867
512 2048 4095 1088 2085 3874
768 2048 4095 1195 2086 3878
1024 2048 4095 1348 2087 3879
1280 2048 4095 1519 2089 3879
1536 2048 4095 1715 2092 3879
1792 2048 4095 1921 2094 3879
2048 2048 4095 2133 2098 3879
2303 2048 4095 2355 2102 3879
2559 2048 4095 2579 2106 3879
2815 2048 4095 2808 2111 3879
3071 2048 4095 3039 2117 3878
3327 2048 4095 3272 2123 3878
3583 2048 4095 3507 2130 3878
3839 2048 4095 3739 2137 3875
4095 2048 4095 3970 2144 3869
0 2303 4095 1058 2321 3859
256 2303 4095 1081 2323 3868
512 2303 4095 1135 2325 3875
768 2303 4095 1236 2327 3879
1024 2303 4095 1384 2328 3880
1280 2303 4095 1551 2330 3880
1536 2303 4095 1742 2332 3880
1792 2303 4095 1945 2334 3880
2048 2303 4095 2154 2337 3880
2303 2303 4095 2374 2341 3880
2559 2303 4095 2596 2345 3880
2815 2303 4095 2823 2349 3880
3071 2303 4095 3053 2354 3880
3327 2303 4095 3285 2359 3880
3583 2303 4095 3518 2365 3880
3839 2303 4095 3749 2371 3875
4095 2303 4095 3978 2377 3868
0 2559 4095 1110 2561 3860
256 2559 4095 1132 2564 3868
512 2559 4095 1184 2567 3876
768 2559 4095 1280 2569 3881
1024 2559 4095 1423 2571 3882
1280 2559 4095 1585 2572 3882
1536 2559 4095 1772 2574 3882
1792 2559 4095 1971 2576 3882
2048 2559 4095 2177 2579 3881
2303 2559 4095 2394 2582 3881
2559 2559 4095 2615 2586 3881
2815 2559 4095 2840 2589 3881
3071 2559 4095 3068 2594 3881
3327 2559 4095 3298 2599 3881
3583 2559 4095 3531 2604 3881
3839 2559 4095 3761 2609 3877
4095 2559 4095 3990 2613 3871
0 2815 4095 1167 2803 3861
256 2815 4095 1188 2807 3869
512 2815 4095 1237 2811 3876
768 2815 4095 1328 2814 3882
1024 2815 4095 1466 2815 3883
1280 2815 4095 1622 2816 3883
1536 2815 4095 1805 2818 3883
1792 2815 4095 2000 2820 3883
2048 2815 4095 2203 2822 3883
2303 2815 4095 2417 2825 3883
2559 2815 4095 2635 2828 3883
2815 2815 4095 2858 2832 3883
3071 2815 4095 3085 2836 3883
3327 2815 4095 3314 2840 3883
3583 2815 4095 3545 2845 3883
3839 2815 4095 3777 2850 3881
4095 2815 4095 4009 2854 3879
0 3071 4095 1226 3047 3862
256 3071 4095 1246 3051 3870
512 3071 4095 1293 3055 3878
768 3071 4095 1379 3059 3884
1024 3071 4095 1512 3061 3885
1280 3071 4095 1663 3062 3885
1536 3071 4095 1841 3064 3885
1792 3071 4095 2032 3066 3885
2048 3071 4095 2231 3068 3885
2303 3071 4095 2443 3070 3885
2559 3071 4095 2659 3073 3885
2815 3071 4095 2879 3076 3885
3071 3071 4095 3105 3080 3885
3327 3071 4095 3332 3084 3885
3583 3071 4095 3562 3088 3884
3839 3071 4095 3792 3092 3883
4095 3071 4095 4022 3095 3880
0 3327 4095 1286 3291 3864
256 3327 4095 1306 3296 3872
512 3327 4095 1351 3301 3879
768 3327 4095 1433 3306 3886
1024 3327 4095 1560 3307 3887
1280 3327 4095 1706 3308 3887
1536 3327 4095 1879 3310 3887
1792 3327 4095 2066 3312 3887
2048 3327 4095 2261 3313 3887
2303 3327 4095 2470 3316 3887
2559 3327 4095 2683 3318 3887
2815 3327 4095 2902 3321 3887
3071 3327 4095 3125 3325 3887
3327 3327 4095 3350 3328 3887
3583 3327 4095 3579 3332 3886
3839 3327 4095 3807 3335 3884
4095 3327 4095 4035 3337 3881
0 3583 4095 1350 3536 3867
256 3583 4095 1368 3542 3875
512 3583 4095 1411 3548 3882
768 3583 4095 1489 3553 3888
1024 3583 4095 1612 3555 3889
1280 3583 4095 1752 3556 3889
1536 3583 4095 1921 3557 3889
1792 3583 4095 2103 3559 3889
2048 3583 4095 2295 3560 3889
2303 3583 4095 2500 3562 3889
2559 3583 4095 2711 3565 3889
2815 3583 4095 2927 3567 3889
3071 3583 4095 3148 3570 3889
3327 3583 4095 3371 3574 3889
3583 3583 4095 3598 3577 3889
3839 3583 4095 3826 3580 3887
4095 3583 4095 4055 3583 3885
0 3839 4095 1418 3777 3865
256 3839 4095 1436 3783 3872
512 3839 4095 1476 3790 3879
768 3839 4095 1550 3798 3888
1024 3839 4095 1667 3800 3889
1280 3839 4095 1802 3801 3890
1536 3839 4095 1965 3803 3890
1792 3839 4095 2143 3805 3890
2048 3839 4095 2330 3806 3890
2303 3839 4095 2532 3808 3890
2559 3839 4095 2739 3811 3890
2815 3839 4095 2953 3814 3891
3071 3839 4095 3172 3816 3891
3327 3839 4095 3393 3819 3891
3583 3839 4095 3619 3823 3891
3839 3839 4095 3846 3826 3890
4095 3839 4095 4075 3830 3890
0 4095 4095 1490 4015 3860
256 4095 4095 1508 4020 3865
512 4095 4095 1546 4028 3873
768 4095 4095 1612 4041 3885
1024 4095 4095 1723 4045 3888
1280 4095 4095 1853 4046 3889
1536 4095 4095 2011 4049 3891
1792 4095 4095 2184 4051 3891
2048 4095 4095 2367 4051 3890
2303 4095 4095 2565 4053 3890
2559 4095 4095 2769 4056 3891
2815 4095 4095 2980 4060 3892
3071 4095 4095 3197 4062 3892
3327 4095 4095 3416 4065 3892
3583 4095 4095 3641 4069 3893
3839 4095 4095 3867 4073 3893
4095 4095 4095 4095 4077 3893
