0 0 0 0 0 0
256 0 0 221 66 48
512 0 0 441 133 95
768 0 0 662 200 143
1024 0 0 881 269 191
1280 0 0 1099 339 239
1536 0 0 1316 411 286
1792 0 0 1533 483 330
2048 0 0 1749 555 374
2303 0 0 1967 626 414
2559 0 0 2185 696 453
2815 0 0 2404 766 493
3071 0 0 2623 835 536
3327 0 0 2841 905 580
3583 0 0 3060 975 625
3839 0 0 3278 1044 670
4095 0 0 3497 1114 714
0 256 0 138 247 96
256 256 0 293 276 120
512 256 0 469 309 148
768 256 0 679 347 182
1024 256 0 893 393 221
1280 256 0 1108 443 262
1536 256 0 1323 501 305
1792 256 0 1537 562 348
2048 256 0 1751 626 391
2303 256 0 1964 694 432
2559 256 0 2179 761 473
2815 256 0 2396 827 513
3071 256 0 2615 892 555
3327 256 0 2834 957 598
3583 256 0 3053 1022 641
3839 256 0 3272 1089 685
4095 256 0 3491 1155 728
0 512 0 276 494 192
256 512 0 379 500 200
512 512 0 518 510 214
768 512 0 711 529 237
1024 512 0 917 557 268
1280 512 0 1126 591 301
1536 512 0 1337 634 339
1792 512 0 1548 684 378
2048 512 0 1759 737 418
2303 512 0 1968 799 460
2559 512 0 2179 860 502
2815 512 0 2393 921 544
3071 512 0 2609 983 587
3327 512 0 2825 1044 630
3583 512 0 3044 1106 672
3839 512 0 3264 1167 713
4095 512 0 3484 1227 753
0 768 0 414 741 288
256 768 0 487 744 293
512 768 0 599 751 302
768 768 0 767 762 317
1024 768 0 959 781 339
1280 768 0 1158 803 364
1536 768 0 1363 833 394
1792 768 0 1570 870 427
2048 768 0 1777 910 461
2303 768 0 1983 959 502
2559 768 0 2190 1011 545
2815 768 0 2397 1066 591
3071 768 0 2604 1126 639
3327 768 0 2813 1186 685
3583 768 0 3029 1242 725
3839 768 0 3251 1295 761
4095 768 0 3475 1346 794
0 1024 0 562 987 382
256 1024 0 617 989 386
512 1024 0 708 994 392
768 1024 0 852 1001 403
1024 1024 0 1027 1015 421
1280 1024 0 1212 1032 442
1536 1024 0 1408 1055 468
1792 1024 0 1607 1083 497
2048 1024 0 1809 1114 529
2303 1024 0 2011 1154 566
2559 1024 0 2215 1196 606
2815 1024 0 2419 1243 649
3071 1024 0 2623 1295 694
3327 1024 0 2828 1348 738
3583 1024 0 3038 1401 780
3839 1024 0 3259 1448 812
4095 1024 0 3487 1489 836
0 1280 0 712 1232 478
256 1280 0 753 1234 481
512 1280 0 827 1237 486
768 1280 0 948 1243 494
1024 1280 0 1106 1253 509
1280 1280 0 1275 1266 526
1536 1280 0 1461 1284 549
1792 1280 0 1653 1305 576
2048 1280 0 1848 1330 605
2303 1280 0 2046 1361 638
2559 1280 0 2247 1395 674
2815 1280 0 2449 1433 711
3071 1280 0 2651 1476 752
3327 1280 0 2854 1521 793
3583 1280 0 3058 1571 837
3839 1280 0 3276 1611 865
4095 1280 0 3505 1646 881
0 1536 0 863 1476 583
256 1536 0 897 1478 585
512 1536 0 958 1481 590
768 1536 0 1062 1485 597
1024 1536 0 1203 1494 609
1280 1536 0 1358 1504 624
1536 1536 0 1533 1519 643
1792 1536 0 1715 1537 665
2048 1536 0 1903 1557 690
2303 1536 0 2096 1583 719
2559 1536 0 2292 1611 750
2815 1536 0 2491 1643 783
3071 1536 0 2691 1679 820
3327 1536 0 2891 1717 857
3583 1536 0 3093 1760 897
3839 1536 0 3307 1796 923
4095 1536 0 3530 1829 938
0 1792 0 1011 1722 686
256 1792 0 1039 1723 688
512 1792 0 1092 1725 691
768 1792 0 1181 1729 697
1024 1792 0 1308 1736 708
1280 1792 0 1450 1745 720
1536 1792 0 1613 1757 736
1792 1792 0 1787 1772 755
2048 1792 0 1967 1788 776
2303 1792 0 2155 1810 802
2559 1792 0 2346 1833 829
2815 1792 0 2540 1860 859
3071 1792 0 2737 1891 891
3327 1792 0 2935 1923 925
3583 1792 0 3135 1960 962
3839 1792 0 3345 1993 986
4095 1792 0 3561 2024 1003
0 2048 0 1158 1967 787
256 2048 0 1182 1968 788
512 2048 0 1227 1970 791
768 2048 0 1305 1973 796
1024 2048 0 1418 1979 805
1280 2048 0 1547 1986 815
1536 2048 0 1701 1996 829
1792 2048 0 1865 2009 845
2048 2048 0 2037 2023 864
2303 2048 0 2219 2041 886
2559 2048 0 2405 2060 910
2815 2048 0 2595 2083 936
3071 2048 0 2789 2109 965
3327 2048 0 2984 2136 996
3583 2048 0 3182 2167 1029
3839 2048 0 3386 2198 1054
4095 2048 0 3595 2228 1073
0 2303 0 1302 2212 885
256 2303 0 1323 2213 886
512 2303 0 1363 2214 888
768 2303 0 1433 2217 893
1024 2303 0 1537 2223 901
1280 2303 0 1655 2229 910
1536 2303 0 1799 2237 922
1792 2303 0 1954 2248 936
2048 2303 0 2118 2260 953
2303 2303 0 2294 2276 973
2559 2303 0 2474 2293 994
2815 2303 0 2660 2312 1018
3071 2303 0 2850 2335 1044
3327 2303 0 3041 2359 1072
3583 2303 0 3236 2386 1102
3839 2303 0 3435 2415 1128
4095 2303 0 3637 2443 1152
0 2559 0 1447 2458 983
256 2559 0 1465 2459 984
512 2559 0 1501 2460 986
768 2559 0 1563 2463 990
1024 2559 0 1658 2467 997
1280 2559 0 1767 2472 1005
1536 2559 0 1901 2480 1016
1792 2559 0 2048 2489 1029
2048 2559 0 2203 2500 1043
2303 2559 0 2373 2513 1061
2559 2559 0 2548 2528 1080
2815 2559 0 2728 2545 1101
3071 2559 0 2914 2565 1125
3327 2559 0 3102 2586 1150
3583 2559 0 3293 2610 1178
3839 2559 0 3488 2635 1205
4095 2559 0 3684 2662 1231
0 2815 0 1592 2704 1081
256 2815 0 1608 2704 1082
512 2815 0 1640 2706 1084
768 2815 0 1696 2708 1088
1024 2815 0 1783 2712 1094
1280 2815 0 1883 2717 1101
1536 2815 0 2008 2723 1111
1792 2815 0 2147 2731 1122
2048 2815 0 2295 2741 1135
2303 2815 0 2458 2753 1151
2559 2815 0 2626 2766 1168
2815 2815 0 2801 2781 1188
3071 2815 0 2982 2798 1209
3327 2815 0 3166 2816 1232
3583 2815 0 3354 2838 1257
3839 2815 0 3545 2860 1283
4095 2815 0 3738 2885 1310
0 3071 0 1736 2950 1179
256 3071 0 1751 2950 1180
512 3071 0 1780 2951 1182
768 3071 0 1831 2953 1185
1024 3071 0 1911 2957 1191
1280 3071 0 2004 2961 1197
1536 3071 0 2121 2967 1206
1792 3071 0 2252 2975 1217
2048 3071 0 2392 2983 1228
2303 3071 0 2549 2993 1243
2559 3071 0 2711 3005 1259
2815 3071 0 2881 3018 1276
3071 3071 0 3057 3034 1296
3327 3071 0 3237 3051 1317
3583 3071 0 3421 3069 1340
3839 3071 0 3609 3090 1365
4095 3071 0 3798 3112 1390
0 3327 0 1881 3195 1278
256 3327 0 1895 3196 1279
512 3327 0 1921 3197 1280
768 3327 0 1968 3199 1283
1024 3327 0 2041 3202 1288
1280 3327 0 2127 3206 1294
1536 3327 0 2237 3211 1302
1792 3327 0 2360 3218 1311
2048 3327 0 2493 3225 1322
2303 3327 0 2643 3235 1335
2559 3327 0 2799 3245 1350
2815 3327 0 2963 3257 1366
3071 3327 0 3135 3271 1384
3327 3327 0 3310 3286 1403
3583 3327 0 3491 3303 1425
3839 3327 0 3675 3322 1448
4095 3327 0 3861 3341 1471
0 3583 0 2026 3441 1376
256 3583 0 2038 3442 1377
512 3583 0 2063 3443 1378
768 3583 0 2106 3445 1381
1024 3583 0 2174 3447 1386
1280 3583 0 2254 3451 1391
1536 3583 0 2357 3456 1398
1792 3583 0 2474 3462 1407
2048 3583 0 2600 3469 1417
2303 3583 0 2744 3477 1429
2559 3583 0 2893 3487 1442
2815 3583 0 3052 3498 1457
3071 3583 0 3218 3510 1474
3327 3583 0 3389 3524 1492
3583 3583 0 3565 3539 1512
3839 3583 0 3746 3556 1533
4095 3583 0 3928 3574 1555
0 3839 0 2145 3693 1442
256 3839 0 2156 3693 1443
512 3839 0 2179 3694 1444
768 3839 0 2219 3696 1446
1024 3839 0 2283 3699 1449
1280 3839 0 2358 3702 1452
1536 3839 0 2456 3707 1458
1792 3839 0 2567 3712 1464
2048 3839 0 2688 3718 1471
2303 3839 0 2827 3726 1480
2559 3839 0 2973 3735 1489
2815 3839 0 3127 3745 1499
3071 3839 0 3290 3756 1509
3327 3839 0 3458 3769 1520
3583 3839 0 3632 3783 1529
3839 3839 0 3809 3795 1535
4095 3839 0 3986 3806 1538
0 4095 0 2246 3948 1486
256 4095 0 2257 3949 1487
512 4095 0 2279 3950 1487
768 4095 0 2316 3951 1488
1024 4095 0 2376 3954 1489
1280 4095 0 2448 3957 1490
1536 4095 0 2541 3961 1493
1792 4095 0 2648 3967 1496
2048 4095 0 2765 3972 1498
2303 4095 0 2900 3980 1501
2559 4095 0 3042 3988 1504
2815 4095 0 3193 3997 1507
3071 4095 0 3355 4007 1508
3327 4095 0 3520 4018 1507
3583 4095 0 3694 4031 1501
3839 4095 0 3867 4037 1482
4095 4095 0 4038 4038 1453
0 0 256 0 48 244
256 0 256 220 93 260
512 0 256 440 145 280
768 0 256 660 208 305
1024 0 256 878 277 335
1280 0 256 1095 347 366
1536 0 256 1313 418 398
1792 0 256 1531 488 431
2048 0 256 1749 558 464
2303 0 256 1966 628 499
2559 0 256 2185 698 534
2815 0 256 2403 767 569
3071 0 256 2622 837 608
3327 0 256 2841 906 647
3583 0 256 3059 976 687
3839 0 256 3278 1045 727
4095 0 256 3497 1115 768
0 256 256 142 266 285
256 256 256 294 287 295
512 256 256 467 315 309
768 256 256 672 355 331
1024 256 256 881 405 360
1280 256 256 1092 459 391
1536 256 256 1308 516 421
1792 256 256 1525 575 452
2048 256 256 1743 636 485
2303 256 256 1959 700 518
2559 256 256 2177 764 553
2815 256 256 2395 828 588
3071 256 256 2615 893 625
3327 256 256 2834 958 663
3583 256 256 3053 1023 702
3839 256 256 3272 1090 741
4095 256 256 3491 1156 781
0 512 256 284 495 338
256 512 256 384 501 344
512 512 256 519 513 355
768 512 256 705 534 373
1024 512 256 902 568 398
1280 512 256 1105 608 426
1536 512 256 1317 652 454
1792 512 256 1530 701 484
2048 512 256 1744 752 515
2303 512 256 1957 809 550
2559 512 256 2172 867 585
2815 512 256 2388 926 620
3071 512 256 2606 986 657
3327 512 256 2824 1046 694
3583 512 256 3043 1107 731
3839 512 256 3263 1168 768
4095 512 256 3484 1228 805
0 768 256 428 740 409
256 768 256 500 742 415
512 768 256 607 749 424
768 768 256 768 763 437
1024 768 256 952 785 456
1280 768 256 1144 811 478
1536 768 256 1346 844 504
1792 768 256 1551 883 532
2048 768 256 1757 924 563
2303 768 256 1963 974 598
2559 768 256 2171 1025 635
2815 768 256 2381 1079 672
3071 768 256 2595 1134 709
3327 768 256 2810 1189 746
3583 768 256 3028 1244 781
3839 768 256 3250 1296 813
4095 768 256 3474 1347 844
0 1024 256 575 985 486
256 1024 256 631 986 493
512 1024 256 719 991 501
768 1024 256 857 1000 511
1024 1024 256 1025 1016 527
1280 1024 256 1205 1035 545
1536 1024 256 1397 1060 568
1792 1024 256 1594 1091 594
2048 1024 256 1793 1124 622
2303 1024 256 1995 1165 655
2559 1024 256 2198 1208 690
2815 1024 256 2404 1255 726
3071 1024 256 2611 1304 763
3327 1024 256 2820 1355 801
3583 1024 256 3031 1407 839
3839 1024 256 3255 1451 865
4095 1024 256 3486 1490 883
0 1280 256 722 1230 568
256 1280 256 766 1231 575
512 1280 256 839 1234 582
768 1280 256 956 1240 590
1024 1280 256 1109 1252 603
1280 1280 256 1274 1266 618
1536 1280 256 1457 1285 638
1792 1280 256 1645 1308 662
2048 1280 256 1838 1334 687
2303 1280 256 2036 1367 717
2559 1280 256 2235 1402 749
2815 1280 256 2436 1441 783
3071 1280 256 2639 1485 819
3327 1280 256 2842 1530 858
3583 1280 256 3045 1580 898
3839 1280 256 3268 1617 918
4095 1280 256 3505 1646 925
0 1536 256 870 1475 658
256 1536 256 906 1476 664
512 1536 256 969 1478 671
768 1536 256 1070 1483 678
1024 1536 256 1208 1492 689
1280 1536 256 1359 1503 702
1536 1536 256 1531 1519 719
1792 1536 256 1712 1538 740
2048 1536 256 1897 1559 762
2303 1536 256 2089 1586 789
2559 1536 256 2284 1615 817
2815 1536 256 2482 1648 848
3071 1536 256 2681 1684 881
3327 1536 256 2882 1723 916
3583 1536 256 3083 1766 954
3839 1536 256 3301 1800 972
4095 1536 256 3530 1829 979
0 1792 256 1017 1721 749
256 1792 256 1047 1721 755
512 1792 256 1101 1723 761
768 1792 256 1189 1727 767
1024 1792 256 1314 1734 777
1280 1792 256 1453 1743 788
1536 1792 256 1615 1756 803
1792 1792 256 1786 1772 821
2048 1792 256 1964 1789 840
2303 1792 256 2151 1811 864
2559 1792 256 2341 1836 889
2815 1792 256 2534 1863 917
3071 1792 256 2730 1894 947
3327 1792 256 2928 1927 979
3583 1792 256 3127 1964 1014
3839 1792 256 3339 1996 1032
4095 1792 256 3560 2025 1041
0 2048 256 1163 1966 842
256 2048 256 1189 1966 847
512 2048 256 1235 1968 852
768 2048 256 1312 1971 857
1024 2048 256 1424 1977 865
1280 2048 256 1552 1985 875
1536 2048 256 1703 1995 888
1792 2048 256 1866 2008 903
2048 2048 256 2036 2022 920
2303 2048 256 2217 2041 941
2559 2048 256 2402 2061 964
2815 2048 256 2591 2084 989
3071 2048 256 2784 2111 1016
3327 2048 256 2979 2139 1046
3583 2048 256 3175 2170 1077
3839 2048 256 3382 2200 1096
4095 2048 256 3594 2228 1107
0 2303 256 1308 2211 935
256 2303 256 1330 2211 939
512 2303 256 1371 2213 943
768 2303 256 1440 2216 947
1024 2303 256 1543 2221 955
1280 2303 256 1660 2227 963
1536 2303 256 1802 2236 975
1792 2303 256 1956 2247 989
2048 2303 256 2119 2260 1004
2303 2303 256 2294 2276 1023
2559 2303 256 2473 2293 1043
2815 2303 256 2657 2313 1066
3071 2303 256 2846 2336 1091
3327 2303 256 3037 2361 1118
3583 2303 256 3231 2389 1147
3839 2303 256 3432 2416 1168
4095 2303 256 3636 2444 1185
0 2559 256 1453 2456 1030
256 2559 256 1472 2457 1032
512 2559 256 1509 2458 1035
768 2559 256 1570 2461 1039
1024 2559 256 1664 2466 1045
1280 2559 256 1772 2471 1053
1536 2559 256 1904 2479 1063
1792 2559 256 2050 2488 1076
2048 2559 256 2205 2499 1090
2303 2559 256 2374 2513 1107
2559 2559 256 2547 2528 1125
2815 2559 256 2727 2545 1145
3071 2559 256 2911 2565 1168
3327 2559 256 3099 2587 1193
3583 2559 256 3290 2611 1219
3839 2559 256 3485 2636 1243
4095 2559 256 3683 2663 1264
0 2815 256 1599 2702 1125
256 2815 256 1615 2703 1126
512 2815 256 1647 2704 1128
768 2815 256 1703 2706 1132
1024 2815 256 1788 2710 1138
1280 2815 256 1888 2715 1144
1536 2815 256 2012 2722 1154
1792 2815 256 2150 2730 1165
2048 2815 256 2297 2740 1177
2303 2815 256 2459 2752 1193
2559 2815 256 2627 2765 1210
2815 2815 256 2801 2780 1228
3071 2815 256 2981 2798 1249
3327 2815 256 3164 2817 1271
3583 2815 256 3352 2838 1296
3839 2815 256 3543 2861 1320
4095 2815 256 3735 2886 1345
0 3071 256 1743 2948 1219
256 3071 256 1758 2949 1220
512 3071 256 1787 2950 1222
768 3071 256 1837 2952 1226
1024 3071 256 1917 2956 1231
1280 3071 256 2009 2960 1237
1536 3071 256 2125 2966 1246
1792 3071 256 2255 2973 1256
2048 3071 256 2395 2982 1267
2303 3071 256 2551 2993 1281
2559 3071 256 2712 3005 1297
2815 3071 256 2881 3018 1314
3071 3071 256 3057 3034 1333
3327 3071 256 3236 3051 1353
3583 3071 256 3420 3070 1376
3839 3071 256 3607 3091 1399
4095 3071 256 3796 3113 1424
0 3327 256 1887 3194 1314
256 3327 256 1901 3195 1315
512 3327 256 1927 3196 1317
768 3327 256 1973 3198 1320
1024 3327 256 2046 3201 1325
1280 3327 256 2132 3205 1330
1536 3327 256 2241 3210 1338
1792 3327 256 2364 3217 1347
2048 3327 256 2496 3224 1358
2303 3327 256 2646 3234 1371
2559 3327 256 2801 3245 1385
2815 3327 256 2964 3257 1400
3071 3327 256 3135 3271 1418
3327 3327 256 3310 3286 1437
3583 3327 256 3490 3303 1458
3839 3327 256 3673 3322 1480
4095 3327 256 3859 3342 1503
0 3583 256 2032 3440 1410
256 3583 256 2044 3441 1411
512 3583 256 2068 3442 1412
768 3583 256 2111 3443 1415
1024 3583 256 2179 3446 1419
1280 3583 256 2258 3450 1424
1536 3583 256 2361 3455 1432
1792 3583 256 2477 3461 1440
2048 3583 256 2603 3468 1450
2303 3583 256 2746 3476 1462
2559 3583 256 2895 3486 1475
2815 3583 256 3053 3497 1489
3071 3583 256 3219 3510 1506
3327 3583 256 3389 3524 1523
3583 3583 256 3565 3539 1542
3839 3583 256 3745 3556 1563
4095 3583 256 3927 3574 1585
0 3839 256 2148 3692 1471
256 3839 256 2159 3693 1472
512 3839 256 2182 3694 1473
768 3839 256 2222 3695 1475
1024 3839 256 2286 3698 1478
1280 3839 256 2361 3701 1481
1536 3839 256 2458 3706 1487
1792 3839 256 2569 3712 1493
2048 3839 256 2690 3718 1500
2303 3839 256 2829 3726 1508
2559 3839 256 2974 3735 1517
2815 3839 256 3128 3745 1527
3071 3839 256 3291 3756 1537
3327 3839 256 3458 3768 1547
3583 3839 256 3632 3782 1557
3839 3839 256 3808 3795 1562
4095 3839 256 3985 3806 1565
0 4095 256 2246 3948 1509
256 4095 256 2257 3949 1510
512 4095 256 2278 3950 1510
768 4095 256 2316 3951 1511
1024 4095 256 2376 3954 1512
1280 4095 256 2447 3957 1513
1536 4095 256 2541 3962 1516
1792 4095 256 2648 3967 1519
2048 4095 256 2765 3973 1521
2303 4095 256 2900 3980 1524
2559 4095 256 3042 3988 1527
2815 4095 256 3193 3997 1530
3071 4095 256 3354 4007 1530
3327 4095 256 3520 4018 1529
3583 4095 256 3694 4031 1523
3839 4095 256 3866 4037 1504
4095 4095 256 4037 4038 1476
0 0 512 15 104 490
256 0 512 225 125 485
512 0 512 439 161 485
768 0 512 659 220 495
1024 0 512 876 287 511
1280 0 512 1092 357 529
1536 0 512 1311 425 551
1792 0 512 1529 493 574
2048 0 512 1748 562 599
2303 0 512 1965 631 627
2559 0 512 2184 700 657
2815 0 512 2403 769 688
3071 0 512 2621 839 720
3327 0 512 2840 908 754
3583 0 512 3059 978 788
3839 0 512 3277 1047 824
4095 0 512 3496 1116 860
0 256 512 148 290 493
256 256 512 297 303 489
512 256 512 467 326 492
768 256 512 668 365 506
1024 256 512 873 417 527
1280 256 512 1082 472 549
1536 256 512 1299 528 571
1792 256 512 1518 586 594
2048 256 512 1737 645 618
2303 256 512 1956 706 646
2559 256 512 2175 768 674
2815 256 512 2395 831 704
3071 256 512 2614 895 735
3327 256 512 2833 960 768
3583 256 512 3052 1025 802
3839 256 512 3271 1091 836
4095 256 512 3490 1158 872
0 512 512 287 499 513
256 512 512 388 505 512
512 512 512 520 518 518
768 512 512 700 542 533
1024 512 512 894 578 554
1280 512 512 1095 620 577
1536 512 512 1306 665 599
1792 512 512 1519 713 623
2048 512 512 1734 763 648
2303 512 512 1949 818 676
2559 512 512 2167 873 704
2815 512 512 2384 931 734
3071 512 512 2603 989 764
3327 512 512 2823 1048 795
3583 512 512 3042 1109 828
3839 512 512 3262 1169 860
4095 512 512 3483 1230 893
0 768 512 435 741 560
256 768 512 507 744 565
512 768 512 612 751 573
768 768 512 767 765 584
1024 768 512 950 788 599
1280 768 512 1142 815 617
1536 768 512 1339 851 640
1792 768 512 1539 892 666
2048 768 512 1741 937 695
2303 768 512 1948 986 725
2559 768 512 2158 1036 755
2815 768 512 2371 1088 785
3071 768 512 2589 1140 814
3327 768 512 2807 1192 843
3583 768 512 3026 1246 873
3839 768 512 3249 1298 901
4095 768 512 3474 1348 929
0 1024 512 581 985 623
256 1024 512 638 986 630
512 1024 512 725 991 637
768 1024 512 855 1002 642
1024 1024 512 1023 1018 654
1280 1024 512 1204 1037 668
1536 1024 512 1393 1064 690
1792 1024 512 1587 1096 715
2048 1024 512 1783 1132 742
2303 1024 512 1984 1173 772
2559 1024 512 2187 1217 802
2815 1024 512 2393 1263 834
3071 1024 512 2602 1312 866
3327 1024 512 2813 1361 898
3583 1024 512 3025 1412 931
3839 1024 512 3251 1455 951
4095 1024 512 3485 1491 964
0 1280 512 727 1230 690
256 1280 512 773 1230 699
512 1280 512 844 1234 705
768 1280 512 954 1242 706
1024 1280 512 1106 1254 716
1280 1280 512 1273 1267 728
1536 1280 512 1456 1286 747
1792 1280 512 1643 1310 770
2048 1280 512 1834 1337 795
2303 1280 512 2030 1371 823
2559 1280 512 2227 1407 853
2815 1280 512 2426 1448 885
3071 1280 512 2627 1493 919
3327 1280 512 2829 1539 954
3583 1280 512 3034 1588 990
3839 1280 512 3262 1623 1003
4095 1280 512 3504 1647 1002
0 1536 512 873 1475 766
256 1536 512 911 1475 775
512 1536 512 974 1477 782
768 1536 512 1073 1483 788
1024 1536 512 1209 1493 797
1280 1536 512 1359 1504 807
1536 1536 512 1530 1520 824
1792 1536 512 1709 1539 843
2048 1536 512 1893 1561 864
2303 1536 512 2083 1589 889
2559 1536 512 2277 1619 915
2815 1536 512 2472 1653 944
3071 1536 512 2671 1690 975
3327 1536 512 2871 1730 1008
3583 1536 512 3072 1773 1042
3839 1536 512 3294 1805 1054
4095 1536 512 3530 1830 1052
0 1792 512 1019 1721 846
256 1792 512 1052 1720 854
512 1792 512 1106 1722 862
768 1792 512 1195 1726 869
1024 1792 512 1317 1734 878
1280 1792 512 1455 1743 888
1536 1792 512 1615 1756 902
1792 1792 512 1784 1772 918
2048 1792 512 1961 1790 937
2303 1792 512 2146 1813 959
2559 1792 512 2334 1839 982
2815 1792 512 2526 1867 1008
3071 1792 512 2722 1899 1037
3327 1792 512 2918 1933 1066
3583 1792 512 3117 1970 1098
3839 1792 512 3333 2000 1110
4095 1792 512 3560 2025 1109
0 2048 512 1165 1966 929
256 2048 512 1193 1966 936
512 2048 512 1241 1967 943
768 2048 512 1319 1970 951
1024 2048 512 1430 1976 959
1280 2048 512 1556 1984 968
1536 2048 512 1705 1995 981
1792 2048 512 1866 2008 995
2048 2048 512 2035 2023 1011
2303 2048 512 2214 2042 1031
2559 2048 512 2397 2063 1052
2815 2048 512 2585 2087 1075
3071 2048 512 2777 2114 1101
3327 2048 512 2970 2143 1129
3583 2048 512 3166 2175 1158
3839 2048 512 3376 2203 1171
4095 2048 512 3594 2229 1171
0 2303 512 1310 2211 1015
256 2303 512 1334 2211 1021
512 2303 512 1377 2212 1027
768 2303 512 1447 2214 1034
1024 2303 512 1549 2219 1042
1280 2303 512 1666 2226 1051
1536 2303 512 1806 2235 1062
1792 2303 512 1958 2247 1075
2048 2303 512 2119 2259 1089
2303 2303 512 2292 2276 1107
2559 2303 512 2470 2294 1126
2815 2303 512 2653 2315 1148
3071 2303 512 2841 2338 1171
3327 2303 512 3031 2364 1196
3583 2303 512 3224 2392 1224
3839 2303 512 3426 2419 1239
4095 2303 512 3635 2444 1245
0 2559 512 1456 2456 1104
256 2559 512 1477 2456 1107
512 2559 512 1514 2457 1112
768 2559 512 1578 2459 1119
1024 2559 512 1671 2464 1127
1280 2559 512 1778 2469 1135
1536 2559 512 1909 2477 1145
1792 2559 512 2054 2487 1156
2048 2559 512 2207 2498 1169
2303 2559 512 2374 2512 1186
2559 2559 512 2546 2528 1203
2815 2559 512 2724 2546 1222
3071 2559 512 2908 2566 1244
3327 2559 512 3094 2588 1267
3583 2559 512 3284 2613 1292
3839 2559 512 3480 2638 1310
4095 2559 512 3681 2663 1321
0 2815 512 1602 2702 1193
256 2815 512 1620 2702 1196
512 2815 512 1653 2703 1200
768 2815 512 1710 2705 1206
1024 2815 512 1796 2708 1213
1280 2815 512 1895 2713 1221
1536 2815 512 2018 2720 1230
1792 2815 512 2154 2729 1240
2048 2815 512 2300 2739 1252
2303 2815 512 2461 2751 1267
2559 2815 512 2627 2765 1283
2815 2815 512 2800 2780 1300
3071 2815 512 2979 2799 1320
3327 2815 512 3161 2818 1341
3583 2815 512 3348 2840 1365
3839 2815 512 3539 2863 1385
4095 2815 512 3733 2887 1403
0 3071 512 1747 2947 1283
256 3071 512 1762 2948 1285
512 3071 512 1793 2949 1289
768 3071 512 1845 2950 1295
1024 3071 512 1925 2954 1302
1280 3071 512 2017 2958 1308
1536 3071 512 2132 2964 1316
1792 3071 512 2261 2972 1326
2048 3071 512 2399 2980 1337
2303 3071 512 2553 2992 1350
2559 3071 512 2714 3004 1365
2815 3071 512 2881 3018 1381
3071 3071 512 3056 3034 1400
3327 3071 512 3234 3051 1419
3583 3071 512 3417 3071 1441
3839 3071 512 3604 3092 1462
4095 3071 512 3793 3114 1482
0 3327 512 1891 3193 1374
256 3327 512 1905 3194 1376
512 3327 512 1933 3194 1379
768 3327 512 1981 3196 1385
1024 3327 512 2055 3199 1391
1280 3327 512 2140 3203 1397
1536 3327 512 2248 3208 1404
1792 3327 512 2369 3215 1413
2048 3327 512 2501 3223 1423
2303 3327 512 2649 3233 1435
2559 3327 512 2803 3244 1449
2815 3327 512 2965 3256 1464
3071 3327 512 3135 3270 1481
3327 3327 512 3309 3286 1499
3583 3327 512 3488 3303 1519
3839 3327 512 3671 3322 1540
4095 3327 512 3856 3343 1562
0 3583 512 2036 3439 1466
256 3583 512 2049 3440 1467
512 3583 512 2074 3440 1471
768 3583 512 2119 3441 1476
1024 3583 512 2187 3444 1481
1280 3583 512 2266 3448 1487
1536 3583 512 2368 3453 1493
1792 3583 512 2483 3459 1502
2048 3583 512 2608 3466 1511
2303 3583 512 2750 3475 1522
2559 3583 512 2898 3485 1535
2815 3583 512 3055 3496 1549
3071 3583 512 3220 3509 1565
3327 3583 512 3389 3523 1582
3583 3583 512 3564 3539 1600
3839 3583 512 3743 3556 1620
4095 3583 512 3925 3575 1641
0 3839 512 2151 3692 1522
256 3839 512 2162 3692 1523
512 3839 512 2186 3693 1525
768 3839 512 2227 3694 1529
1024 3839 512 2291 3697 1532
1280 3839 512 2365 3700 1536
1536 3839 512 2462 3705 1541
1792 3839 512 2573 3711 1547
2048 3839 512 2693 3717 1553
2303 3839 512 2831 3725 1561
2559 3839 512 2976 3734 1570
2815 3839 512 3129 3744 1580
3071 3839 512 3291 3756 1589
3327 3839 512 3458 3768 1599
3583 3839 512 3632 3782 1608
3839 3839 512 3808 3795 1613
4095 3839 512 3984 3806 1615
0 4095 512 2245 3949 1554
256 4095 512 2256 3949 1554
512 4095 512 2277 3950 1555
768 4095 512 2315 3952 1556
1024 4095 512 2375 3954 1557
1280 4095 512 2447 3958 1558
1536 4095 512 2540 3962 1560
1792 4095 512 2647 3967 1563
2048 4095 512 2764 3973 1565
2303 4095 512 2899 3980 1568
2559 4095 512 3041 3988 1571
2815 4095 512 3193 3997 1574
3071 4095 512 3354 4008 1574
3327 4095 512 3520 4019 1573
3583 4095 512 3694 4031 1567
3839 4095 512 3866 4037 1548
4095 4095 512 4037 4038 1520
0 0 768 52 172 739
256 0 768 240 167 727
512 0 768 440 185 721
768 0 768 660 236 727
1024 0 768 876 300 736
1280 0 768 1092 367 747
1536 0 768 1311 433 763
1792 0 768 1529 500 780
2048 0 768 1747 568 799
2303 0 768 1965 636 821
2559 0 768 2183 705 844
2815 0 768 2402 773 868
3071 0 768 2621 842 894
3327 0 768 2839 911 920
3583 0 768 3058 981 949
3839 0 768 3277 1050 978
4095 0 768 3495 1119 1008
0 256 768 158 322 729
256 256 768 304 325 712
512 256 768 470 342 706
768 256 768 667 379 718
1024 256 768 872 428 734
1280 256 768 1082 481 752
1536 256 768 1299 535 772
1792 256 768 1517 592 792
2048 256 768 1736 650 812
2303 256 768 1955 710 834
2559 256 768 2174 772 857
2815 256 768 2394 835 880
3071 256 768 2613 898 906
3327 256 768 2832 963 932
3583 256 768 3051 1028 960
3839 256 768 3271 1094 989
4095 256 768 3490 1160 1018
0 512 768 281 508 733
256 512 768 390 514 718
512 512 768 524 528 715
768 512 768 698 553 729
1024 512 768 895 587 747
1280 512 768 1099 625 766
1536 512 768 1308 669 788
1792 512 768 1518 718 811
2048 512 768 1731 769 835
2303 512 768 1947 823 857
2559 512 768 2164 878 880
2815 512 768 2383 934 904
3071 512 768 2602 992 929
3327 512 768 2822 1051 955
3583 512 768 3041 1112 982
3839 512 768 3261 1172 1009
4095 512 768 3482 1232 1036
0 768 768 432 747 759
256 768 768 507 749 758
512 768 768 613 757 761
768 768 768 765 772 771
1024 768 768 957 790 780
1280 768 768 1156 813 792
1536 768 768 1346 851 816
1792 768 768 1538 896 843
2048 768 768 1733 945 872
2303 768 768 1941 993 897
2559 768 768 2153 1042 921
2815 768 768 2369 1092 945
3071 768 768 2587 1143 969
3327 768 768 2806 1195 994
3583 768 768 3025 1248 1020
3839 768 768 3248 1300 1044
4095 768 768 3473 1350 1067
0 1024 768 579 989 807
256 1024 768 637 990 810
512 1024 768 721 996 811
768 1024 768 845 1009 808
1024 1024 768 1021 1022 813
1280 1024 768 1211 1038 823
1536 1024 768 1399 1064 846
1792 1024 768 1590 1098 873
2048 1024 768 1781 1136 903
2303 1024 768 1981 1178 930
2559 1024 768 2183 1221 958
2815 1024 768 2387 1269 988
3071 1024 768 2596 1317 1017
3327 1024 768 2806 1367 1045
3583 1024 768 3020 1417 1072
3839 1024 768 3248 1458 1088
4095 1024 768 3485 1493 1097
0 1280 768 725 1233 862
256 1280 768 771 1233 868
512 1280 768 838 1238 867
768 1280 768 937 1250 854
1024 1280 768 1095 1260 857
1280 1280 768 1271 1272 866
1536 1280 768 1459 1288 887
1792 1280 768 1649 1310 913
2048 1280 768 1838 1337 940
2303 1280 768 2031 1372 969
2559 1280 768 2225 1410 1000
2815 1280 768 2417 1454 1034
3071 1280 768 2616 1501 1067
3327 1280 768 2817 1548 1099
3583 1280 768 3025 1595 1127
3839 1280 768 3256 1627 1136
4095 1280 768 3504 1648 1130
0 1536 768 871 1477 925
256 1536 768 909 1477 932
512 1536 768 971 1480 937
768 1536 768 1068 1486 940
1024 1536 768 1205 1496 945
1280 1536 768 1356 1507 953
1536 1536 768 1529 1522 970
1792 1536 768 1707 1541 990
2048 1536 768 1890 1563 1012
2303 1536 768 2079 1592 1036
2559 1536 768 2270 1623 1061
2815 1536 768 2463 1659 1089
3071 1536 768 2660 1698 1118
3327 1536 768 2858 1738 1148
3583 1536 768 3060 1781 1178
3839 1536 768 3286 1811 1183
4095 1536 768 3529 1831 1173
0 1792 768 1017 1722 993
256 1792 768 1050 1722 1000
512 1792 768 1106 1723 1008
768 1792 768 1197 1726 1019
1024 1792 768 1319 1734 1027
1280 1792 768 1454 1744 1034
1536 1792 768 1613 1757 1049
1792 1792 768 1781 1774 1065
2048 1792 768 1956 1793 1083
2303 1792 768 2139 1816 1104
2559 1792 768 2326 1843 1126
2815 1792 768 2517 1872 1150
3071 1792 768 2710 1905 1176
3327 1792 768 2906 1940 1203
3583 1792 768 3104 1978 1232
3839 1792 768 3324 2006 1236
4095 1792 768 3559 2027 1223
0 2048 768 1163 1967 1064
256 2048 768 1191 1967 1070
512 2048 768 1241 1967 1079
768 2048 768 1325 1969 1094
1024 2048 768 1436 1975 1104
1280 2048 768 1560 1983 1113
1536 2048 768 1707 1994 1125
1792 2048 768 1865 2008 1139
2048 2048 768 2032 2024 1154
2303 2048 768 2209 2044 1172
2559 2048 768 2390 2066 1192
2815 2048 768 2576 2090 1213
3071 2048 768 2766 2119 1237
3327 2048 768 2958 2149 1262
3583 2048 768 3153 2182 1289
3839 2048 768 3367 2208 1291
4095 2048 768 3593 2230 1278
0 2303 768 1309 2212 1140
256 2303 768 1333 2211 1146
512 2303 768 1379 2212 1155
768 2303 768 1455 2213 1169
1024 2303 768 1557 2217 1180
1280 2303 768 1673 2224 1190
1536 2303 768 1810 2234 1200
1792 2303 768 1960 2246 1212
2048 2303 768 2119 2259 1226
2303 2303 768 2290 2277 1242
2559 2303 768 2465 2296 1260
2815 2303 768 2646 2317 1280
3071 2303 768 2832 2342 1302
3327 2303 768 3020 2368 1325
3583 2303 768 3212 2397 1350
3839 2303 768 3419 2423 1354
4095 2303 768 3635 2445 1344
0 2559 768 1455 2457 1218
256 2559 768 1477 2457 1223
512 2559 768 1517 2457 1232
768 2559 768 1587 2457 1247
1024 2559 768 1681 2461 1258
1280 2559 768 1788 2467 1267
1536 2559 768 1917 2475 1277
1792 2559 768 2058 2485 1287
2048 2559 768 2209 2497 1300
2303 2559 768 2374 2512 1314
2559 2559 768 2544 2529 1331
2815 2559 768 2720 2547 1348
3071 2559 768 2902 2568 1369
3327 2559 768 3086 2591 1390
3583 2559 768 3275 2617 1413
3839 2559 768 3474 2641 1420
4095 2559 768 3680 2665 1416
0 2815 768 1601 2702 1299
256 2815 768 1620 2702 1304
512 2815 768 1657 2702 1312
768 2815 768 1720 2702 1326
1024 2815 768 1808 2706 1337
1280 2815 768 1906 2710 1346
1536 2815 768 2027 2718 1354
1792 2815 768 2161 2727 1364
2048 2815 768 2304 2737 1375
2303 2815 768 2463 2750 1389
2559 2815 768 2627 2764 1403
2815 2815 768 2798 2781 1420
3071 2815 768 2975 2799 1438
3327 2815 768 3156 2819 1458
3583 2815 768 3341 2842 1480
3839 2815 768 3533 2865 1491
4095 2815 768 3730 2888 1495
0 3071 768 1747 2948 1383
256 3071 768 1764 2948 1387
512 3071 768 1798 2948 1395
768 3071 768 1856 2948 1409
1024 3071 768 1937 2951 1418
1280 3071 768 2029 2955 1426
1536 3071 768 2142 2961 1434
1792 3071 768 2269 2969 1443
2048 3071 768 2405 2978 1453
2303 3071 768 2557 2990 1466
2559 3071 768 2716 3003 1479
2815 3071 768 2881 3017 1495
3071 3071 768 3054 3034 1512
3327 3071 768 3230 3052 1530
3583 3071 768 3412 3072 1550
3839 3071 768 3598 3093 1566
4095 3071 768 3788 3116 1578
0 3327 768 1893 3193 1468
256 3327 768 1909 3193 1472
512 3327 768 1939 3193 1480
768 3327 768 1993 3193 1492
1024 3327 768 2067 3196 1501
1280 3327 768 2152 3200 1508
1536 3327 768 2258 3205 1515
1792 3327 768 2378 3213 1523
2048 3327 768 2508 3221 1533
2303 3327 768 2654 3231 1544
2559 3327 768 2807 3242 1557
2815 3327 768 2967 3255 1571
3071 3327 768 3136 3270 1587
3327 3327 768 3307 3286 1604
3583 3327 768 3485 3304 1623
3839 3327 768 3667 3324 1642
4095 3327 768 3851 3344 1661
0 3583 768 2039 3439 1555
256 3583 768 2053 3439 1559
512 3583 768 2082 3439 1566
768 3583 768 2131 3439 1578
1024 3583 768 2200 3441 1585
1280 3583 768 2279 3445 1591
1536 3583 768 2379 3450 1598
1792 3583 768 2492 3456 1606
2048 3583 768 2615 3464 1614
2303 3583 768 2756 3473 1625
2559 3583 768 2903 3483 1637
2815 3583 768 3058 3495 1650
3071 3583 768 3222 3508 1665
3327 3583 768 3389 3523 1681
3583 3583 768 3563 3539 1699
3839 3583 768 3741 3557 1717
4095 3583 768 3921 3576 1737
0 3839 768 2152 3692 1606
256 3839 768 2165 3692 1608
512 3839 768 2190 3692 1612
768 3839 768 2234 3693 1620
1024 3839 768 2298 3695 1625
1280 3839 768 2373 3699 1629
1536 3839 768 2469 3703 1633
1792 3839 768 2579 3709 1639
2048 3839 768 2698 3716 1645
2303 3839 768 2835 3724 1653
2559 3839 768 2978 3733 1661
2815 3839 768 3131 3743 1670
3071 3839 768 3293 3755 1679
3327 3839 768 3458 3768 1688
3583 3839 768 3631 3782 1697
3839 3839 768 3806 3795 1701
4095 3839 768 3982 3807 1703
0 4095 768 2244 3949 1631
256 4095 768 2255 3950 1632
512 4095 768 2276 3951 1632
768 4095 768 2314 3952 1633
1024 4095 768 2374 3955 1634
1280 4095 768 2445 3958 1635
1536 4095 768 2539 3962 1637
1792 4095 768 2646 3968 1640
2048 4095 768 2763 3974 1642
2303 4095 768 2898 3981 1645
2559 4095 768 3040 3989 1647
2815 4095 768 3192 3998 1650
3071 4095 768 3353 4008 1650
3327 4095 768 3519 4019 1649
3583 4095 768 3693 4032 1643
3839 4095 768 3865 4037 1623
4095 4095 768 4035 4037 1595
0 0 1024 30 208 982
256 0 1024 226 201 973
512 0 1024 434 215 966
768 0 1024 659 262 962
1024 0 1024 877 320 966
1280 0 1024 1094 382 973
1536 0 1024 1311 446 986
1792 0 1024 1529 511 1000
2048 0 1024 1747 577 1016
2303 0 1024 1965 644 1033
2559 0 1024 2183 712 1052
2815 0 1024 2402 780 1072
3071 0 1024 2620 848 1094
3327 0 1024 2839 917 1116
3583 0 1024 3057 986 1140
3839 0 1024 3276 1054 1165
4095 0 1024 3495 1123 1191
0 256 1024 143 345 970
256 256 1024 300 348 947
512 256 1024 473 364 933
768 256 1024 670 399 935
1024 256 1024 876 445 949
1280 256 1024 1085 494 966
1536 256 1024 1301 546 985
1792 256 1024 1518 601 1004
2048 256 1024 1737 658 1022
2303 256 1024 1955 718 1041
2559 256 1024 2174 779 1061
2815 256 1024 2393 841 1081
3071 256 1024 2612 904 1103
3327 256 1024 2832 968 1126
3583 256 1024 3051 1033 1149
3839 256 1024 3270 1098 1174
4095 256 1024 3489 1164 1199
0 512 1024 273 520 967
256 512 1024 391 528 941
512 512 1024 531 542 930
768 512 1024 702 567 939
1024 512 1024 898 599 956
1280 512 1024 1102 634 975
1536 512 1024 1308 679 995
1792 512 1024 1518 727 1015
2048 512 1024 1730 777 1037
2303 512 1024 1946 830 1057
2559 512 1024 2164 884 1078
2815 512 1024 2382 940 1099
3071 512 1024 2601 998 1121
3327 512 1024 2821 1056 1144
3583 512 1024 3040 1116 1167
3839 512 1024 3261 1176 1191
4095 512 1024 3482 1236 1215
0 768 1024 427 756 978
256 768 1024 508 759 968
512 768 1024 616 766 971
768 768 1024 764 779 991
1024 768 1024 957 796 1001
1280 768 1024 1157 819 1009
1536 768 1024 1343 860 1019
1792 768 1024 1534 906 1038
2048 768 1024 1730 954 1063
2303 768 1024 1939 1001 1086
2559 768 1024 2152 1049 1109
2815 768 1024 2368 1098 1131
3071 768 1024 2586 1148 1153
3327 768 1024 2804 1200 1175
3583 768 1024 3024 1253 1198
3839 768 1024 3247 1304 1220
4095 768 1024 3472 1354 1241
0 1024 1024 576 996 1012
256 1024 1024 637 997 1010
512 1024 1024 722 1002 1012
768 1024 1024 845 1014 1021
1024 1024 1024 1021 1027 1027
1280 1024 1024 1211 1042 1034
1536 1024 1024 1400 1070 1045
1792 1024 1024 1593 1102 1063
2048 1024 1024 1790 1137 1085
2303 1024 1024 1984 1181 1112
2559 1024 1024 2182 1226 1140
2815 1024 1024 2384 1274 1168
3071 1024 1024 2592 1323 1194
3327 1024 1024 2803 1372 1219
3583 1024 1024 3017 1422 1244
3839 1024 1024 3246 1462 1258
4095 1024 1024 3484 1496 1266
0 1280 1024 723 1238 1055
256 1280 1024 770 1238 1058
512 1280 1024 838 1242 1058
768 1280 1024 939 1253 1054
1024 1280 1024 1094 1264 1057
1280 1280 1024 1268 1276 1064
1536 1280 1024 1462 1291 1077
1792 1280 1024 1660 1309 1093
2048 1280 1024 1859 1331 1111
2303 1280 1024 2042 1370 1140
2559 1280 1024 2228 1412 1170
2815 1280 1024 2418 1458 1202
3071 1280 1024 2615 1505 1234
3327 1280 1024 2815 1553 1264
3583 1280 1024 3022 1600 1291
3839 1280 1024 3254 1631 1299
4095 1280 1024 3503 1651 1294
0 1536 1024 869 1481 1110
256 1536 1024 908 1481 1114
512 1536 1024 970 1484 1119
768 1536 1024 1068 1489 1123
1024 1536 1024 1198 1501 1121
1280 1536 1024 1345 1514 1121
1536 1536 1024 1525 1527 1132
1792 1536 1024 1713 1543 1145
2048 1536 1024 1905 1561 1159
2303 1536 1024 2098 1588 1178
2559 1536 1024 2293 1616 1199
2815 1536 1024 2492 1648 1220
3071 1536 1024 2680 1690 1257
3327 1536 1024 2867 1736 1297
3583 1536 1024 3059 1784 1333
3839 1536 1024 3283 1815 1342
4095 1536 1024 3528 1834 1332
0 1792 1024 1015 1725 1169
256 1792 1024 1048 1725 1174
512 1792 1024 1104 1726 1181
768 1792 1024 1196 1729 1191
1024 1792 1024 1310 1740 1189
1280 1792 1024 1439 1752 1186
1536 1792 1024 1604 1764 1192
1792 1792 1024 1779 1779 1202
2048 1792 1024 1963 1794 1217
2303 1792 1024 2154 1814 1234
2559 1792 1024 2347 1836 1252
2815 1792 1024 2544 1861 1272
3071 1792 1024 2731 1897 1305
3327 1792 1024 2916 1936 1342
3583 1792 1024 3103 1981 1382
3839 1792 1024 3320 2010 1389
4095 1792 1024 3559 2029 1375
0 2048 1024 1161 1970 1232
256 2048 1024 1189 1969 1237
512 2048 1024 1240 1970 1245
768 2048 1024 1324 1971 1258
1024 2048 1024 1429 1979 1260
1280 2048 1024 1546 1989 1258
1536 2048 1024 1692 2002 1255
1792 2048 1024 1854 2015 1264
2048 2048 1024 2028 2029 1282
2303 2048 1024 2210 2047 1302
2559 2048 1024 2394 2067 1323
2815 2048 1024 2582 2091 1345
3071 2048 1024 2773 2118 1369
3327 2048 1024 2964 2148 1396
3583 2048 1024 3150 2185 1434
3839 2048 1024 3363 2212 1439
4095 2048 1024 3592 2232 1424
0 2303 1024 1307 2214 1300
256 2303 1024 1332 2213 1305
512 2303 1024 1377 2214 1314
768 2303 1024 1454 2214 1327
1024 2303 1024 1554 2220 1334
1280 2303 1024 1666 2228 1339
1536 2303 1024 1801 2239 1339
1792 2303 1024 1953 2251 1349
2048 2303 1024 2115 2263 1364
2303 2303 1024 2288 2279 1381
2559 2303 1024 2464 2298 1399
2815 2303 1024 2646 2319 1419
3071 2303 1024 2832 2343 1441
3327 2303 1024 3020 2370 1464
3583 2303 1024 3208 2400 1493
3839 2303 1024 3415 2426 1496
4095 2303 1024 3634 2447 1483
0 2559 1024 1453 2459 1370
256 2559 1024 1475 2458 1375
512 2559 1024 1516 2458 1384
768 2559 1024 1587 2459 1398
1024 2559 1024 1681 2462 1409
1280 2559 1024 1787 2468 1417
1536 2559 1024 1913 2477 1422
1792 2559 1024 2055 2488 1431
2048 2559 1024 2206 2499 1444
2303 2559 1024 2371 2514 1459
2559 2559 1024 2540 2531 1475
2815 2559 1024 2716 2549 1493
3071 2559 1024 2897 2571 1512
3327 2559 1024 3081 2594 1533
3583 2559 1024 3269 2620 1555
3839 2559 1024 3470 2644 1558
4095 2559 1024 3679 2666 1547
0 2815 1024 1599 2704 1444
256 2815 1024 1619 2704 1448
512 2815 1024 1656 2703 1457
768 2815 1024 1721 2703 1471
1024 2815 1024 1810 2706 1483
1280 2815 1024 1909 2711 1493
1536 2815 1024 2028 2718 1500
1792 2815 1024 2161 2727 1509
2048 2815 1024 2304 2738 1520
2303 2815 1024 2462 2751 1534
2559 2815 1024 2625 2766 1548
2815 2815 1024 2795 2782 1565
3071 2815 1024 2971 2801 1582
3327 2815 1024 3150 2822 1601
3583 2815 1024 3334 2845 1622
3839 2815 1024 3528 2868 1626
4095 2815 1024 3729 2890 1618
0 3071 1024 1746 2949 1520
256 3071 1024 1763 2949 1525
512 3071 1024 1798 2949 1533
768 3071 1024 1857 2949 1546
1024 3071 1024 1940 2951 1559
1280 3071 1024 2034 2954 1570
1536 3071 1024 2146 2961 1578
1792 3071 1024 2272 2969 1587
2048 3071 1024 2407 2978 1597
2303 3071 1024 2558 2990 1609
2559 3071 1024 2715 3003 1623
2815 3071 1024 2880 3018 1637
3071 3071 1024 3051 3035 1654
3327 3071 1024 3226 3053 1671
3583 3071 1024 3406 3074 1691
3839 3071 1024 3594 3096 1699
4095 3071 1024 3785 3117 1701
0 3327 1024 1892 3194 1598
256 3327 1024 1908 3194 1602
512 3327 1024 1939 3194 1610
768 3327 1024 1994 3194 1623
1024 3327 1024 2071 3195 1636
1280 3327 1024 2159 3198 1647
1536 3327 1024 2266 3204 1656
1792 3327 1024 2385 3211 1665
2048 3327 1024 2513 3219 1674
2303 3327 1024 2658 3230 1685
2559 3327 1024 2808 3242 1697
2815 3327 1024 2967 3255 1711
3071 3327 1024 3134 3270 1726
3327 3327 1024 3305 3287 1742
3583 3327 1024 3481 3305 1760
3839 3327 1024 3662 3325 1774
4095 3327 1024 3846 3346 1786
0 3583 1024 2038 3440 1679
256 3583 1024 2053 3440 1683
512 3583 1024 2082 3439 1690
768 3583 1024 2132 3439 1703
1024 3583 1024 2205 3441 1715
1280 3583 1024 2287 3443 1726
1536 3583 1024 2388 3448 1735
1792 3583 1024 2501 3454 1743
2048 3583 1024 2622 3462 1752
2303 3583 1024 2761 3471 1762
2559 3583 1024 2907 3482 1774
2815 3583 1024 3060 3494 1786
3071 3583 1024 3222 3508 1800
3327 3583 1024 3388 3523 1816
3583 3583 1024 3561 3540 1832
3839 3583 1024 3737 3558 1849
4095 3583 1024 3917 3577 1865
0 3839 1024 2151 3693 1725
256 3839 1024 2164 3693 1727
512 3839 1024 2190 3693 1732
768 3839 1024 2234 3693 1740
1024 3839 1024 2301 3695 1747
1280 3839 1024 2378 3698 1755
1536 3839 1024 2474 3702 1761
1792 3839 1024 2584 3708 1767
2048 3839 1024 2702 3715 1773
2303 3839 1024 2838 3723 1780
2559 3839 1024 2981 3732 1788
2815 3839 1024 3132 3743 1797
3071 3839 1024 3293 3755 1805
3327 3839 1024 3458 3768 1814
3583 3839 1024 3630 3783 1822
3839 3839 1024 3803 3796 1826
4095 3839 1024 3978 3807 1827
0 4095 1024 2242 3950 1747
256 4095 1024 2253 3951 1747
512 4095 1024 2274 3952 1747
768 4095 1024 2312 3953 1748
1024 4095 1024 2372 3956 1749
1280 4095 1024 2444 3959 1750
1536 4095 1024 2537 3963 1752
1792 4095 1024 2645 3969 1754
2048 4095 1024 2761 3974 1756
2303 4095 1024 2897 3982 1759
2559 4095 1024 3039 3990 1761
2815 4095 1024 3190 3999 1764
3071 4095 1024 3352 4009 1764
3327 4095 1024 3518 4020 1763
3583 4095 1024 3692 4033 1756
3839 4095 1024 3864 4037 1737
4095 4095 1024 4034 4037 1709
0 0 1280 0 238 1224
256 0 1280 209 234 1219
512 0 1280 426 249 1211
768 0 1280 657 291 1200
1024 0 1280 877 343 1200
1280 0 1280 1095 399 1204
1536 0 1280 1313 461 1213
1792 0 1280 1530 524 1224
2048 0 1280 1748 588 1237
2303 0 1280 1965 654 1252
2559 0 1280 2183 721 1268
2815 0 1280 2402 788 1285
3071 0 1280 2620 855 1303
3327 0 1280 2838 923 1322
3583 0 1280 3057 992 1343
3839 0 1280 3275 1060 1364
4095 0 1280 3494 1128 1386
0 256 1280 122 366 1212
256 256 1280 293 371 1186
512 256 1280 475 387 1166
768 256 1280 675 421 1155
1024 256 1280 880 463 1167
1280 256 1280 1089 508 1185
1536 256 1280 1304 559 1203
1792 256 1280 1520 612 1220
2048 256 1280 1738 668 1238
2303 256 1280 1956 727 1255
2559 256 1280 2174 787 1272
2815 256 1280 2393 848 1290
3071 256 1280 2612 911 1309
3327 256 1280 2831 974 1329
3583 256 1280 3050 1039 1350
3839 256 1280 3269 1104 1371
4095 256 1280 3488 1169 1393
0 512 1280 260 535 1204
256 512 1280 390 543 1172
512 512 1280 537 558 1152
768 512 1280 709 583 1152
1024 512 1280 904 613 1170
1280 512 1280 1105 646 1190
1536 512 1280 1310 690 1206
1792 512 1280 1519 737 1224
2048 512 1280 1731 786 1244
2303 512 1280 1947 838 1264
2559 512 1280 2164 892 1283
2815 512 1280 2382 947 1303
3071 512 1280 2601 1004 1323
3327 512 1280 2820 1062 1343
3583 512 1280 3040 1122 1364
3839 512 1280 3260 1181 1385
4095 512 1280 3481 1241 1406
0 768 1280 422 766 1204
256 768 1280 508 769 1187
512 768 1280 619 776 1186
768 768 1280 767 789 1210
1024 768 1280 957 806 1223
1280 768 1280 1155 828 1232
1536 768 1280 1338 872 1228
1792 768 1280 1531 917 1239
2048 768 1280 1729 963 1259
2303 768 1280 1939 1009 1281
2559 768 1280 2151 1056 1303
2815 768 1280 2367 1104 1325
3071 768 1280 2585 1154 1346
3327 768 1280 2804 1205 1367
3583 768 1280 3023 1258 1388
3839 768 1280 3246 1309 1408
4095 768 1280 3471 1358 1427
0 1024 1280 573 1004 1226
256 1024 1280 637 1005 1218
512 1024 1280 725 1010 1220
768 1024 1280 851 1020 1238
1024 1024 1280 1023 1032 1250
1280 1024 1280 1208 1049 1258
1536 1024 1280 1398 1077 1257
1792 1024 1280 1596 1108 1264
2048 1024 1280 1799 1139 1278
2303 1024 1280 1988 1185 1304
2559 1024 1280 2182 1233 1330
2815 1024 1280 2382 1281 1356
3071 1024 1280 2590 1329 1380
3327 1024 1280 2801 1378 1403
3583 1024 1280 3016 1427 1426
3839 1024 1280 3245 1467 1440
4095 1024 1280 3483 1500 1449
0 1280 1280 721 1244 1257
256 1280 1280 769 1244 1256
512 1280 1280 841 1248 1258
768 1280 1280 948 1256 1264
1024 1280 1280 1097 1268 1272
1280 1280 1280 1265 1281 1280
1536 1280 1280 1464 1294 1285
1792 1280 1280 1669 1309 1291
2048 1280 1280 1877 1327 1298
2303 1280 1280 2051 1371 1324
2559 1280 1280 2232 1415 1352
2815 1280 1280 2420 1461 1379
3071 1280 1280 2615 1509 1409
3327 1280 1280 2814 1557 1438
3583 1280 1280 3020 1605 1465
3839 1280 1280 3252 1636 1475
4095 1280 1280 3502 1655 1473
0 1536 1280 868 1486 1304
256 1536 1280 907 1486 1306
512 1536 1280 970 1488 1309
768 1536 1280 1070 1493 1315
1024 1536 1280 1192 1507 1310
1280 1536 1280 1333 1522 1305
1536 1536 1280 1522 1533 1310
1792 1536 1280 1719 1546 1316
2048 1536 1280 1920 1560 1322
2303 1536 1280 2117 1584 1336
2559 1536 1280 2318 1609 1350
2815 1536 1280 2523 1636 1365
3071 1536 1280 2702 1682 1408
3327 1536 1280 2877 1734 1457
3583 1536 1280 3060 1787 1499
3839 1536 1280 3281 1819 1512
4095 1536 1280 3527 1837 1505
0 1792 1280 1014 1729 1356
256 1792 1280 1047 1729 1359
512 1792 1280 1103 1730 1364
768 1792 1280 1195 1733 1371
1024 1792 1280 1302 1746 1363
1280 1792 1280 1424 1761 1352
1536 1792 1280 1594 1772 1349
1792 1792 1280 1777 1784 1354
2048 1792 1280 1970 1796 1365
2303 1792 1280 2170 1812 1378
2559 1792 1280 2371 1830 1391
2815 1792 1280 2576 1850 1405
3071 1792 1280 2756 1888 1444
3327 1792 1280 2931 1932 1490
3583 1792 1280 3104 1982 1540
3839 1792 1280 3318 2013 1554
4095 1792 1280 3558 2031 1543
0 2048 1280 1160 1973 1412
256 2048 1280 1188 1972 1415
512 2048 1280 1238 1973 1422
768 2048 1280 1322 1974 1432
1024 2048 1280 1420 1984 1426
1280 2048 1280 1531 1997 1414
1536 2048 1280 1675 2012 1396
1792 2048 1280 1843 2024 1401
2048 2048 1280 2026 2034 1419
2303 2048 1280 2213 2050 1440
2559 2048 1280 2403 2068 1460
2815 2048 1280 2594 2089 1482
3071 2048 1280 2788 2115 1504
3327 2048 1280 2978 2144 1533
3583 2048 1280 3152 2187 1586
3839 2048 1280 3360 2215 1599
4095 2048 1280 3591 2234 1585
0 2303 1280 1305 2216 1473
256 2303 1280 1330 2216 1477
512 2303 1280 1376 2216 1484
768 2303 1280 1452 2217 1495
1024 2303 1280 1549 2224 1498
1280 2303 1280 1657 2233 1496
1536 2303 1280 1788 2246 1485
1792 2303 1280 1940 2258 1489
2048 2303 1280 2108 2268 1504
2303 2303 1280 2285 2284 1521
2559 2303 1280 2466 2300 1539
2815 2303 1280 2651 2320 1558
3071 2303 1280 2839 2343 1578
3327 2303 1280 3027 2369 1602
3583 2303 1280 3207 2403 1642
3839 2303 1280 3412 2429 1650
4095 2303 1280 3633 2449 1637
0 2559 1280 1451 2461 1536
256 2559 1280 1473 2461 1540
512 2559 1280 1514 2461 1547
768 2559 1280 1585 2461 1559
1024 2559 1280 1679 2465 1569
1280 2559 1280 1783 2471 1575
1536 2559 1280 1904 2482 1570
1792 2559 1280 2044 2493 1575
2048 2559 1280 2198 2504 1587
2303 2559 1280 2365 2519 1601
2559 2559 1280 2537 2534 1617
2815 2559 1280 2715 2552 1634
3071 2559 1280 2898 2573 1652
3327 2559 1280 3082 2596 1673
3583 2559 1280 3266 2623 1702
3839 2559 1280 3467 2647 1706
4095 2559 1280 3678 2668 1693
0 2815 1280 1598 2706 1602
256 2815 1280 1617 2705 1606
512 2815 1280 1655 2705 1613
768 2815 1280 1719 2705 1626
1024 2815 1280 1809 2708 1639
1280 2815 1280 1909 2712 1649
1536 2815 1280 2025 2721 1652
1792 2815 1280 2156 2731 1658
2048 2815 1280 2297 2741 1665
2303 2815 1280 2457 2754 1679
2559 2815 1280 2621 2769 1694
2815 2815 1280 2791 2785 1710
3071 2815 1280 2968 2804 1728
3327 2815 1280 3147 2824 1747
3583 2815 1280 3330 2848 1768
3839 2815 1280 3525 2870 1769
4095 2815 1280 3728 2892 1756
0 3071 1280 1744 2951 1672
256 3071 1280 1762 2950 1676
512 3071 1280 1796 2950 1683
768 3071 1280 1855 2950 1695
1024 3071 1280 1940 2952 1709
1280 3071 1280 2036 2955 1723
1536 3071 1280 2147 2962 1730
1792 3071 1280 2271 2970 1737
2048 3071 1280 2404 2980 1744
2303 3071 1280 2556 2992 1756
2559 3071 1280 2713 3005 1770
2815 3071 1280 2877 3020 1784
3071 3071 1280 3048 3037 1801
3327 3071 1280 3222 3056 1818
3583 3071 1280 3402 3077 1837
3839 3071 1280 3590 3098 1841
4095 3071 1280 3783 3119 1835
0 3327 1280 1890 3196 1743
256 3327 1280 1906 3196 1747
512 3327 1280 1938 3195 1754
768 3327 1280 1992 3195 1766
1024 3327 1280 2072 3196 1781
1280 3327 1280 2163 3198 1796
1536 3327 1280 2270 3203 1806
1792 3327 1280 2388 3211 1815
2048 3327 1280 2514 3220 1822
2303 3327 1280 2658 3230 1833
2559 3327 1280 2808 3242 1845
2815 3327 1280 2966 3256 1858
3071 3327 1280 3132 3271 1873
3327 3327 1280 3301 3288 1889
3583 3327 1280 3477 3307 1906
3839 3327 1280 3658 3327 1916
4095 3327 1280 3842 3349 1919
0 3583 1280 2036 3441 1817
256 3583 1280 2051 3441 1821
512 3583 1280 2080 3441 1828
768 3583 1280 2130 3440 1839
1024 3583 1280 2206 3441 1855
1280 3583 1280 2292 3442 1870
1536 3583 1280 2394 3447 1882
1792 3583 1280 2507 3453 1891
2048 3583 1280 2626 3461 1898
2303 3583 1280 2764 3471 1908
2559 3583 1280 2908 3482 1919
2815 3583 1280 3061 3494 1932
3071 3583 1280 3222 3508 1946
3327 3583 1280 3386 3523 1960
3583 3583 1280 3558 3541 1977
3839 3583 1280 3733 3559 1991
4095 3583 1280 3912 3579 2005
0 3839 1280 2149 3694 1859
256 3839 1280 2162 3694 1861
512 3839 1280 2188 3694 1865
768 3839 1280 2232 3694 1872
1024 3839 1280 2301 3696 1883
1280 3839 1280 2381 3698 1893
1536 3839 1280 2478 3702 1901
1792 3839 1280 2587 3708 1908
2048 3839 1280 2704 3714 1913
2303 3839 1280 2840 3723 1920
2559 3839 1280 2982 3733 1928
2815 3839 1280 3132 3743 1936
3071 3839 1280 3292 3756 1945
3327 3839 1280 3456 3769 1953
3583 3839 1280 3628 3784 1960
3839 3839 1280 3801 3797 1964
4095 3839 1280 3974 3808 1964
0 4095 1280 2240 3951 1878
256 4095 1280 2251 3952 1878
512 4095 1280 2272 3953 1878
768 4095 1280 2310 3954 1879
1024 4095 1280 2370 3957 1880
1280 4095 1280 2442 3960 1881
1536 4095 1280 2535 3965 1883
1792 4095 1280 2643 3970 1885
2048 4095 1280 2759 3976 1887
2303 4095 1280 2895 3983 1890
2559 4095 1280 3037 3991 1892
2815 4095 1280 3189 4000 1894
3071 4095 1280 3351 4010 1894
3327 4095 1280 3517 4021 1893
3583 4095 1280 3691 4034 1887
3839 4095 1280 3863 4038 1867
4095 4095 1280 4032 4037 1839
0 0 1536 0 272 1465
256 0 1536 203 273 1459
512 0 1536 419 287 1451
768 0 1536 655 323 1440
1024 0 1536 878 370 1438
1280 0 1536 1097 422 1439
1536 0 1536 1314 480 1445
1792 0 1536 1532 540 1454
2048 0 1536 1749 602 1464
2303 0 1536 1966 667 1477
2559 0 1536 2184 732 1491
2815 0 1536 2402 798 1506
3071 0 1536 2620 865 1522
3327 0 1536 2838 932 1539
3583 0 1536 3057 999 1557
3839 0 1536 3275 1067 1576
4095 0 1536 3494 1135 1595
0 256 1536 105 391 1455
256 256 1536 284 398 1430
512 256 1536 475 415 1406
768 256 1536 681 446 1386
1024 256 1536 887 485 1395
1280 256 1536 1094 527 1411
1536 256 1536 1308 575 1427
1792 256 1536 1523 627 1443
2048 256 1536 1740 681 1459
2303 256 1536 1957 738 1475
2559 256 1536 2175 797 1491
2815 256 1536 2394 858 1508
3071 256 1536 2613 920 1525
3327 256 1536 2831 982 1543
3583 256 1536 3050 1046 1562
3839 256 1536 3269 1111 1581
4095 256 1536 3488 1176 1601
0 512 1536 238 553 1447
256 512 1536 382 561 1414
512 512 1536 541 576 1386
768 512 1536 721 602 1364
1024 512 1536 913 631 1382
1280 512 1536 1109 663 1408
1536 512 1536 1313 705 1421
1792 512 1536 1522 751 1438
2048 512 1536 1733 798 1458
2303 512 1536 1949 849 1477
2559 512 1536 2165 901 1496
2815 512 1536 2383 956 1515
3071 512 1536 2602 1012 1534
3327 512 1536 2820 1070 1553
3583 512 1536 3040 1129 1572
3839 512 1536 3260 1188 1591
4095 512 1536 3481 1247 1611
0 768 1536 413 779 1441
256 768 1536 505 782 1420
512 768 1536 623 790 1403
768 768 1536 782 805 1390
1024 768 1536 963 822 1416
1280 768 1536 1150 845 1442
1536 768 1536 1336 887 1433
1792 768 1536 1531 930 1441
2048 768 1536 1731 974 1461
2303 768 1536 1940 1019 1484
2559 768 1536 2153 1065 1506
2815 768 1536 2368 1112 1528
3071 768 1536 2586 1162 1549
3327 768 1536 2804 1212 1570
3583 768 1536 3023 1264 1590
3839 768 1536 3246 1315 1609
4095 768 1536 3471 1364 1628
0 1024 1536 568 1014 1452
256 1024 1536 634 1015 1441
512 1024 1536 730 1020 1431
768 1024 1536 867 1030 1423
1024 1024 1536 1030 1043 1451
1280 1024 1536 1204 1060 1479
1536 1024 1536 1396 1088 1474
1792 1024 1536 1595 1117 1480
2048 1024 1536 1798 1148 1492
2303 1024 1536 1985 1195 1510
2559 1024 1536 2178 1243 1530
2815 1024 1536 2380 1290 1554
3071 1024 1536 2589 1337 1576
3327 1024 1536 2800 1385 1599
3583 1024 1536 3015 1433 1620
3839 1024 1536 3244 1472 1636
4095 1024 1536 3483 1505 1647
0 1280 1536 718 1252 1473
256 1280 1536 767 1253 1468
512 1280 1536 845 1256 1464
768 1280 1536 963 1262 1461
1024 1280 1536 1104 1274 1486
1280 1280 1536 1263 1287 1513
1536 1280 1536 1462 1300 1517
1792 1280 1536 1667 1315 1522
2048 1280 1536 1875 1333 1527
2303 1280 1536 2045 1380 1539
2559 1280 1536 2225 1426 1554
2815 1280 1536 2416 1470 1577
3071 1280 1536 2612 1517 1602
3327 1280 1536 2812 1564 1629
3583 1280 1536 3018 1611 1653
3839 1280 1536 3251 1641 1665
4095 1280 1536 3501 1660 1668
0 1536 1536 865 1493 1510
256 1536 1536 906 1493 1509
512 1536 1536 972 1495 1509
768 1536 1536 1077 1499 1510
1024 1536 1536 1195 1512 1521
1280 1536 1536 1330 1527 1533
1536 1536 1536 1520 1538 1537
1792 1536 1536 1717 1550 1542
2048 1536 1536 1918 1565 1547
2303 1536 1536 2115 1590 1556
2559 1536 1536 2315 1615 1565
2815 1536 1536 2521 1642 1578
3071 1536 1536 2698 1689 1612
3327 1536 1536 2870 1742 1652
3583 1536 1536 3056 1794 1686
3839 1536 1536 3279 1824 1699
4095 1536 1536 3526 1841 1696
0 1792 1536 1012 1735 1555
256 1792 1536 1046 1735 1556
512 1792 1536 1103 1736 1558
768 1792 1536 1197 1738 1563
1024 1792 1536 1302 1751 1566
1280 1792 1536 1421 1765 1567
1536 1792 1536 1591 1777 1565
1792 1792 1536 1775 1789 1569
2048 1792 1536 1969 1801 1575
2303 1792 1536 2171 1816 1583
2559 1792 1536 2376 1832 1592
2815 1792 1536 2584 1851 1601
3071 1792 1536 2764 1889 1632
3327 1792 1536 2937 1934 1670
3583 1792 1536 3104 1987 1721
3839 1792 1536 3315 2018 1737
4095 1792 1536 3557 2035 1730
0 2048 1536 1158 1977 1605
256 2048 1536 1187 1977 1607
512 2048 1536 1237 1978 1611
768 2048 1536 1322 1979 1618
1024 2048 1536 1419 1989 1617
1280 2048 1536 1528 2002 1611
1536 2048 1536 1670 2017 1599
1792 2048 1536 1838 2029 1600
2048 2048 1536 2024 2039 1608
2303 2048 1536 2219 2053 1619
2559 2048 1536 2416 2067 1629
2815 2048 1536 2618 2084 1641
3071 2048 1536 2818 2106 1658
3327 2048 1536 3008 2135 1686
3583 2048 1536 3157 2188 1756
3839 2048 1536 3357 2220 1778
4095 2048 1536 3591 2238 1767
0 2303 1536 1304 2220 1661
256 2303 1536 1329 2220 1664
512 2303 1536 1374 2220 1669
768 2303 1536 1451 2221 1677
1024 2303 1536 1547 2228 1681
1280 2303 1536 1651 2238 1677
1536 2303 1536 1767 2256 1652
1792 2303 1536 1919 2269 1646
2048 2303 1536 2095 2278 1654
2303 2303 1536 2282 2290 1663
2559 2303 1536 2473 2304 1673
2815 2303 1536 2669 2319 1684
3071 2303 1536 2867 2337 1697
3327 2303 1536 3058 2361 1723
3583 2303 1536 3214 2403 1798
3839 2303 1536 3410 2432 1822
4095 2303 1536 3632 2452 1813
0 2559 1536 1450 2464 1719
256 2559 1536 1472 2464 1722
512 2559 1536 1513 2464 1728
768 2559 1536 1583 2464 1738
1024 2559 1536 1676 2468 1745
1280 2559 1536 1776 2476 1746
1536 2559 1536 1879 2494 1719
1792 2559 1536 2016 2507 1710
2048 2559 1536 2176 2517 1711
2303 2559 1536 2354 2528 1722
2559 2559 1536 2537 2541 1733
2815 2559 1536 2725 2555 1745
3071 2559 1536 2918 2571 1758
3327 2559 1536 3107 2591 1782
3583 2559 1536 3274 2624 1846
3839 2559 1536 3467 2649 1868
4095 2559 1536 3678 2671 1863
0 2815 1536 1596 2708 1780
256 2815 1536 1616 2708 1783
512 2815 1536 1653 2708 1790
768 2815 1536 1717 2708 1800
1024 2815 1536 1806 2711 1810
1280 2815 1536 1904 2716 1817
1536 2815 1536 2011 2728 1808
1792 2815 1536 2135 2740 1798
2048 2815 1536 2272 2754 1786
2303 2815 1536 2440 2764 1801
2559 2815 1536 2612 2776 1817
2815 2815 1536 2789 2790 1834
3071 2815 1536 2971 2807 1853
3327 2815 1536 3154 2826 1874
3583 2815 1536 3336 2849 1902
3839 2815 1536 3529 2872 1915
4095 2815 1536 3727 2894 1919
0 3071 1536 1742 2953 1844
256 3071 1536 1760 2953 1848
512 3071 1536 1794 2953 1854
768 3071 1536 1853 2953 1864
1024 3071 1536 1938 2954 1877
1280 3071 1536 2032 2958 1887
1536 3071 1536 2138 2966 1888
1792 3071 1536 2257 2977 1883
2048 3071 1536 2384 2990 1874
2303 3071 1536 2541 3000 1888
2559 3071 1536 2703 3011 1904
2815 3071 1536 2871 3025 1920
3071 3071 1536 3045 3041 1938
3327 3071 1536 3222 3059 1956
3583 3071 1536 3403 3079 1976
3839 3071 1536 3591 3100 1985
4095 3071 1536 3783 3122 1987
0 3327 1536 1888 3198 1910
256 3327 1536 1905 3198 1914
512 3327 1536 1936 3197 1920
768 3327 1536 1990 3197 1930
1024 3327 1536 2070 3198 1944
1280 3327 1536 2160 3201 1957
1536 3327 1536 2265 3207 1964
1792 3327 1536 2380 3215 1966
2048 3327 1536 2501 3226 1964
2303 3327 1536 2648 3236 1976
2559 3327 1536 2800 3247 1989
2815 3327 1536 2960 3260 2003
3071 3327 1536 3127 3275 2019
3327 3327 1536 3297 3292 2035
3583 3327 1536 3473 3310 2053
3839 3327 1536 3656 3330 2061
4095 3327 1536 3842 3351 2063
0 3583 1536 2035 3443 1979
256 3583 1536 2049 3443 1982
512 3583 1536 2078 3442 1988
768 3583 1536 2129 3442 1999
1024 3583 1536 2204 3443 2013
1280 3583 1536 2290 3444 2027
1536 3583 1536 2391 3449 2038
1792 3583 1536 2502 3456 2043
2048 3583 1536 2619 3465 2046
2303 3583 1536 2758 3474 2057
2559 3583 1536 2903 3485 2068
2815 3583 1536 3056 3497 2081
3071 3583 1536 3218 3511 2095
3327 3583 1536 3383 3526 2110
3583 3583 1536 3554 3543 2127
3839 3583 1536 3730 3562 2141
4095 3583 1536 3908 3582 2154
0 3839 1536 2147 3695 2018
256 3839 1536 2160 3695 2020
512 3839 1536 2186 3696 2023
768 3839 1536 2230 3696 2030
1024 3839 1536 2299 3697 2039
1280 3839 1536 2379 3699 2049
1536 3839 1536 2476 3703 2057
1792 3839 1536 2585 3709 2062
2048 3839 1536 2701 3717 2066
2303 3839 1536 2837 3725 2073
2559 3839 1536 2979 3735 2081
2815 3839 1536 3130 3745 2090
3071 3839 1536 3290 3758 2098
3327 3839 1536 3454 3771 2107
3583 3839 1536 3625 3786 2115
3839 3839 1536 3798 3800 2118
4095 3839 1536 3972 3812 2119
0 4095 1536 2238 3953 2036
256 4095 1536 2249 3953 2036
512 4095 1536 2270 3954 2036
768 4095 1536 2307 3956 2037
1024 4095 1536 2368 3959 2038
1280 4095 1536 2440 3962 2039
1536 4095 1536 2533 3966 2040
1792 4095 1536 2641 3971 2042
2048 4095 1536 2758 3977 2045
2303 4095 1536 2893 3985 2047
2559 4095 1536 3036 3993 2050
2815 4095 1536 3187 4002 2052
3071 4095 1536 3349 4012 2053
3327 4095 1536 3515 4023 2052
3583 4095 1536 3690 4035 2046
3839 4095 1536 3863 4041 2026
4095 4095 1536 4035 4042 1998
0 0 1792 0 312 1707
256 0 1792 194 313 1701
512 0 1792 408 326 1693
768 0 1792 651 356 1683
1024 0 1792 877 399 1678
1280 0 1792 1098 447 1676
1536 0 1792 1316 501 1680
1792 0 1792 1533 559 1686
2048 0 1792 1751 619 1694
2303 0 1792 1967 682 1704
2559 0 1792 2185 745 1716
2815 0 1792 2403 810 1729
3071 0 1792 2621 876 1744
3327 0 1792 2839 942 1759
3583 0 1792 3057 1009 1775
3839 0 1792 3275 1076 1792
4095 0 1792 3494 1143 1810
0 256 1792 72 421 1699
256 256 1792 267 427 1674
512 256 1792 470 443 1649
768 256 1792 686 473 1621
1024 256 1792 893 509 1627
1280 256 1792 1099 548 1641
1536 256 1792 1312 594 1655
1792 256 1792 1527 643 1670
2048 256 1792 1743 696 1684
2303 256 1792 1959 752 1699
2559 256 1792 2177 809 1714
2815 256 1792 2395 869 1729
3071 256 1792 2614 930 1745
3327 256 1792 2832 992 1761
3583 256 1792 3051 1055 1778
3839 256 1792 3269 1119 1796
4095 256 1792 3488 1184 1814
0 512 1792 196 573 1690
256 512 1792 364 582 1659
512 512 1792 541 597 1625
768 512 1792 732 623 1588
1024 512 1792 922 651 1601
1280 512 1792 1115 682 1625
1536 512 1792 1318 722 1639
1792 512 1792 1526 766 1656
2048 512 1792 1737 811 1675
2303 512 1792 1951 861 1694
2559 512 1792 2167 913 1712
2815 512 1792 2385 966 1730
3071 512 1792 2603 1022 1748
3327 512 1792 2821 1079 1766
3583 512 1792 3040 1137 1785
3839 512 1792 3260 1196 1803
4095 512 1792 3481 1255 1821
0 768 1792 398 793 1681
256 768 1792 498 797 1659
512 768 1792 625 806 1631
768 768 1792 795 822 1596
1024 768 1792 971 841 1615
1280 768 1792 1151 864 1640
1536 768 1792 1339 904 1635
1792 768 1792 1534 945 1646
2048 768 1792 1734 986 1667
2303 768 1792 1943 1030 1690
2559 768 1792 2155 1075 1713
2815 768 1792 2370 1122 1735
3071 768 1792 2587 1171 1756
3327 768 1792 2805 1220 1777
3583 768 1792 3024 1272 1797
3839 768 1792 3246 1322 1816
4095 768 1792 3471 1371 1834
0 1024 1792 561 1025 1685
256 1024 1792 631 1027 1670
512 1024 1792 732 1032 1652
768 1024 1792 879 1043 1627
1024 1024 1792 1038 1057 1651
1280 1024 1792 1205 1074 1682
1536 1024 1792 1396 1100 1688
1792 1024 1792 1593 1129 1695
2048 1024 1792 1794 1161 1703
2303 1024 1792 1982 1208 1716
2559 1024 1792 2177 1254 1733
2815 1024 1792 2380 1299 1754
3071 1024 1792 2589 1346 1776
3327 1024 1792 2800 1393 1798
3583 1024 1792 3015 1441 1820
3839 1024 1792 3244 1480 1837
4095 1024 1792 3482 1512 1851
0 1280 1792 714 1261 1696
256 1280 1792 765 1262 1688
512 1280 1792 846 1265 1678
768 1280 1792 973 1271 1665
1024 1280 1792 1113 1282 1692
1280 1280 1792 1266 1295 1725
1536 1280 1792 1461 1307 1745
1792 1280 1792 1661 1325 1750
2048 1280 1792 1864 1346 1747
2303 1280 1792 2037 1392 1749
2559 1280 1792 2219 1437 1758
2815 1280 1792 2413 1480 1776
3071 1280 1792 2610 1526 1799
3327 1280 1792 2810 1573 1823
3583 1280 1792 3017 1619 1847
3839 1280 1792 3250 1648 1861
4095 1280 1792 3500 1666 1870
0 1536 1792 862 1501 1724
256 1536 1792 904 1501 1720
512 1536 1792 973 1503 1716
768 1536 1792 1083 1507 1710
1024 1536 1792 1203 1519 1726
1280 1536 1792 1338 1532 1747
1536 1536 1792 1520 1543 1763
1792 1536 1792 1713 1557 1771
2048 1536 1792 1914 1572 1773
2303 1536 1792 2111 1597 1778
2559 1536 1792 2311 1623 1785
2815 1536 1792 2513 1652 1795
3071 1536 1792 2690 1700 1821
3327 1536 1792 2864 1752 1850
3583 1536 1792 3053 1801 1878
3839 1536 1792 3278 1831 1892
4095 1536 1792 3526 1847 1895
0 1792 1792 1010 1741 1761
256 1792 1792 1044 1741 1760
512 1792 1792 1103 1742 1759
768 1792 1792 1200 1745 1759
1024 1792 1792 1308 1756 1767
1280 1792 1792 1429 1769 1778
1536 1792 1792 1591 1781 1786
1792 1792 1792 1772 1794 1793
2048 1792 1792 1967 1805 1797
2303 1792 1792 2170 1820 1803
2559 1792 1792 2375 1837 1809
2815 1792 1792 2580 1857 1816
3071 1792 1792 2760 1896 1838
3327 1792 1792 2932 1941 1868
3583 1792 1792 3101 1994 1910
3839 1792 1792 3313 2024 1926
4095 1792 1792 3556 2040 1925
0 2048 1792 1157 1983 1804
256 2048 1792 1185 1983 1805
512 2048 1792 1237 1983 1807
768 2048 1792 1322 1985 1810
1024 2048 1792 1423 1994 1812
1280 2048 1792 1533 2006 1814
1536 2048 1792 1669 2021 1813
1792 2048 1792 1835 2034 1815
2048 2048 1792 2022 2044 1820
2303 2048 1792 2220 2056 1826
2559 2048 1792 2421 2070 1832
2815 2048 1792 2626 2085 1839
3071 2048 1792 2824 2108 1854
3327 2048 1792 3010 2138 1880
3583 2048 1792 3155 2193 1942
3839 2048 1792 3354 2225 1964
4095 2048 1792 3590 2242 1958
0 2303 1792 1302 2225 1855
256 2303 1792 1327 2225 1857
512 2303 1792 1374 2225 1860
768 2303 1792 1451 2226 1866
1024 2303 1792 1548 2232 1870
1280 2303 1792 1651 2242 1869
1536 2303 1792 1759 2262 1849
1792 2303 1792 1909 2276 1843
2048 2303 1792 2088 2284 1848
2303 2303 1792 2279 2296 1853
2559 2303 1792 2475 2308 1859
2815 2303 1792 2675 2321 1866
3071 2303 1792 2876 2338 1876
3327 2303 1792 3066 2362 1901
3583 2303 1792 3214 2408 1978
3839 2303 1792 3408 2437 2005
4095 2303 1792 3632 2456 1999
0 2559 1792 1448 2468 1909
256 2559 1792 1471 2468 1911
512 2559 1792 1512 2468 1915
768 2559 1792 1582 2468 1923
1024 2559 1792 1676 2473 1929
1280 2559 1792 1774 2481 1929
1536 2559 1792 1867 2500 1903
1792 2559 1792 2002 2515 1890
2048 2559 1792 2163 2525 1887
2303 2559 1792 2347 2535 1894
2559 2559 1792 2535 2546 1902
2815 2559 1792 2728 2558 1910
3071 2559 1792 2926 2573 1920
3327 2559 1792 3118 2592 1942
3583 2559 1792 3276 2627 2015
3839 2559 1792 3466 2653 2044
4095 2559 1792 3677 2674 2044
0 2815 1792 1594 2712 1965
256 2815 1792 1614 2712 1968
512 2815 1792 1652 2712 1973
768 2815 1792 1716 2712 1981
1024 2815 1792 1805 2715 1990
1280 2815 1792 1901 2720 1995
1536 2815 1792 2003 2733 1984
1792 2815 1792 2121 2748 1966
2048 2815 1792 2250 2765 1943
2303 2815 1792 2425 2774 1955
2559 2815 1792 2603 2784 1967
2815 2815 1792 2787 2796 1980
3071 2815 1792 2975 2811 1994
3327 2815 1792 3163 2828 2014
3583 2815 1792 3343 2851 2053
3839 2815 1792 3532 2874 2078
4095 2815 1792 3727 2897 2093
0 3071 1792 1741 2956 2025
256 3071 1792 1758 2956 2028
512 3071 1792 1793 2956 2033
768 3071 1792 1852 2956 2042
1024 3071 1792 1936 2958 2052
1280 3071 1792 2029 2961 2061
1536 3071 1792 2133 2971 2059
1792 3071 1792 2244 2984 2045
2048 3071 1792 2362 3000 2024
2303 3071 1792 2520 3011 2028
2559 3071 1792 2686 3022 2036
2815 3071 1792 2861 3034 2048
3071 3071 1792 3043 3048 2064
3327 3071 1792 3225 3063 2082
3583 3071 1792 3409 3082 2109
3839 3071 1792 3595 3103 2132
4095 3071 1792 3782 3125 2152
0 3327 1792 1887 3200 2087
256 3327 1792 1903 3200 2090
512 3327 1792 1934 3200 2095
768 3327 1792 1989 3200 2104
1024 3327 1792 2068 3201 2116
1280 3327 1792 2158 3204 2127
1536 3327 1792 2261 3210 2132
1792 3327 1792 2369 3221 2125
2048 3327 1792 2481 3234 2111
2303 3327 1792 2624 3247 2107
2559 3327 1792 2777 3259 2109
2815 3327 1792 2944 3270 2120
3071 3327 1792 3118 3283 2136
3327 3327 1792 3295 3298 2154
3583 3327 1792 3476 3314 2174
3839 3327 1792 3658 3333 2196
4095 3327 1792 3841 3354 2220
0 3583 1792 2033 3445 2151
256 3583 1792 2048 3445 2154
512 3583 1792 2077 3445 2159
768 3583 1792 2127 3445 2168
1024 3583 1792 2202 3445 2181
1280 3583 1792 2288 3447 2193
1536 3583 1792 2389 3452 2203
1792 3583 1792 2496 3460 2203
2048 3583 1792 2607 3471 2198
2303 3583 1792 2740 3483 2194
2559 3583 1792 2884 3494 2197
2815 3583 1792 3042 3505 2210
3071 3583 1792 3208 3518 2226
3327 3583 1792 3377 3532 2242
3583 3583 1792 3551 3548 2260
3839 3583 1792 3728 3566 2283
4095 3583 1792 3906 3585 2309
0 3839 1792 2146 3697 2188
256 3839 1792 2159 3698 2190
512 3839 1792 2184 3698 2193
768 3839 1792 2229 3698 2199
1024 3839 1792 2297 3700 2208
1280 3839 1792 2377 3702 2216
1536 3839 1792 2474 3706 2224
1792 3839 1792 2581 3712 2227
2048 3839 1792 2694 3720 2227
2303 3839 1792 2826 3731 2225
2559 3839 1792 2967 3741 2228
2815 3839 1792 3120 3751 2238
3071 3839 1792 3283 3762 2247
3327 3839 1792 3449 3775 2257
3583 3839 1792 3621 3790 2266
3839 3839 1792 3796 3804 2273
4095 3839 1792 3972 3817 2280
0 4095 1792 2236 3955 2207
256 4095 1792 2246 3955 2207
512 4095 1792 2268 3956 2207
768 4095 1792 2305 3958 2208
1024 4095 1792 2366 3960 2209
1280 4095 1792 2438 3964 2210
1536 4095 1792 2532 3968 2212
1792 4095 1792 2639 3973 2214
2048 4095 1792 2756 3979 2216
2303 4095 1792 2892 3986 2219
2559 4095 1792 3034 3994 2221
2815 4095 1792 3186 4003 2223
3071 4095 1792 3348 4014 2224
3327 4095 1792 3514 4025 2224
3583 4095 1792 3689 4037 2219
3839 4095 1792 3864 4045 2200
4095 4095 1792 4040 4051 2172
0 0 2048 0 357 1948
256 0 2048 183 355 1944
512 0 2048 393 365 1937
768 0 2048 645 391 1927
1024 0 2048 875 430 1920
1280 0 2048 1098 473 1915
1536 0 2048 1317 525 1916
1792 0 2048 1535 580 1919
2048 0 2048 1752 637 1925
2303 0 2048 1969 698 1934
2559 0 2048 2186 760 1944
2815 0 2048 2404 824 1955
3071 0 2048 2622 888 1968
3327 0 2048 2840 953 1981
3583 0 2048 3057 1019 1996
3839 0 2048 3276 1086 2011
4095 0 2048 3494 1152 2027
0 256 2048 28 453 1942
256 256 2048 243 458 1920
512 256 2048 463 473 1894
768 256 2048 689 501 1861
1024 256 2048 898 534 1863
1280 256 2048 1105 570 1873
1536 256 2048 1317 614 1885
1792 256 2048 1531 662 1898
2048 256 2048 1746 712 1911
2303 256 2048 1962 767 1924
2559 256 2048 2179 823 1938
2815 256 2048 2397 881 1952
3071 256 2048 2615 942 1966
3327 256 2048 2833 1003 1981
3583 256 2048 3051 1065 1997
3839 256 2048 3270 1129 2013
4095 256 2048 3488 1192 2030
0 512 2048 140 595 1934
256 512 2048 339 604 1904
512 512 2048 539 619 1867
768 512 2048 741 645 1820
1024 512 2048 931 672 1825
1280 512 2048 1122 702 1843
1536 512 2048 1324 740 1858
1792 512 2048 1531 782 1876
2048 512 2048 1741 826 1894
2303 512 2048 1955 875 1913
2559 512 2048 2170 925 1931
2815 512 2048 2387 978 1948
3071 512 2048 2605 1033 1966
3327 512 2048 2823 1089 1983
3583 512 2048 3041 1147 2000
3839 512 2048 3260 1205 2018
4095 512 2048 3481 1263 2035
0 768 2048 380 808 1923
256 768 2048 488 812 1900
512 768 2048 625 822 1867
768 768 2048 805 839 1818
1024 768 2048 980 861 1819
1280 768 2048 1156 887 1830
1536 768 2048 1344 923 1836
1792 768 2048 1540 961 1852
2048 768 2048 1740 1000 1874
2303 768 2048 1948 1042 1899
2559 768 2048 2159 1086 1922
2815 768 2048 2373 1132 1945
3071 768 2048 2589 1180 1966
3327 768 2048 2807 1229 1987
3583 768 2048 3025 1281 2006
3839 768 2048 3247 1331 2026
4095 768 2048 3470 1379 2045
0 1024 2048 553 1037 1921
256 1024 2048 626 1039 1904
512 1024 2048 732 1045 1879
768 1024 2048 888 1056 1842
1024 1024 2048 1046 1073 1851
1280 1024 2048 1210 1091 1873
1536 1024 2048 1399 1114 1899
1792 1024 2048 1591 1144 1910
2048 1024 2048 1787 1178 1911
2303 1024 2048 1979 1222 1922
2559 1024 2048 2177 1266 1936
2815 1024 2048 2381 1310 1957
3071 1024 2048 2590 1356 1979
3327 1024 2048 2801 1402 2001
3583 1024 2048 3016 1449 2023
3839 1024 2048 3244 1487 2042
4095 1024 2048 3481 1520 2059
0 1280 2048 709 1271 1924
256 1280 2048 762 1272 1914
512 1280 2048 847 1275 1898
768 1280 2048 980 1282 1874
1024 1280 2048 1121 1293 1892
1280 1280 2048 1274 1305 1925
1536 1280 2048 1461 1315 1970
1792 1280 2048 1653 1336 1978
2048 1280 2048 1846 1365 1960
2303 1280 2048 2028 1407 1957
2559 1280 2048 2215 1450 1961
2815 1280 2048 2410 1492 1978
3071 1280 2048 2608 1537 1998
3327 1280 2048 2809 1582 2020
3583 1280 2048 3017 1627 2043
3839 1280 2048 3250 1656 2061
4095 1280 2048 3499 1673 2076
0 1536 2048 858 1509 1943
256 1536 2048 901 1510 1937
512 1536 2048 973 1512 1928
768 1536 2048 1088 1516 1914
1024 1536 2048 1214 1526 1928
1280 1536 2048 1352 1537 1952
1536 1536 2048 1522 1549 1989
1792 1536 2048 1709 1564 2002
2048 1536 2048 1907 1582 1999
2303 1536 2048 2107 1605 2002
2559 1536 2048 2305 1632 2007
2815 1536 2048 2500 1665 2015
3071 1536 2048 2680 1712 2031
3327 1536 2048 2858 1762 2050
3583 1536 2048 3051 1810 2073
3839 1536 2048 3277 1838 2088
4095 1536 2048 3525 1853 2099
0 1792 2048 1007 1749 1972
256 1792 2048 1042 1749 1969
512 1792 2048 1103 1750 1965
768 1792 2048 1203 1753 1958
1024 1792 2048 1318 1761 1968
1280 1792 2048 1443 1772 1984
1536 1792 2048 1593 1786 2010
1792 1792 2048 1770 1799 2023
2048 1792 2048 1965 1811 2027
2303 1792 2048 2168 1825 2032
2559 1792 2048 2370 1844 2037
2815 1792 2048 2570 1867 2042
3071 1792 2048 2748 1907 2057
3327 1792 2048 2922 1953 2076
3583 1792 2048 3096 2002 2105
3839 1792 2048 3312 2031 2120
4095 1792 2048 3555 2046 2125
0 2048 2048 1155 1989 2007
256 2048 2048 1184 1989 2007
512 2048 2048 1236 1990 2006
768 2048 2048 1324 1991 2006
1024 2048 2048 1430 1998 2011
1280 2048 2048 1543 2009 2020
1536 2048 2048 1670 2025 2034
1792 2048 2048 1833 2038 2042
2048 2048 2048 2020 2048 2046
2303 2048 2048 2218 2061 2051
2559 2048 2048 2419 2074 2056
2815 2048 2048 2624 2089 2062
3071 2048 2048 2814 2116 2078
3327 2048 2048 2994 2150 2101
3583 2048 2048 3149 2201 2139
3839 2048 2048 3352 2231 2155
4095 2048 2048 3589 2247 2155
0 2303 2048 1301 2230 2054
256 2303 2048 1326 2230 2054
512 2303 2048 1373 2231 2056
768 2303 2048 1452 2231 2058
1024 2303 2048 1552 2237 2063
1280 2303 2048 1656 2246 2068
1536 2303 2048 1759 2266 2065
1792 2303 2048 1907 2279 2066
2048 2303 2048 2086 2288 2070
2303 2303 2048 2278 2299 2075
2559 2303 2048 2473 2311 2080
2815 2303 2048 2674 2325 2086
3071 2303 2048 2871 2344 2096
3327 2303 2048 3059 2369 2116
3583 2303 2048 3208 2414 2174
3839 2303 2048 3404 2443 2195
4095 2303 2048 3631 2460 2192
0 2559 2048 1447 2473 2103
256 2559 2048 1469 2473 2104
512 2559 2048 1511 2473 2107
768 2559 2048 1582 2473 2112
1024 2559 2048 1676 2477 2118
1280 2559 2048 1775 2485 2120
1536 2559 2048 1866 2505 2109
1792 2559 2048 1997 2519 2101
2048 2559 2048 2157 2530 2096
2303 2559 2048 2341 2540 2101
2559 2559 2048 2531 2551 2106
2815 2559 2048 2726 2563 2112
3071 2559 2048 2927 2576 2118
3327 2559 2048 3120 2595 2136
3583 2559 2048 3275 2631 2201
3839 2559 2048 3464 2658 2228
4095 2559 2048 3676 2678 2232
0 2815 2048 1593 2716 2156
256 2815 2048 1613 2716 2158
512 2815 2048 1650 2716 2161
768 2815 2048 1715 2716 2167
1024 2815 2048 1804 2719 2175
1280 2815 2048 1900 2724 2179
1536 2815 2048 1999 2738 2173
1792 2815 2048 2111 2755 2153
2048 2815 2048 2233 2774 2125
2303 2815 2048 2411 2783 2129
2559 2815 2048 2594 2792 2134
2815 2815 2048 2784 2803 2140
3071 2815 2048 2980 2815 2147
3327 2815 2048 3174 2830 2163
3583 2815 2048 3350 2853 2216
3839 2815 2048 3535 2877 2252
4095 2815 2048 3726 2901 2276
0 3071 2048 1739 2960 2212
256 3071 2048 1757 2959 2214
512 3071 2048 1791 2959 2218
768 3071 2048 1850 2959 2225
1024 3071 2048 1935 2961 2234
1280 3071 2048 2028 2965 2241
1536 3071 2048 2129 2975 2240
1792 3071 2048 2233 2991 2220
2048 3071 2048 2339 3011 2187
2303 3071 2048 2496 3023 2173
2559 3071 2048 2664 3035 2167
2815 3071 2048 2848 3045 2172
3071 3071 2048 3040 3055 2183
3327 3071 2048 3231 3068 2201
3583 3071 2048 3417 3085 2239
3839 3071 2048 3600 3105 2281
4095 3071 2048 3782 3128 2327
0 3327 2048 1885 3204 2269
256 3327 2048 1901 3203 2272
512 3327 2048 1933 3203 2276
768 3327 2048 1987 3203 2284
1024 3327 2048 2067 3204 2294
1280 3327 2048 2156 3207 2303
1536 3327 2048 2258 3214 2307
1792 3327 2048 2358 3227 2291
2048 3327 2048 2457 3245 2262
2303 3327 2048 2591 3262 2230
2559 3327 2048 2743 3276 2213
2815 3327 2048 2921 3285 2220
3071 3327 2048 3106 3295 2236
3327 3327 2048 3293 3305 2255
3583 3327 2048 3482 3319 2278
3839 3327 2048 3664 3336 2325
4095 3327 2048 3841 3357 2386
0 3583 2048 2031 3448 2330
256 3583 2048 2046 3448 2332
512 3583 2048 2075 3448 2337
768 3583 2048 2125 3447 2345
1024 3583 2048 2201 3448 2355
1280 3583 2048 2286 3450 2366
1536 3583 2048 2385 3455 2374
1792 3583 2048 2488 3465 2368
2048 3583 2048 2591 3478 2354
2303 3583 2048 2714 3495 2325
2559 3583 2048 2854 3508 2313
2815 3583 2048 3021 3517 2326
3071 3583 2048 3194 3528 2343
3327 3583 2048 3370 3539 2361
3583 3583 2048 3549 3553 2381
3839 3583 2048 3727 3570 2419
4095 3583 2048 3903 3588 2468
0 3839 2048 2144 3700 2366
256 3839 2048 2157 3700 2368
512 3839 2048 2182 3700 2371
768 3839 2048 2227 3701 2376
1024 3839 2048 2296 3702 2383
1280 3839 2048 2375 3704 2391
1536 3839 2048 2472 3708 2397
1792 3839 2048 2576 3716 2397
2048 3839 2048 2686 3725 2393
2303 3839 2048 2811 3738 2377
2559 3839 2048 2949 3749 2371
2815 3839 2048 3107 3758 2382
3071 3839 2048 3273 3769 2393
3327 3839 2048 3442 3781 2404
3583 3839 2048 3618 3794 2414
3839 3839 2048 3795 3808 2429
4095 3839 2048 3973 3823 2447
0 4095 2048 2234 3957 2386
256 4095 2048 2245 3957 2387
512 4095 2048 2266 3958 2387
768 4095 2048 2304 3960 2388
1024 4095 2048 2365 3962 2389
1280 4095 2048 2437 3966 2390
1536 4095 2048 2530 3970 2392
1792 4095 2048 2638 3975 2394
2048 4095 2048 2755 3981 2397
2303 4095 2048 2890 3988 2399
2559 4095 2048 3033 3996 2402
2815 4095 2048 3184 4005 2404
3071 4095 2048 3346 4016 2405
3327 4095 2048 3512 4027 2405
3583 4095 2048 3687 4039 2401
3839 4095 2048 3866 4050 2384
4095 4095 2048 4047 4061 2357
0 0 2303 0 400 2188
256 0 2303 159 397 2188
512 0 2303 363 404 2183
768 0 2303 634 428 2171
1024 0 2303 871 464 2162
1280 0 2303 1097 504 2156
1536 0 2303 1317 552 2154
1792 0 2303 1536 604 2155
2048 0 2303 1754 659 2159
2303 0 2303 1971 718 2166
2559 0 2303 2188 778 2174
2815 0 2303 2406 840 2184
3071 0 2303 2623 903 2195
3327 0 2303 2841 967 2207
3583 0 2303 3059 1032 2220
3839 0 2303 3276 1098 2234
4095 0 2303 3494 1163 2249
0 256 2303 10 487 2184
256 256 2303 222 491 2166
512 256 2303 446 505 2140
768 256 2303 687 531 2105
1024 256 2303 900 562 2103
1280 256 2303 1108 596 2111
1536 256 2303 1320 637 2120
1792 256 2303 1534 683 2130
2048 256 2303 1749 731 2141
2303 256 2303 1965 785 2153
2559 256 2303 2182 840 2165
2815 256 2303 2399 897 2178
3071 256 2303 2617 956 2191
3327 256 2303 2834 1016 2205
3583 256 2303 3053 1077 2220
3839 256 2303 3271 1140 2235
4095 256 2303 3489 1203 2250
0 512 2303 116 621 2177
256 512 2303 322 629 2150
512 512 2303 531 644 2113
768 512 2303 745 669 2062
1024 512 2303 939 696 2058
1280 512 2303 1131 725 2068
1536 512 2303 1332 761 2083
1792 512 2303 1538 801 2100
2048 512 2303 1747 844 2118
2303 512 2303 1959 891 2135
2559 512 2303 2174 940 2153
2815 512 2303 2390 992 2170
3071 512 2303 2607 1046 2186
3327 512 2303 2825 1101 2203
3583 512 2303 3043 1158 2219
3839 512 2303 3262 1216 2236
4095 512 2303 3481 1274 2253
0 768 2303 363 826 2166
256 768 2303 477 830 2144
512 768 2303 621 840 2109
768 768 2303 810 858 2056
1024 768 2303 990 882 2036
1280 768 2303 1169 909 2029
1536 768 2303 1355 942 2043
1792 768 2303 1549 978 2063
2048 768 2303 1747 1016 2087
2303 768 2303 1954 1057 2112
2559 768 2303 2164 1100 2136
2815 768 2303 2377 1145 2158
3071 768 2303 2593 1192 2180
3327 768 2303 2809 1241 2200
3583 768 2303 3027 1291 2220
3839 768 2303 3247 1341 2240
4095 768 2303 3469 1391 2259
0 1024 2303 542 1051 2160
256 1024 2303 618 1054 2144
512 1024 2303 729 1060 2116
768 1024 2303 893 1071 2073
1024 1024 2303 1057 1090 2058
1280 1024 2303 1226 1111 2060
1536 1024 2303 1406 1132 2098
1792 1024 2303 1594 1161 2114
2048 1024 2303 1787 1196 2114
2303 1024 2303 1982 1237 2126
2559 1024 2303 2180 1280 2142
2815 1024 2303 2384 1323 2163
3071 1024 2303 2593 1367 2185
3327 1024 2303 2804 1412 2208
3583 1024 2303 3018 1459 2229
3839 1024 2303 3245 1498 2250
4095 1024 2303 3480 1530 2271
0 1280 2303 702 1283 2159
256 1280 2303 757 1284 2148
512 1280 2303 845 1288 2129
768 1280 2303 984 1294 2098
1024 1280 2303 1133 1307 2092
1280 1280 2303 1290 1320 2105
1536 1280 2303 1463 1331 2168
1792 1280 2303 1648 1353 2181
2048 1280 2303 1840 1383 2161
2303 1280 2303 2026 1423 2159
2559 1280 2303 2215 1463 2164
2815 1280 2303 2409 1505 2179
3071 1280 2303 2608 1549 2199
3327 1280 2303 2810 1593 2221
3583 1280 2303 3018 1637 2244
3839 1280 2303 3251 1665 2266
4095 1280 2303 3499 1682 2287
0 1536 2303 853 1520 2171
256 1536 2303 897 1520 2163
512 1536 2303 971 1522 2151
768 1536 2303 1090 1527 2131
1024 1536 2303 1226 1537 2128
1280 1536 2303 1368 1548 2141
1536 1536 2303 1524 1559 2205
1792 1536 2303 1706 1574 2228
2048 1536 2303 1904 1592 2225
2303 1536 2303 2105 1614 2227
2559 1536 2303 2301 1643 2228
2815 1536 2303 2490 1680 2227
3071 1536 2303 2671 1727 2236
3327 1536 2303 2855 1774 2250
3583 1536 2303 3050 1820 2271
3839 1536 2303 3276 1847 2290
4095 1536 2303 3524 1861 2307
0 1792 2303 1003 1758 2193
256 1792 2303 1039 1758 2188
512 1792 2303 1102 1760 2180
768 1792 2303 1205 1762 2169
1024 1792 2303 1328 1770 2168
1280 1792 2303 1458 1780 2180
1536 1792 2303 1594 1793 2233
1792 1792 2303 1767 1805 2257
2048 1792 2303 1962 1817 2260
2303 1792 2303 2166 1832 2265
2559 1792 2303 2366 1852 2266
2815 1792 2303 2559 1880 2263
3071 1792 2303 2739 1920 2269
3327 1792 2303 2916 1964 2281
3583 1792 2303 3094 2012 2303
3839 1792 2303 3311 2039 2319
4095 1792 2303 3554 2053 2332
0 2048 2303 1151 1997 2221
256 2048 2303 1181 1997 2218
512 2048 2303 1235 1998 2215
768 2048 2303 1325 2000 2210
1024 2048 2303 1437 2006 2211
1280 2048 2303 1554 2015 2220
1536 2048 2303 1671 2031 2257
1792 2048 2303 1830 2044 2274
2048 2048 2303 2018 2054 2277
2303 2048 2303 2216 2066 2282
2559 2048 2303 2417 2080 2286
2815 2048 2303 2623 2095 2292
3071 2048 2303 2810 2123 2300
3327 2048 2303 2988 2159 2312
3583 2048 2303 3146 2209 2337
3839 2048 2303 3351 2239 2352
4095 2048 2303 3588 2253 2360
0 2303 2303 1298 2238 2261
256 2303 2303 1324 2238 2260
512 2303 2303 1372 2238 2259
768 2303 2303 1452 2239 2258
1024 2303 2303 1556 2244 2260
1280 2303 2303 1665 2252 2266
1536 2303 2303 1769 2269 2282
1792 2303 2303 1913 2282 2293
2048 2303 2303 2084 2293 2299
2303 2303 2303 2275 2304 2303
2559 2303 2303 2471 2316 2307
2815 2303 2303 2672 2330 2313
3071 2303 2303 2869 2349 2320
3327 2303 2303 3055 2375 2333
3583 2303 2303 3206 2422 2373
3839 2303 2303 3402 2450 2390
4095 2303 2303 3630 2466 2393
0 2559 2303 1445 2479 2305
256 2559 2303 1468 2479 2305
512 2559 2303 1510 2479 2306
768 2559 2303 1582 2480 2308
1024 2559 2303 1679 2483 2312
1280 2559 2303 1781 2490 2316
1536 2559 2303 1879 2506 2319
1792 2559 2303 2007 2521 2321
2048 2559 2303 2154 2535 2322
2303 2559 2303 2339 2545 2326
2559 2559 2303 2529 2555 2330
2815 2559 2303 2724 2567 2336
3071 2559 2303 2925 2581 2341
3327 2559 2303 3118 2600 2356
3583 2559 2303 3270 2638 2404
3839 2559 2303 3460 2665 2426
4095 2559 2303 3675 2683 2430
0 2815 2303 1592 2721 2353
256 2815 2303 1611 2721 2354
512 2815 2303 1649 2721 2357
768 2815 2303 1714 2722 2360
1024 2815 2303 1805 2724 2366
1280 2815 2303 1903 2729 2371
1536 2815 2303 2004 2741 2371
1792 2815 2303 2114 2758 2362
2048 2815 2303 2230 2778 2347
2303 2815 2303 2409 2786 2351
2559 2815 2303 2592 2796 2356
2815 2815 2303 2782 2807 2361
3071 2815 2303 2979 2819 2367
3327 2815 2303 3171 2834 2381
3583 2815 2303 3341 2860 2429
3839 2815 2303 3527 2884 2457
4095 2815 2303 3725 2905 2470
0 3071 2303 1738 2965 2406
256 3071 2303 1756 2964 2407
512 3071 2303 1790 2964 2410
768 3071 2303 1850 2964 2415
1024 3071 2303 1935 2966 2422
1280 3071 2303 2028 2970 2428
1536 3071 2303 2130 2979 2430
1792 3071 2303 2232 2995 2418
2048 3071 2303 2334 3015 2397
2303 3071 2303 2493 3027 2388
2559 3071 2303 2662 3038 2385
2815 3071 2303 2847 3048 2390
3071 3071 2303 3038 3059 2397
3327 3071 2303 3229 3072 2410
3583 3071 2303 3413 3090 2440
3839 3071 2303 3597 3110 2477
4095 3071 2303 3781 3132 2516
0 3327 2303 1884 3208 2460
256 3327 2303 1900 3208 2462
512 3327 2303 1931 3208 2465
768 3327 2303 1986 3208 2471
1024 3327 2303 2066 3209 2480
1280 3327 2303 2155 3211 2488
1536 3327 2303 2257 3218 2492
1792 3327 2303 2354 3232 2480
2048 3327 2303 2449 3251 2457
2303 3327 2303 2585 3267 2432
2559 3327 2303 2738 3280 2420
2815 3327 2303 2916 3289 2425
3071 3327 2303 3102 3299 2435
3327 3327 2303 3291 3310 2445
3583 3327 2303 3484 3323 2458
3839 3327 2303 3666 3340 2502
4095 3327 2303 3840 3361 2568
0 3583 2303 2030 3452 2517
256 3583 2303 2045 3452 2519
512 3583 2303 2074 3452 2523
768 3583 2303 2124 3451 2530
1024 3583 2303 2199 3452 2539
1280 3583 2303 2285 3454 2548
1536 3583 2303 2384 3459 2555
1792 3583 2303 2484 3469 2551
2048 3583 2303 2585 3483 2538
2303 3583 2303 2694 3504 2498
2559 3583 2303 2828 3520 2477
2815 3583 2303 2999 3528 2485
3071 3583 2303 3178 3538 2494
3327 3583 2303 3359 3549 2505
3583 3583 2303 3546 3561 2516
3839 3583 2303 3727 3576 2563
4095 3583 2303 3904 3592 2633
0 3839 2303 2143 3703 2555
256 3839 2303 2156 3703 2556
512 3839 2303 2181 3703 2559
768 3839 2303 2226 3704 2563
1024 3839 2303 2295 3705 2570
1280 3839 2303 2374 3708 2576
1536 3839 2303 2470 3712 2582
1792 3839 2303 2574 3719 2582
2048 3839 2303 2682 3729 2578
2303 3839 2303 2795 3746 2550
2559 3839 2303 2927 3760 2536
2815 3839 2303 3089 3768 2542
3071 3839 2303 3259 3778 2549
3327 3839 2303 3433 3789 2555
3583 3839 2303 3614 3801 2561
3839 3839 2303 3794 3813 2585
4095 3839 2303 3972 3826 2620
0 4095 2303 2233 3960 2579
256 4095 2303 2244 3960 2579
512 4095 2303 2266 3961 2580
768 4095 2303 2303 3962 2581
1024 4095 2303 2364 3965 2582
1280 4095 2303 2436 3968 2583
1536 4095 2303 2529 3973 2585
1792 4095 2303 2637 3978 2587
2048 4095 2303 2753 3984 2590
2303 4095 2303 2889 3991 2593
2559 4095 2303 3031 3999 2595
2815 4095 2303 3183 4008 2598
3071 4095 2303 3345 4018 2600
3327 4095 2303 3511 4029 2601
3583 4095 2303 3686 4041 2598
3839 4095 2303 3863 4052 2581
4095 4095 2303 4044 4061 2555
0 0 2559 0 444 2429
256 0 2559 138 440 2432
512 0 2559 335 445 2429
768 0 2559 622 466 2416
1024 0 2559 865 498 2406
1280 0 2559 1095 535 2398
1536 0 2559 1317 580 2394
1792 0 2559 1537 630 2393
2048 0 2559 1756 682 2395
2303 0 2559 1972 739 2400
2559 0 2559 2190 797 2406
2815 0 2559 2407 857 2414
3071 0 2559 2625 919 2424
3327 0 2559 2842 982 2435
3583 0 2559 3060 1046 2447
3839 0 2559 3277 1110 2459
4095 0 2559 3495 1175 2473
0 256 2559 0 522 2427
256 256 2559 204 525 2411
512 256 2559 428 538 2387
768 256 2559 683 563 2351
1024 256 2559 901 591 2346
1280 256 2559 1111 623 2350
1536 256 2559 1324 662 2357
1792 256 2559 1538 706 2365
2048 256 2559 1753 752 2374
2303 256 2559 1968 804 2384
2559 256 2559 2184 857 2394
2815 256 2559 2401 913 2406
3071 256 2559 2619 971 2418
3327 256 2559 2836 1030 2431
3583 256 2559 3054 1091 2444
3839 256 2559 3272 1152 2458
4095 256 2559 3490 1215 2472
0 512 2559 99 647 2422
256 512 2559 306 655 2396
512 512 2559 521 669 2360
768 512 2559 746 694 2308
1024 512 2559 945 720 2296
1280 512 2559 1139 749 2297
1536 512 2559 1339 783 2312
1792 512 2559 1544 821 2328
2048 512 2559 1752 862 2344
2303 512 2559 1964 908 2361
2559 512 2559 2178 956 2377
2815 512 2559 2393 1007 2393
3071 512 2559 2610 1060 2409
3327 512 2559 2827 1114 2425
3583 512 2559 3045 1170 2441
3839 512 2559 3263 1228 2457
4095 512 2559 3482 1285 2473
0 768 2559 345 845 2410
256 768 2559 463 850 2389
512 768 2559 614 859 2353
768 768 2559 813 877 2297
1024 768 2559 1000 903 2260
1280 768 2559 1183 932 2237
1536 768 2559 1367 963 2255
1792 768 2559 1558 997 2278
2048 768 2559 1755 1033 2303
2303 768 2559 1961 1073 2328
2559 768 2559 2170 1114 2352
2815 768 2559 2382 1158 2375
3071 768 2559 2597 1205 2396
3327 768 2559 2813 1252 2417
3583 768 2559 3030 1302 2436
3839 768 2559 3249 1353 2456
4095 768 2559 3469 1403 2475
0 1024 2559 529 1066 2402
256 1024 2559 609 1069 2385
512 1024 2559 725 1075 2356
768 1024 2559 896 1087 2308
1024 1024 2559 1068 1108 2273
1280 1024 2559 1240 1130 2256
1536 1024 2559 1415 1152 2293
1792 1024 2559 1599 1181 2312
2048 1024 2559 1790 1214 2318
2303 1024 2559 1985 1254 2332
2559 1024 2559 2184 1294 2349
2815 1024 2559 2388 1336 2371
3071 1024 2559 2597 1379 2394
3327 1024 2559 2807 1424 2416
3583 1024 2559 3021 1470 2439
3839 1024 2559 3246 1508 2462
4095 1024 2559 3480 1542 2485
0 1280 2559 694 1295 2397
256 1280 2559 751 1296 2385
512 1280 2559 842 1300 2363
768 1280 2559 986 1307 2327
1024 1280 2559 1143 1321 2301
1280 1280 2559 1304 1336 2294
1536 1280 2559 1470 1350 2352
1792 1280 2559 1649 1373 2368
2048 1280 2559 1837 1403 2356
2303 1280 2559 2025 1440 2358
2559 1280 2559 2216 1478 2366
2815 1280 2559 2410 1519 2382
3071 1280 2559 2610 1561 2402
3327 1280 2559 2812 1604 2424
3583 1280 2559 3021 1648 2447
3839 1280 2559 3251 1675 2472
4095 1280 2559 3498 1692 2499
0 1536 2559 848 1530 2403
256 1536 2559 893 1531 2394
512 1536 2559 969 1534 2378
768 1536 2559 1092 1538 2352
1024 1536 2559 1235 1548 2335
1280 1536 2559 1383 1560 2335
1536 1536 2559 1532 1572 2399
1792 1536 2559 1708 1588 2425
2048 1536 2559 1900 1607 2427
2303 1536 2559 2099 1630 2435
2559 1536 2559 2293 1658 2438
2815 1536 2559 2480 1697 2435
3071 1536 2559 2665 1741 2441
3327 1536 2559 2852 1787 2451
3583 1536 2559 3049 1831 2471
3839 1536 2559 3276 1857 2494
4095 1536 2559 3523 1870 2519
0 1792 2559 999 1767 2417
256 1792 2559 1035 1768 2411
512 1792 2559 1100 1769 2401
768 1792 2559 1206 1772 2384
1024 1792 2559 1336 1780 2373
1280 1792 2559 1471 1789 2377
1536 1792 2559 1604 1802 2434
1792 1792 2559 1770 1815 2464
2048 1792 2559 1959 1828 2474
2303 1792 2559 2160 1843 2483
2559 1792 2559 2358 1864 2486
2815 1792 2559 2550 1893 2481
3071 1792 2559 2732 1932 2482
3327 1792 2559 2912 1975 2487
3583 1792 2559 3092 2022 2502
3839 1792 2559 3310 2048 2521
4095 1792 2559 3553 2061 2542
0 2048 2559 1148 2006 2438
256 2048 2559 1178 2006 2435
512 2048 2559 1233 2007 2429
768 2048 2559 1325 2009 2419
1024 2048 2559 1443 2014 2414
1280 2048 2559 1565 2022 2419
1536 2048 2559 1681 2037 2463
1792 2048 2559 1836 2050 2489
2048 2048 2559 2016 2060 2505
2303 2048 2559 2213 2072 2512
2559 2048 2559 2415 2086 2519
2815 2048 2559 2620 2101 2523
3071 2048 2559 2807 2130 2524
3327 2048 2559 2985 2167 2526
3583 2048 2559 3144 2218 2538
3839 2048 2559 3350 2247 2552
4095 2048 2559 3587 2260 2567
0 2303 2559 1295 2245 2472
256 2303 2559 1321 2245 2471
512 2303 2559 1370 2246 2467
768 2303 2559 1452 2247 2462
1024 2303 2559 1560 2251 2460
1280 2303 2559 1674 2258 2464
1536 2303 2559 1784 2273 2489
1792 2303 2559 1923 2286 2510
2048 2303 2559 2081 2299 2527
2303 2303 2559 2273 2310 2533
2559 2303 2559 2469 2322 2538
2815 2303 2559 2670 2335 2542
3071 2303 2559 2866 2355 2546
3327 2303 2559 3053 2382 2553
3583 2303 2559 3204 2429 2574
3839 2303 2559 3401 2457 2588
4095 2303 2559 3629 2472 2598
0 2559 2559 1443 2486 2511
256 2559 2559 1465 2486 2510
512 2559 2559 1508 2486 2509
768 2559 2559 1581 2487 2508
1024 2559 2559 1681 2490 2509
1280 2559 2559 1787 2496 2512
1536 2559 2559 1894 2509 2524
1792 2559 2559 2017 2524 2537
2048 2559 2559 2151 2539 2550
2303 2559 2559 2337 2549 2554
2559 2559 2559 2527 2560 2558
2815 2559 2559 2722 2572 2563
3071 2559 2559 2923 2585 2568
3327 2559 2559 3115 2605 2578
3583 2559 2559 3266 2645 2608
3839 2559 2559 3457 2672 2624
4095 2559 2559 3674 2689 2632
0 2815 2559 1590 2728 2555
256 2815 2559 1610 2727 2555
512 2815 2559 1648 2728 2556
768 2815 2559 1714 2728 2557
1024 2815 2559 1806 2730 2560
1280 2815 2559 1906 2735 2564
1536 2815 2559 2012 2746 2570
1792 2815 2559 2119 2762 2572
2048 2815 2559 2228 2782 2573
2303 2815 2559 2406 2791 2577
2559 2815 2559 2590 2800 2581
2815 2815 2559 2780 2811 2585
3071 2815 2559 2977 2823 2590
3327 2815 2559 3168 2839 2602
3583 2815 2559 3334 2867 2641
3839 2815 2559 3521 2891 2661
4095 2815 2559 3724 2911 2669
0 3071 2559 1736 2970 2604
256 3071 2559 1754 2970 2604
512 3071 2559 1789 2970 2606
768 3071 2559 1849 2970 2609
1024 3071 2559 1935 2972 2614
1280 3071 2559 2030 2975 2619
1536 3071 2559 2134 2984 2623
1792 3071 2559 2234 2999 2620
2048 3071 2559 2332 3019 2611
2303 3071 2559 2491 3031 2607
2559 3071 2559 2660 3042 2607
2815 3071 2559 2845 3052 2611
3071 3071 2559 3036 3063 2616
3327 3071 2559 3228 3076 2625
3583 3071 2559 3410 3095 2648
3839 3071 2559 3594 3115 2677
4095 3071 2559 3780 3137 2710
0 3327 2559 1882 3213 2654
256 3327 2559 1899 3213 2656
512 3327 2559 1930 3213 2658
768 3327 2559 1985 3213 2662
1024 3327 2559 2065 3214 2669
1280 3327 2559 2155 3216 2675
1536 3327 2559 2258 3223 2680
1792 3327 2559 2354 3237 2673
2048 3327 2559 2447 3255 2659
2303 3327 2559 2581 3271 2642
2559 3327 2559 2733 3285 2634
2815 3327 2559 2912 3294 2638
3071 3327 2559 3099 3304 2643
3327 3327 2559 3289 3314 2649
3583 3327 2559 3485 3326 2655
3839 3327 2559 3667 3344 2694
4095 3327 2559 3839 3365 2755
0 3583 2559 2028 3456 2709
256 3583 2559 2043 3456 2710
512 3583 2559 2072 3456 2713
768 3583 2559 2123 3456 2718
1024 3583 2559 2199 3457 2726
1280 3583 2559 2284 3458 2733
1536 3583 2559 2384 3463 2740
1792 3583 2559 2483 3474 2737
2048 3583 2559 2582 3488 2729
2303 3583 2559 2682 3511 2687
2559 3583 2559 2812 3529 2664
2815 3583 2559 2985 3537 2668
3071 3583 2559 3167 3546 2673
3327 3583 2559 3353 3556 2679
3583 3583 2559 3544 3567 2685
3839 3583 2559 3727 3581 2732
4095 3583 2559 3904 3596 2808
0 3839 2559 2142 3707 2747
256 3839 2559 2155 3707 2748
512 3839 2559 2180 3707 2751
768 3839 2559 2225 3708 2754
1024 3839 2559 2294 3709 2760
1280 3839 2559 2373 3711 2765
1536 3839 2559 2470 3716 2771
1792 3839 2559 2572 3723 2771
2048 3839 2559 2679 3733 2768
2303 3839 2559 2785 3752 2737
2559 3839 2559 2914 3767 2720
2815 3839 2559 3077 3775 2724
3071 3839 2559 3250 3785 2728
3327 3839 2559 3427 3795 2732
3583 3839 2559 3611 3806 2735
3839 3839 2559 3793 3817 2761
4095 3839 2559 3972 3829 2803
0 4095 2559 2233 3962 2776
256 4095 2559 2244 3963 2776
512 4095 2559 2265 3964 2777
768 4095 2559 2303 3965 2777
1024 4095 2559 2363 3968 2778
1280 4095 2559 2435 3971 2780
1536 4095 2559 2528 3975 2782
1792 4095 2559 2636 3981 2785
2048 4095 2559 2752 3986 2787
2303 4095 2559 2888 3994 2790
2559 4095 2559 3030 4002 2793
2815 4095 2559 3182 4011 2797
3071 4095 2559 3343 4021 2799
3327 4095 2559 3510 4032 2800
3583 4095 2559 3684 4044 2799
3839 4095 2559 3862 4054 2784
4095 4095 2559 4041 4062 2759
0 0 2815 0 488 2669
256 0 2815 122 484 2674
512 0 2815 314 488 2672
768 0 2815 610 505 2660
1024 0 2815 858 534 2650
1280 0 2815 1092 568 2641
1536 0 2815 1316 610 2636
1792 0 2815 1537 657 2633
2048 0 2815 1757 707 2632
2303 0 2815 1974 761 2635
2559 0 2815 2192 818 2640
2815 0 2815 2409 876 2646
3071 0 2815 2626 937 2655
3327 0 2815 2844 998 2664
3583 0 2815 3061 1061 2675
3839 0 2815 3279 1125 2686
4095 0 2815 3496 1189 2698
0 256 2815 0 558 2670
256 256 2815 190 561 2656
512 256 2815 410 573 2634
768 256 2815 676 595 2599
1024 256 2815 899 622 2592
1280 256 2815 1113 652 2592
1536 256 2815 1326 689 2596
1792 256 2815 1541 730 2602
2048 256 2815 1756 775 2608
2303 256 2815 1971 825 2617
2559 256 2815 2187 876 2626
2815 256 2815 2404 931 2636
3071 256 2815 2621 988 2647
3327 256 2815 2838 1045 2658
3583 256 2815 3056 1105 2671
3839 256 2815 3273 1166 2684
4095 256 2815 3491 1227 2697
0 512 2815 93 675 2666
256 512 2815 293 683 2642
512 512 2815 507 697 2608
768 512 2815 743 720 2557
1024 512 2815 948 746 2538
1280 512 2815 1146 774 2532
1536 512 2815 1346 807 2545
1792 512 2815 1550 843 2559
2048 512 2815 1758 883 2574
2303 512 2815 1969 927 2589
2559 512 2815 2182 974 2604
2815 512 2815 2397 1023 2619
3071 512 2815 2613 1075 2634
3327 512 2815 2830 1129 2649
3583 512 2815 3047 1184 2664
3839 512 2815 3265 1241 2680
4095 512 2815 3483 1298 2695
0 768 2815 325 865 2655
256 768 2815 448 870 2634
512 768 2815 605 880 2599
768 768 2815 813 897 2543
1024 768 2815 1008 925 2493
1280 768 2815 1198 954 2458
1536 768 2815 1379 984 2475
1792 768 2815 1569 1016 2497
2048 768 2815 1764 1051 2523
2303 768 2815 1969 1089 2547
2559 768 2815 2177 1130 2571
2815 768 2815 2388 1173 2594
3071 768 2815 2602 1218 2615
3327 768 2815 2817 1265 2635
3583 768 2815 3033 1315 2655
3839 768 2815 3251 1365 2674
4095 768 2815 3470 1416 2692
0 1024 2815 513 1082 2645
256 1024 2815 597 1085 2628
512 1024 2815 719 1092 2598
768 1024 2815 896 1104 2549
1024 1024 2815 1076 1126 2501
1280 1024 2815 1255 1150 2466
1536 1024 2815 1427 1175 2483
1792 1024 2815 1609 1203 2501
2048 1024 2815 1796 1234 2521
2303 1024 2815 1991 1271 2539
2559 1024 2815 2190 1310 2559
2815 1024 2815 2393 1350 2582
3071 1024 2815 2601 1393 2605
3327 1024 2815 2811 1436 2628
3583 1024 2815 3024 1482 2650
3839 1024 2815 3248 1520 2675
4095 1024 2815 3479 1554 2701
0 1280 2815 685 1308 2637
256 1280 2815 744 1310 2624
512 1280 2815 838 1314 2601
768 1280 2815 987 1321 2562
1024 1280 2815 1151 1336 2524
1280 1280 2815 1318 1353 2497
1536 1280 2815 1482 1373 2513
1792 1280 2815 1657 1397 2528
2048 1280 2815 1839 1424 2541
2303 1280 2815 2026 1459 2552
2559 1280 2815 2217 1495 2566
2815 1280 2815 2413 1534 2585
3071 1280 2815 2613 1575 2606
3327 1280 2815 2816 1616 2628
3583 1280 2815 3024 1659 2652
3839 1280 2815 3253 1687 2681
4095 1280 2815 3496 1704 2714
0 1536 2815 841 1542 2638
256 1536 2815 887 1543 2628
512 1536 2815 966 1545 2611
768 1536 2815 1093 1550 2581
1024 1536 2815 1242 1561 2553
1280 1536 2815 1396 1574 2535
1536 1536 2815 1549 1590 2559
1792 1536 2815 1718 1609 2578
2048 1536 2815 1897 1629 2594
2303 1536 2815 2088 1653 2614
2559 1536 2815 2281 1681 2629
2815 1536 2815 2473 1715 2636
3071 1536 2815 2661 1757 2643
3327 1536 2815 2851 1800 2653
3583 1536 2815 3050 1843 2672
3839 1536 2815 3276 1868 2700
4095 1536 2815 3522 1881 2732
0 1792 2815 994 1778 2647
256 1792 2815 1031 1778 2640
512 1792 2815 1097 1780 2627
768 1792 2815 1207 1783 2606
1024 1792 2815 1342 1791 2586
1280 1792 2815 1483 1800 2575
1536 1792 2815 1625 1814 2601
1792 1792 2815 1785 1829 2628
2048 1792 2815 1956 1845 2657
2303 1792 2815 2150 1861 2678
2559 1792 2815 2346 1881 2691
2815 1792 2815 2542 1907 2694
3071 1792 2815 2728 1945 2692
3327 1792 2815 2911 1986 2692
3583 1792 2815 3092 2033 2703
3839 1792 2815 3310 2058 2724
4095 1792 2815 3552 2070 2753
0 2048 2815 1144 2015 2661
256 2048 2815 1175 2016 2657
512 2048 2815 1231 2016 2649
768 2048 2815 1325 2018 2635
1024 2048 2815 1448 2024 2622
1280 2048 2815 1577 2031 2617
1536 2048 2815 1707 2044 2641
1792 2048 2815 1855 2056 2679
2048 2048 2815 2016 2068 2726
2303 2048 2815 2212 2079 2742
2559 2048 2815 2412 2092 2753
2815 2048 2815 2618 2107 2757
3071 2048 2815 2807 2137 2750
3327 2048 2815 2986 2174 2742
3583 2048 2815 3145 2227 2740
3839 2048 2815 3350 2256 2753
4095 2048 2815 3586 2268 2777
0 2303 2815 1292 2254 2689
256 2303 2815 1319 2254 2686
512 2303 2815 1368 2254 2681
768 2303 2815 1452 2256 2673
1024 2303 2815 1564 2260 2665
1280 2303 2815 1683 2266 2663
1536 2303 2815 1806 2278 2680
1792 2303 2815 1939 2291 2712
2048 2303 2815 2079 2305 2755
2303 2303 2815 2271 2316 2764
2559 2303 2815 2466 2328 2770
2815 2303 2815 2667 2341 2774
3071 2303 2815 2865 2361 2775
3327 2303 2815 3053 2388 2774
3583 2303 2815 3203 2437 2777
3839 2303 2815 3400 2465 2788
4095 2303 2815 3628 2480 2806
0 2559 2815 1440 2494 2722
256 2559 2815 1463 2494 2720
512 2559 2815 1506 2494 2718
768 2559 2815 1581 2495 2713
1024 2559 2815 1683 2498 2710
1280 2559 2815 1794 2503 2710
1536 2559 2815 1910 2513 2721
1792 2559 2815 2029 2528 2747
2048 2559 2815 2148 2545 2782
2303 2559 2815 2334 2555 2785
2559 2559 2815 2524 2565 2789
2815 2559 2815 2720 2577 2793
3071 2559 2815 2921 2591 2797
3327 2559 2815 3114 2610 2803
3583 2559 2815 3264 2652 2813
3839 2559 2815 3455 2679 2824
4095 2559 2815 3673 2695 2837
0 2815 2815 1587 2735 2761
256 2815 2815 1608 2734 2760
512 2815 2815 1646 2735 2759
768 2815 2815 1713 2735 2758
1024 2815 2815 1807 2737 2758
1280 2815 2815 1911 2741 2760
1536 2815 2815 2022 2750 2767
1792 2815 2815 2126 2766 2782
2048 2815 2815 2225 2787 2802
2303 2815 2815 2404 2795 2806
2559 2815 2815 2588 2805 2809
2815 2815 2815 2778 2816 2813
3071 2815 2815 2975 2828 2818
3327 2815 2815 3166 2844 2826
3583 2815 2815 3330 2874 2848
3839 2815 2815 3518 2897 2862
4095 2815 2815 3723 2916 2872
0 3071 2815 1734 2976 2805
256 3071 2815 1752 2976 2806
512 3071 2815 1788 2976 2806
768 3071 2815 1848 2976 2807
1024 3071 2815 1936 2978 2809
1280 3071 2815 2033 2981 2813
1536 3071 2815 2140 2989 2818
1792 3071 2815 2240 3003 2825
2048 3071 2815 2334 3023 2832
2303 3071 2815 2490 3035 2831
2559 3071 2815 2658 3046 2832
2815 3071 2815 2843 3056 2836
3071 3071 2815 3034 3067 2841
3327 3071 2815 3226 3080 2848
3583 3071 2815 3407 3100 2863
3839 3071 2815 3592 3121 2884
4095 3071 2815 3779 3142 2910
0 3327 2815 1881 3218 2853
256 3327 2815 1897 3218 2853
512 3327 2815 1929 3218 2855
768 3327 2815 1984 3218 2857
1024 3327 2815 2066 3219 2862
1280 3327 2815 2157 3222 2867
1536 3327 2815 2261 3228 2872
1792 3327 2815 2359 3240 2873
2048 3327 2815 2454 3258 2870
2303 3327 2815 2582 3275 2861
2559 3327 2815 2731 3289 2857
2815 3327 2815 2910 3298 2861
3071 3327 2815 3097 3308 2866
3327 3327 2815 3287 3318 2871
3583 3327 2815 3483 3330 2876
3839 3327 2815 3665 3348 2905
4095 3327 2815 3839 3370 2951
0 3583 2815 2027 3461 2904
256 3583 2815 2042 3461 2905
512 3583 2815 2071 3461 2907
768 3583 2815 2122 3461 2911
1024 3583 2815 2198 3462 2916
1280 3583 2815 2284 3463 2922
1536 3583 2815 2385 3468 2929
1792 3583 2815 2484 3478 2930
2048 3583 2815 2583 3492 2928
2303 3583 2815 2681 3515 2900
2559 3583 2815 2810 3532 2884
2815 3583 2815 2983 3540 2888
3071 3583 2815 3165 3550 2893
3327 3583 2815 3351 3559 2898
3583 3583 2815 3542 3570 2903
3839 3583 2815 3726 3585 2940
4095 3583 2815 3903 3601 2997
0 3839 2815 2141 3711 2944
256 3839 2815 2154 3711 2945
512 3839 2815 2179 3711 2947
768 3839 2815 2224 3712 2950
1024 3839 2815 2293 3713 2954
1280 3839 2815 2373 3715 2959
1536 3839 2815 2470 3720 2964
1792 3839 2815 2572 3727 2966
2048 3839 2815 2679 3737 2965
2303 3839 2815 2784 3756 2944
2559 3839 2815 2912 3770 2933
2815 3839 2815 3076 3779 2937
3071 3839 2815 3249 3788 2941
3327 3839 2815 3426 3798 2945
3583 3839 2815 3610 3809 2948
3839 3839 2815 3791 3821 2968
4095 3839 2815 3971 3833 2998
0 4095 2815 2233 3965 2978
256 4095 2815 2244 3966 2978
512 4095 2815 2265 3967 2978
768 4095 2815 2303 3968 2979
1024 4095 2815 2363 3971 2981
1280 4095 2815 2435 3974 2982
1536 4095 2815 2528 3979 2984
1792 4095 2815 2635 3984 2987
2048 4095 2815 2752 3990 2990
2303 4095 2815 2887 3997 2993
2559 4095 2815 3030 4005 2997
2815 4095 2815 3181 4014 3000
3071 4095 2815 3342 4024 3004
3327 4095 2815 3508 4035 3006
3583 4095 2815 3683 4047 3006
3839 4095 2815 3861 4058 2992
4095 4095 2815 4041 4066 2971
0 0 3071 0 532 2909
256 0 3071 102 528 2914
512 0 3071 287 532 2914
768 0 3071 595 545 2905
1024 0 3071 849 572 2895
1280 0 3071 1087 603 2885
1536 0 3071 1314 642 2878
1792 0 3071 1537 687 2874
2048 0 3071 1757 734 2871
2303 0 3071 1975 786 2873
2559 0 3071 2193 841 2876
2815 0 3071 2411 897 2881
3071 0 3071 2628 956 2888
3327 0 3071 2845 1016 2895
3583 0 3071 3063 1078 2905
3839 0 3071 3280 1140 2915
4095 0 3071 3498 1203 2926
0 256 3071 0 595 2913
256 256 3071 171 598 2900
512 256 3071 386 609 2880
768 256 3071 665 628 2848
1024 256 3071 895 654 2839
1280 256 3071 1112 682 2836
1536 256 3071 1327 717 2838
1792 256 3071 1543 757 2841
2048 256 3071 1758 799 2846
2303 256 3071 1974 848 2852
2559 256 3071 2190 898 2860
2815 256 3071 2407 951 2868
3071 256 3071 2623 1006 2878
3327 256 3071 2841 1063 2888
3583 256 3071 3058 1121 2899
3839 256 3071 3275 1181 2911
4095 256 3071 3493 1242 2923
0 512 3071 86 705 2910
256 512 3071 274 712 2888
512 512 3071 487 725 2856
768 512 3071 736 747 2808
1024 512 3071 948 773 2785
1280 512 3071 1150 800 2773
1536 512 3071 1351 832 2782
1792 512 3071 1556 867 2793
2048 512 3071 1763 905 2806
2303 512 3071 1974 948 2820
2559 512 3071 2187 993 2834
2815 512 3071 2401 1042 2848
3071 512 3071 2617 1092 2862
3327 512 3071 2833 1145 2876
3583 512 3071 3050 1199 2890
3839 512 3071 3267 1255 2905
4095 512 3071 3485 1312 2919
0 768 3071 300 888 2899
256 768 3071 428 893 2880
512 768 3071 592 902 2846
768 768 3071 809 920 2790
1024 768 3071 1013 947 2734
1280 768 3071 1209 977 2691
1536 768 3071 1390 1006 2703
1792 768 3071 1580 1037 2722
2048 768 3071 1774 1070 2747
2303 768 3071 1977 1108 2771
2559 768 3071 2184 1147 2794
2815 768 3071 2394 1189 2816
3071 768 3071 2607 1234 2837
3327 768 3071 2821 1280 2857
3583 768 3071 3037 1329 2876
3839 768 3071 3254 1378 2894
4095 768 3071 3472 1429 2913
0 1024 3071 492 1100 2888
256 1024 3071 582 1103 2872
512 1024 3071 709 1110 2843
768 1024 3071 894 1123 2793
1024 1024 3071 1081 1145 2738
1280 1024 3071 1267 1169 2694
1536 1024 3071 1440 1195 2700
1792 1024 3071 1620 1223 2714
2048 1024 3071 1806 1253 2735
2303 1024 3071 2000 1288 2753
2559 1024 3071 2198 1326 2773
2815 1024 3071 2400 1366 2795
3071 1024 3071 2607 1407 2819
3327 1024 3071 2817 1450 2842
3583 1024 3071 3029 1495 2865
3839 1024 3071 3251 1533 2890
4095 1024 3071 3480 1568 2919
0 1280 3071 674 1322 2879
256 1280 3071 734 1324 2866
512 1280 3071 832 1329 2842
768 1280 3071 985 1337 2802
1024 1280 3071 1155 1352 2756
1280 1280 3071 1328 1370 2719
1536 1280 3071 1494 1391 2720
1792 1280 3071 1668 1416 2728
2048 1280 3071 1847 1443 2742
2303 1280 3071 2033 1477 2755
2559 1280 3071 2223 1512 2770
2815 1280 3071 2418 1550 2789
3071 1280 3071 2618 1590 2811
3327 1280 3071 2821 1630 2835
3583 1280 3071 3028 1672 2860
3839 1280 3071 3255 1700 2892
4095 1280 3071 3495 1718 2929
0 1536 3071 833 1554 2876
256 1536 3071 880 1555 2866
512 1536 3071 961 1558 2847
768 1536 3071 1092 1564 2816
1024 1536 3071 1246 1575 2780
1280 1536 3071 1405 1588 2751
1536 1536 3071 1563 1605 2755
1792 1536 3071 1730 1626 2766
2048 1536 3071 1903 1648 2780
2303 1536 3071 2089 1674 2797
2559 1536 3071 2277 1703 2813
2815 1536 3071 2467 1736 2825
3071 1536 3071 2659 1775 2839
3327 1536 3071 2852 1815 2854
3583 1536 3071 3052 1856 2875
3839 1536 3071 3277 1880 2907
4095 1536 3071 3521 1893 2946
0 1792 3071 988 1789 2881
256 1792 3071 1026 1790 2873
512 1792 3071 1094 1791 2859
768 1792 3071 1206 1795 2835
1024 1792 3071 1345 1803 2808
1280 1792 3071 1492 1813 2787
1536 1792 3071 1641 1827 2793
1792 1792 3071 1799 1844 2808
2048 1792 3071 1965 1862 2829
2303 1792 3071 2149 1882 2847
2559 1792 3071 2336 1905 2862
2815 1792 3071 2527 1932 2872
3071 1792 3071 2716 1966 2880
3327 1792 3071 2904 2004 2889
3583 1792 3071 3091 2047 2902
3839 1792 3071 3310 2070 2929
4095 1792 3071 3551 2081 2966
0 2048 3071 1139 2025 2890
256 2048 3071 1171 2026 2885
512 2048 3071 1228 2027 2875
768 2048 3071 1324 2029 2858
1024 2048 3071 1451 2034 2839
1280 2048 3071 1585 2042 2825
1536 2048 3071 1724 2054 2832
1792 2048 3071 1874 2067 2854
2048 2048 3071 2030 2082 2885
2303 2048 3071 2213 2098 2901
2559 2048 3071 2401 2115 2914
2815 2048 3071 2594 2135 2925
3071 2048 3071 2784 2162 2931
3327 2048 3071 2969 2195 2935
3583 2048 3071 3140 2240 2937
3839 2048 3071 3350 2266 2957
4095 2048 3071 3585 2278 2989
0 2303 3071 1288 2263 2912
256 2303 3071 1315 2263 2909
512 2303 3071 1365 2264 2902
768 2303 3071 1451 2265 2890
1024 2303 3071 1566 2269 2877
1280 2303 3071 1690 2275 2868
1536 2303 3071 1821 2286 2874
1792 2303 3071 1959 2299 2895
2048 2303 3071 2101 2314 2926
2303 2303 3071 2279 2328 2937
2559 2303 3071 2463 2343 2949
2815 2303 3071 2653 2359 2961
3071 2303 3071 2849 2378 2973
3327 2303 3071 3039 2403 2982
3583 2303 3071 3200 2448 2977
3839 2303 3071 3400 2475 2991
4095 2303 3071 3627 2488 3016
0 2559 3071 1436 2502 2939
256 2559 3071 1460 2502 2937
512 2559 3071 1504 2503 2932
768 2559 3071 1580 2504 2925
1024 2559 3071 1685 2507 2918
1280 2559 3071 1800 2511 2912
1536 2559 3071 1923 2520 2918
1792 2559 3071 2048 2533 2937
2048 2559 3071 2174 2549 2966
2303 2559 3071 2346 2561 2978
2559 2559 3071 2525 2574 2989
2815 2559 3071 2714 2588 2999
3071 2559 3071 2912 2602 3012
3327 2559 3071 3105 2621 3022
3583 2559 3071 3262 2661 3017
3839 2559 3071 3455 2687 3027
4095 2559 3071 3672 2703 3046
0 2815 3071 1584 2742 2973
256 2815 3071 1605 2742 2971
512 2815 3071 1644 2743 2969
768 2815 3071 1712 2743 2965
1024 2815 3071 1808 2745 2962
1280 2815 3071 1915 2749 2960
1536 2815 3071 2032 2757 2964
1792 2815 3071 2142 2770 2981
2048 2815 3071 2248 2788 3007
2303 2815 3071 2411 2800 3023
2559 2815 3071 2586 2811 3035
2815 2815 3071 2775 2822 3040
3071 2815 3071 2971 2834 3046
3327 2815 3071 3163 2850 3051
3583 2815 3071 3328 2881 3055
3839 2815 3071 3518 2905 3065
4095 2815 3071 3722 2923 3078
0 3071 3071 1732 2983 3013
256 3071 3071 1750 2983 3012
512 3071 3071 1786 2983 3012
768 3071 3071 1847 2984 3010
1024 3071 3071 1936 2985 3010
1280 3071 3071 2035 2988 3010
1536 3071 3071 2147 2995 3014
1792 3071 3071 2252 3007 3025
2048 3071 3071 2354 3024 3041
2303 3071 3071 2496 3039 3053
2559 3071 3071 2655 3051 3062
2815 3071 3071 2840 3061 3066
3071 3071 3071 3032 3072 3070
3327 3071 3071 3223 3085 3074
3583 3071 3071 3405 3106 3080
3839 3071 3071 3591 3127 3094
4095 3071 3071 3778 3148 3115
0 3327 3071 1879 3225 3056
256 3327 3071 1895 3225 3056
512 3327 3071 1927 3225 3057
768 3327 3071 1983 3225 3057
1024 3327 3071 2066 3226 3059
1280 3327 3071 2158 3228 3062
1536 3327 3071 2265 3234 3066
1792 3327 3071 2368 3245 3071
2048 3327 3071 2469 3260 3077
2303 3327 3071 2586 3278 3081
2559 3327 3071 2728 3293 3084
2815 3327 3071 2908 3302 3088
3071 3327 3071 3095 3312 3092
3327 3327 3071 3285 3323 3097
3583 3327 3071 3481 3335 3102
3839 3327 3071 3664 3353 3122
4095 3327 3071 3838 3376 3153
0 3583 3071 2025 3467 3104
256 3583 3071 2040 3467 3105
512 3583 3071 2070 3467 3106
768 3583 3071 2121 3467 3108
1024 3583 3071 2198 3468 3111
1280 3583 3071 2285 3469 3116
1536 3583 3071 2387 3474 3121
1792 3583 3071 2490 3483 3125
2048 3583 3071 2592 3495 3128
2303 3583 3071 2684 3519 3116
2559 3583 3071 2808 3536 3110
2815 3583 3071 2981 3544 3113
3071 3583 3071 3163 3554 3117
3327 3583 3071 3349 3563 3122
3583 3583 3071 3541 3575 3127
3839 3583 3071 3724 3589 3153
4095 3583 3071 3903 3606 3195
0 3839 3071 2140 3716 3146
256 3839 3071 2153 3716 3146
512 3839 3071 2179 3716 3148
768 3839 3071 2224 3717 3150
1024 3839 3071 2294 3718 3153
1280 3839 3071 2373 3720 3156
1536 3839 3071 2471 3724 3161
1792 3839 3071 2575 3732 3164
2048 3839 3071 2683 3741 3166
2303 3839 3071 2785 3759 3156
2559 3839 3071 2911 3774 3152
2815 3839 3071 3075 3782 3155
3071 3839 3071 3247 3792 3159
3327 3839 3071 3424 3802 3163
3583 3839 3071 3608 3813 3167
3839 3839 3071 3791 3826 3181
4095 3839 3071 3971 3839 3203
0 4095 3071 2235 3969 3184
256 4095 3071 2246 3969 3184
512 4095 3071 2267 3970 3185
768 4095 3071 2304 3972 3185
1024 4095 3071 2365 3975 3187
1280 4095 3071 2436 3978 3189
1536 4095 3071 2529 3982 3191
1792 4095 3071 2636 3987 3194
2048 4095 3071 2753 3993 3197
2303 4095 3071 2888 4000 3201
2559 4095 3071 3030 4008 3205
2815 4095 3071 3181 4017 3209
3071 4095 3071 3342 4028 3213
3327 4095 3071 3508 4039 3216
3583 4095 3071 3682 4051 3217
3839 4095 3071 3861 4062 3207
4095 4095 3071 4043 4073 3189
0 0 3327 0 576 3148
256 0 3327 75 573 3154
512 0 3327 251 575 3155
768 0 3327 577 586 3149
1024 0 3327 839 609 3139
1280 0 3327 1082 638 3130
1536 0 3327 1311 675 3121
1792 0 3327 1535 717 3116
2048 0 3327 1758 762 3111
2303 0 3327 1976 812 3111
2559 0 3327 2194 865 3112
2815 0 3327 2412 919 3116
3071 0 3327 2630 977 3121
3327 0 3327 2847 1035 3128
3583 0 3327 3064 1096 3136
3839 0 3327 3282 1157 3145
4095 0 3327 3499 1219 3155
0 256 3327 0 632 3155
256 256 3327 148 636 3144
512 256 3327 355 645 3126
768 256 3327 651 663 3097
1024 256 3327 889 686 3086
1280 256 3327 1111 713 3080
1536 256 3327 1328 746 3080
1792 256 3327 1544 784 3081
2048 256 3327 1761 825 3084
2303 256 3327 1976 871 3089
2559 256 3327 2193 920 3095
2815 256 3327 2409 971 3102
3071 256 3327 2626 1026 3110
3327 256 3327 2843 1081 3119
3583 256 3327 3060 1139 3129
3839 256 3327 3277 1197 3140
4095 256 3327 3495 1257 3151
0 512 3327 78 736 3154
256 512 3327 253 743 3134
512 512 3327 463 755 3104
768 512 3327 726 776 3058
1024 512 3327 946 800 3033
1280 512 3327 1153 827 3017
1536 512 3327 1355 857 3022
1792 512 3327 1561 891 3031
2048 512 3327 1768 927 3042
2303 512 3327 1979 970 3053
2559 512 3327 2191 1014 3065
2815 512 3327 2405 1061 3078
3071 512 3327 2621 1111 3091
3327 512 3327 2836 1162 3104
3583 512 3327 3053 1215 3117
3839 512 3327 3270 1270 3131
4095 512 3327 3487 1326 3144
0 768 3327 271 911 3144
256 768 3327 405 916 3126
512 768 3327 576 926 3093
768 768 3327 804 942 3039
1024 768 3327 1015 969 2981
1280 768 3327 1216 998 2935
1536 768 3327 1400 1027 2940
1792 768 3327 1589 1057 2956
2048 768 3327 1783 1089 2977
2303 768 3327 1986 1126 2998
2559 768 3327 2191 1165 3019
2815 768 3327 2400 1206 3040
3071 768 3327 2613 1250 3060
3327 768 3327 2826 1295 3079
3583 768 3327 3041 1343 3098
3839 768 3327 3258 1392 3116
4095 768 3327 3475 1443 3134
0 1024 3327 469 1119 3132
256 1024 3327 564 1122 3117
512 1024 3327 698 1129 3088
768 1024 3327 890 1142 3038
1024 1024 3327 1084 1163 2981
1280 1024 3327 1274 1188 2933
1536 1024 3327 1449 1213 2934
1792 1024 3327 1630 1240 2943
2048 1024 3327 1816 1270 2959
2303 1024 3327 2010 1304 2977
2559 1024 3327 2207 1341 2995
2815 1024 3327 2409 1380 3015
3071 1024 3327 2615 1421 3037
3327 1024 3327 2823 1463 3059
3583 1024 3327 3035 1508 3081
3839 1024 3327 3255 1547 3107
4095 1024 3327 3481 1582 3137
0 1280 3327 661 1338 3122
256 1280 3327 723 1340 3109
512 1280 3327 824 1344 3085
768 1280 3327 983 1353 3043
1024 1280 3327 1158 1368 2994
1280 1280 3327 1335 1386 2953
1536 1280 3327 1503 1407 2948
1792 1280 3327 1678 1432 2951
2048 1280 3327 1856 1458 2960
2303 1280 3327 2043 1492 2971
2559 1280 3327 2232 1526 2985
2815 1280 3327 2426 1564 3002
3071 1280 3327 2626 1602 3024
3327 1280 3327 2828 1642 3047
3583 1280 3327 3034 1684 3070
3839 1280 3327 3258 1713 3104
4095 1280 3327 3494 1733 3144
0 1536 3327 824 1567 3116
256 1536 3327 873 1569 3106
512 1536 3327 956 1572 3086
768 1536 3327 1090 1578 3052
1024 1536 3327 1248 1589 3013
1280 1536 3327 1411 1602 2979
1536 1536 3327 1572 1620 2972
1792 1536 3327 1740 1641 2975
2048 1536 3327 1912 1663 2984
2303 1536 3327 2093 1692 2995
2559 1536 3327 2278 1722 3008
2815 1536 3327 2467 1755 3024
3071 1536 3327 2661 1791 3042
3327 1536 3327 2857 1828 3062
3583 1536 3327 3056 1868 3081
3839 1536 3327 3280 1893 3116
4095 1536 3327 3520 1906 3161
0 1792 3327 981 1800 3117
256 1792 3327 1020 1801 3109
512 1792 3327 1089 1803 3093
768 1792 3327 1204 1807 3066
1024 1792 3327 1347 1815 3035
1280 1792 3327 1497 1826 3008
1536 1792 3327 1651 1840 3002
1792 1792 3327 1811 1857 3005
2048 1792 3327 1976 1877 3014
2303 1792 3327 2152 1901 3026
2559 1792 3327 2332 1927 3039
2815 1792 3327 2517 1956 3054
3071 1792 3327 2708 1987 3072
3327 1792 3327 2900 2020 3090
3583 1792 3327 3093 2059 3105
3839 1792 3327 3312 2081 3137
4095 1792 3327 3550 2093 3180
0 2048 3327 1134 2036 3122
256 2048 3327 1166 2036 3115
512 2048 3327 1225 2037 3104
768 2048 3327 1323 2040 3084
1024 2048 3327 1452 2046 3060
1280 2048 3327 1590 2053 3040
1536 2048 3327 1735 2065 3035
1792 2048 3327 1888 2080 3039
2048 2048 3327 2045 2096 3048
2303 2048 3327 2216 2116 3060
2559 2048 3327 2391 2138 3074
2815 2048 3327 2573 2163 3090
3071 2048 3327 2762 2188 3109
3327 2048 3327 2953 2217 3127
3583 2048 3327 3138 2254 3136
3839 2048 3327 3352 2276 3163
4095 2048 3327 3584 2288 3201
0 2303 3327 1284 2273 3138
256 2303 3327 1311 2273 3134
512 2303 3327 1362 2274 3125
768 2303 3327 1450 2276 3110
1024 2303 3327 1567 2280 3093
1280 2303 3327 1695 2286 3078
1536 2303 3327 1831 2296 3076
1792 2303 3327 1975 2308 3083
2048 2303 3327 2124 2323 3095
2303 2303 3327 2290 2340 3108
2559 2303 3327 2461 2359 3124
2815 2303 3327 2641 2379 3142
3071 2303 3327 2833 2398 3164
3327 2303 3327 3024 2421 3182
3583 2303 3327 3197 2460 3177
3839 2303 3327 3401 2484 3195
4095 2303 3327 3626 2498 3227
0 2559 3327 1433 2511 3159
256 2559 3327 1457 2511 3156
512 2559 3327 1502 2512 3150
768 2559 3327 1578 2513 3140
1024 2559 3327 1686 2516 3129
1280 2559 3327 1804 2520 3119
1536 2559 3327 1932 2529 3119
1792 2559 3327 2065 2540 3129
2048 2559 3327 2202 2554 3146
2303 2559 3327 2360 2569 3164
2559 2559 3327 2528 2585 3181
2815 2559 3327 2708 2600 3196
3071 2559 3327 2902 2615 3216
3327 2559 3327 3093 2634 3230
3583 2559 3327 3259 2672 3219
3839 2559 3327 3455 2696 3230
4095 2559 3327 3671 2711 3256
0 2815 3327 1581 2751 3188
256 2815 3327 1602 2751 3186
512 2815 3327 1642 2751 3182
768 2815 3327 1711 2752 3176
1024 2815 3327 1809 2754 3168
1280 2815 3327 1918 2757 3163
1536 2815 3327 2039 2764 3164
1792 2815 3327 2159 2776 3179
2048 2815 3327 2277 2790 3203
2303 2815 3327 2425 2804 3230
2559 2815 3327 2589 2817 3248
2815 2815 3327 2774 2829 3254
3071 2815 3327 2967 2842 3262
3327 2815 3327 3157 2859 3266
3583 2815 3327 3326 2890 3259
3839 2815 3327 3517 2913 3268
4095 2815 3327 3721 2931 3287
0 3071 3327 1729 2991 3223
256 3071 3327 1747 2991 3222
512 3071 3327 1783 2991 3220
768 3071 3327 1846 2991 3217
1024 3071 3327 1936 2993 3213
1280 3071 3327 2038 2996 3210
1536 3071 3327 2153 3002 3212
1792 3071 3327 2266 3012 3224
2048 3071 3327 2378 3026 3243
2303 3071 3327 2509 3042 3265
2559 3071 3327 2660 3056 3281
2815 3071 3327 2842 3066 3285
3071 3071 3327 3031 3078 3290
3327 3071 3327 3220 3092 3294
3583 3071 3327 3403 3113 3295
3839 3071 3327 3589 3134 3305
4095 3071 3327 3777 3155 3321
0 3327 3327 1876 3232 3262
256 3327 3327 1893 3232 3262
512 3327 3327 1925 3232 3261
768 3327 3327 1982 3232 3260
1024 3327 3327 2065 3233 3259
1280 3327 3327 2160 3235 3259
1536 3327 3327 2269 3240 3262
1792 3327 3327 2378 3249 3269
2048 3327 3327 2487 3262 3280
2303 3327 3327 2598 3281 3294
2559 3327 3327 2735 3296 3305
2815 3327 3327 2911 3306 3309
3071 3327 3327 3095 3317 3314
3327 3327 3327 3283 3328 3320
3583 3327 3327 3478 3340 3327
3839 3327 3327 3661 3359 3340
4095 3327 3327 3837 3382 3357
0 3583 3327 2023 3473 3306
256 3583 3327 2038 3473 3307
512 3583 3327 2068 3473 3307
768 3583 3327 2120 3473 3307
1024 3583 3327 2198 3474 3309
1280 3583 3327 2286 3476 3311
1536 3583 3327 2390 3480 3315
1792 3583 3327 2496 3488 3320
2048 3583 3327 2602 3499 3327
2303 3583 3327 2692 3521 3330
2559 3583 3327 2813 3539 3333
2815 3583 3327 2981 3548 3337
3071 3583 3327 3162 3558 3342
3327 3583 3327 3347 3568 3346
3583 3583 3327 3538 3579 3351
3839 3583 3327 3722 3594 3369
4095 3583 3327 3902 3612 3396
0 3839 3327 2140 3721 3350
256 3839 3327 2153 3721 3350
512 3839 3327 2179 3721 3350
768 3839 3327 2224 3722 3351
1024 3839 3327 2294 3723 3353
1280 3839 3327 2375 3726 3356
1536 3839 3327 2473 3729 3360
1792 3839 3327 2579 3736 3364
2048 3839 3327 2688 3745 3368
2303 3839 3327 2789 3763 3369
2559 3839 3327 2914 3777 3371
2815 3839 3327 3074 3786 3375
3071 3839 3327 3246 3796 3379
3327 3839 3327 3423 3806 3383
3583 3839 3327 3607 3817 3387
3839 3839 3327 3790 3830 3397
4095 3839 3327 3971 3845 3411
0 4095 3327 2237 3973 3392
256 4095 3327 2248 3973 3392
512 4095 3327 2269 3974 3392
768 4095 3327 2307 3976 3393
1024 4095 3327 2367 3978 3395
1280 4095 3327 2438 3982 3397
1536 4095 3327 2531 3986 3399
1792 4095 3327 2638 3991 3402
2048 4095 3327 2754 3997 3406
2303 4095 3327 2889 4004 3410
2559 4095 3327 3030 4012 3414
2815 4095 3327 3181 4021 3419
3071 4095 3327 3342 4031 3423
3327 4095 3327 3507 4042 3428
3583 4095 3327 3681 4054 3431
3839 4095 3327 3861 4067 3424
4095 4095 3327 4044 4080 3411
0 0 3583 0 619 3387
256 0 3583 21 617 3394
512 0 3583 182 618 3396
768 0 3583 552 626 3393
1024 0 3583 827 648 3384
1280 0 3583 1075 675 3374
1536 0 3583 1306 710 3365
1792 0 3583 1533 749 3358
2048 0 3583 1757 791 3353
2303 0 3583 1976 840 3351
2559 0 3583 2195 890 3351
2815 0 3583 2414 943 3353
3071 0 3583 2631 999 3357
3327 0 3583 2849 1056 3362
3583 0 3583 3066 1115 3369
3839 0 3583 3284 1175 3377
4095 0 3583 3501 1236 3385
0 256 3583 0 670 3397
256 256 3583 110 674 3387
512 256 3583 306 682 3371
768 256 3583 631 698 3346
1024 256 3583 880 720 3333
1280 256 3583 1107 746 3325
1536 256 3583 1326 777 3324
1792 256 3583 1544 813 3323
2048 256 3583 1762 852 3324
2303 256 3583 1978 897 3327
2559 256 3583 2195 944 3331
2815 256 3583 2412 994 3337
3071 256 3583 2628 1047 3344
3327 256 3583 2845 1101 3352
3583 256 3583 3062 1157 3360
3839 256 3583 3279 1215 3370
4095 256 3583 3497 1274 3380
0 512 3583 66 768 3399
256 512 3583 224 775 3380
512 512 3583 431 786 3351
768 512 3583 712 806 3309
1024 512 3583 939 829 3285
1280 512 3583 1151 854 3270
1536 512 3583 1356 882 3273
1792 512 3583 1563 915 3278
2048 512 3583 1773 951 3284
2303 512 3583 1984 992 3291
2559 512 3583 2196 1035 3300
2815 512 3583 2409 1081 3310
3071 512 3583 2624 1130 3322
3327 512 3583 2840 1180 3334
3583 512 3583 3056 1233 3346
3839 512 3583 3273 1287 3359
4095 512 3583 3490 1342 3372
0 768 3583 231 936 3388
256 768 3583 374 941 3371
512 768 3583 556 950 3340
768 768 3583 795 967 3288
1024 768 3583 1009 991 3241
1280 768 3583 1212 1017 3206
1536 768 3583 1401 1043 3210
1792 768 3583 1594 1073 3217
2048 768 3583 1792 1105 3226
2303 768 3583 1994 1143 3238
2559 768 3583 2199 1183 3251
2815 768 3583 2407 1224 3268
3071 768 3583 2619 1268 3286
3327 768 3583 2831 1312 3305
3583 768 3583 3046 1359 3323
3839 768 3583 3262 1408 3340
4095 768 3583 3478 1458 3357
0 1024 3583 438 1139 3377
256 1024 3583 542 1143 3362
512 1024 3583 684 1150 3333
768 1024 3583 884 1162 3285
1024 1024 3583 1079 1182 3239
1280 1024 3583 1269 1203 3202
1536 1024 3583 1449 1225 3205
1792 1024 3583 1635 1251 3211
2048 1024 3583 1825 1280 3219
2303 1024 3583 2021 1314 3229
2559 1024 3583 2220 1351 3240
2815 1024 3583 2422 1390 3254
3071 1024 3583 2628 1431 3270
3327 1024 3583 2834 1474 3287
3583 1024 3583 3042 1521 3303
3839 1024 3583 3259 1561 3327
4095 1024 3583 3482 1599 3355
0 1280 3583 645 1354 3366
256 1280 3583 710 1356 3353
512 1280 3583 814 1361 3329
768 1280 3583 978 1370 3287
1024 1280 3583 1153 1384 3247
1280 1280 3583 1330 1400 3216
1536 1280 3583 1501 1419 3216
1792 1280 3583 1680 1441 3220
2048 1280 3583 1864 1465 3226
2303 1280 3583 2055 1496 3233
2559 1280 3583 2249 1529 3242
2815 1280 3583 2445 1565 3252
3071 1280 3583 2645 1605 3264
3327 1280 3583 2845 1647 3277
3583 1280 3583 3046 1693 3291
3839 1280 3583 3264 1726 3320
4095 1280 3583 3493 1750 3360
0 1536 3583 813 1582 3358
256 1536 3583 863 1583 3347
512 1536 3583 948 1586 3327
768 1536 3583 1086 1592 3293
1024 1536 3583 1244 1603 3259
1280 1536 3583 1406 1616 3233
1536 1536 3583 1569 1632 3234
1792 1536 3583 1740 1650 3237
2048 1536 3583 1917 1671 3243
2303 1536 3583 2103 1697 3250
2559 1536 3583 2292 1726 3259
2815 1536 3583 2484 1758 3268
3071 1536 3583 2679 1793 3279
3327 1536 3583 2875 1831 3291
3583 1536 3583 3073 1873 3304
3839 1536 3583 3289 1901 3334
4095 1536 3583 3518 1922 3375
0 1792 3583 973 1813 3356
256 1792 3583 1013 1814 3347
512 1792 3583 1084 1816 3331
768 1792 3583 1201 1820 3303
1024 1792 3583 1343 1828 3275
1280 1792 3583 1493 1838 3253
1536 1792 3583 1646 1852 3254
1792 1792 3583 1809 1868 3258
2048 1792 3583 1979 1886 3264
2303 1792 3583 2159 1908 3271
2559 1792 3583 2342 1933 3280
2815 1792 3583 2530 1961 3289
3071 1792 3583 2721 1992 3300
3327 1792 3583 2914 2025 3312
3583 1792 3583 3107 2063 3324
3839 1792 3583 3321 2089 3353
4095 1792 3583 3549 2106 3394
0 2048 3583 1128 2047 3357
256 2048 3583 1161 2047 3350
512 2048 3583 1220 2049 3337
768 2048 3583 1321 2052 3315
1024 2048 3583 1449 2058 3293
1280 2048 3583 1586 2065 3276
1536 2048 3583 1730 2077 3277
1792 2048 3583 1885 2090 3281
2048 2048 3583 2047 2106 3287
2303 2048 3583 2221 2125 3295
2559 2048 3583 2399 2147 3303
2815 2048 3583 2582 2171 3313
3071 2048 3583 2770 2198 3325
3327 2048 3583 2959 2227 3336
3583 2048 3583 3148 2262 3347
3839 2048 3583 3358 2285 3375
4095 2048 3583 3582 2301 3414
0 2303 3583 1279 2283 3369
256 2303 3583 1307 2283 3363
512 2303 3583 1359 2284 3354
768 2303 3583 1448 2286 3337
1024 2303 3583 1565 2291 3319
1280 2303 3583 1692 2297 3304
1536 2303 3583 1827 2307 3306
1792 2303 3583 1974 2319 3311
2048 2303 3583 2127 2333 3318
2303 2303 3583 2295 2350 3326
2559 2303 3583 2467 2369 3335
2815 2303 3583 2645 2390 3346
3071 2303 3583 2830 2413 3359
3327 2303 3583 3017 2439 3371
3583 2303 3583 3199 2471 3378
3839 2303 3583 3405 2493 3402
4095 2303 3583 3624 2508 3439
0 2559 3583 1429 2521 3385
256 2559 3583 1453 2521 3381
512 2559 3583 1499 2522 3374
768 2559 3583 1577 2523 3362
1024 2559 3583 1685 2526 3347
1280 2559 3583 1803 2531 3336
1536 2559 3583 1930 2539 3338
1792 2559 3583 2067 2550 3343
2048 2559 3583 2211 2562 3352
2303 2559 3583 2372 2578 3361
2559 2559 3583 2538 2594 3371
2815 2559 3583 2712 2612 3382
3071 2559 3583 2894 2633 3394
3327 2559 3583 3077 2655 3406
3583 2559 3583 3256 2685 3411
3839 2559 3583 3456 2706 3433
4095 2559 3583 3670 2721 3466
0 2815 3583 1577 2759 3408
256 2815 3583 1599 2760 3405
512 2815 3583 1639 2760 3400
768 2815 3583 1709 2761 3392
1024 2815 3583 1809 2763 3381
1280 2815 3583 1919 2767 3373
1536 2815 3583 2040 2774 3373
1792 2815 3583 2168 2784 3380
2048 2815 3583 2301 2795 3390
2303 2815 3583 2453 2809 3403
2559 2815 3583 2613 2824 3414
2815 2815 3583 2785 2840 3422
3071 2815 3583 2963 2858 3431
3327 2815 3583 3142 2878 3441
3583 2815 3583 3319 2904 3449
3839 2815 3583 3513 2924 3469
4095 2815 3583 3720 2939 3496
0 3071 3583 1726 2999 3439
256 3071 3583 1744 2999 3437
512 3071 3583 1781 3000 3434
768 3071 3583 1844 3000 3428
1024 3071 3583 1936 3002 3422
1280 3071 3583 2039 3004 3416
1536 3071 3583 2156 3010 3415
1792 3071 3583 2278 3019 3421
2048 3071 3583 2403 3030 3430
2303 3071 3583 2545 3043 3442
2559 3071 3583 2696 3057 3453
2815 3071 3583 2862 3072 3462
3071 3071 3583 3036 3088 3472
3327 3071 3583 3213 3105 3484
3583 3071 3583 3396 3124 3498
3839 3071 3583 3584 3143 3513
4095 3071 3583 3776 3163 3529
0 3327 3583 1873 3240 3473
256 3327 3583 1890 3240 3472
512 3327 3583 1923 3240 3471
768 3327 3583 1980 3240 3468
1024 3327 3583 2065 3241 3464
1280 3327 3583 2161 3243 3461
1536 3327 3583 2274 3247 3461
1792 3327 3583 2390 3255 3465
2048 3327 3583 2509 3265 3472
2303 3327 3583 2637 3280 3483
2559 3327 3583 2777 3294 3494
2815 3327 3583 2936 3307 3504
3071 3327 3583 3106 3321 3515
3327 3327 3583 3283 3335 3528
3583 3327 3583 3472 3348 3545
3839 3327 3583 3656 3366 3556
4095 3327 3583 3835 3389 3564
0 3583 3583 2020 3481 3514
256 3583 3583 2036 3480 3513
512 3583 3583 2066 3481 3513
768 3583 3583 2118 3481 3512
1024 3583 3583 2197 3481 3511
1280 3583 3583 2287 3483 3510
1536 3583 3583 2394 3487 3512
1792 3583 3583 2504 3494 3516
2048 3583 3583 2616 3503 3523
2303 3583 3583 2718 3521 3535
2559 3583 3583 2839 3538 3546
2815 3583 3583 2989 3551 3556
3071 3583 3583 3163 3563 3562
3327 3583 3583 3345 3573 3569
3583 3583 3583 3535 3585 3577
3839 3583 3583 3720 3600 3588
4095 3583 3583 3901 3618 3601
0 3839 3583 2140 3727 3557
256 3839 3583 2153 3727 3557
512 3839 3583 2179 3727 3557
768 3839 3583 2225 3728 3557
1024 3839 3583 2295 3729 3558
1280 3839 3583 2376 3732 3559
1536 3839 3583 2476 3735 3561
1792 3839 3583 2583 3741 3565
2048 3839 3583 2695 3749 3571
2303 3839 3583 2803 3764 3580
2559 3839 3583 2927 3778 3589
2815 3839 3583 3075 3790 3597
3071 3839 3583 3245 3800 3602
3327 3839 3583 3422 3810 3606
3583 3839 3583 3605 3822 3611
3839 3839 3583 3788 3835 3617
4095 3839 3583 3970 3851 3624
0 4095 3583 2240 3977 3602
256 4095 3583 2251 3978 3602
512 4095 3583 2273 3978 3603
768 4095 3583 2310 3980 3604
1024 4095 3583 2370 3983 3606
1280 4095 3583 2441 3986 3608
1536 4095 3583 2534 3990 3610
1792 4095 3583 2640 3995 3613
2048 4095 3583 2756 4001 3617
2303 4095 3583 2891 4008 3621
2559 4095 3583 3032 4016 3626
2815 4095 3583 3182 4025 3631
3071 4095 3583 3343 4036 3636
3327 4095 3583 3508 4046 3642
3583 4095 3583 3681 4059 3646
3839 4095 3583 3860 4072 3644
4095 4095 3583 4043 4085 3636
0 0 3839 0 663 3626
256 0 3839 0 661 3632
512 0 3839 152 662 3637
768 0 3839 530 667 3637
1024 0 3839 813 687 3629
1280 0 3839 1066 712 3619
1536 0 3839 1301 744 3611
1792 0 3839 1529 781 3604
2048 0 3839 1755 821 3598
2303 0 3839 1976 867 3596
2559 0 3839 2196 914 3595
2815 0 3839 2416 964 3596
3071 0 3839 2635 1018 3600
3327 0 3839 2853 1072 3604
3583 0 3839 3072 1129 3610
3839 0 3839 3290 1187 3617
4095 0 3839 3508 1246 3624
0 256 3839 0 709 3639
256 256 3839 68 713 3630
512 256 3839 251 720 3617
768 256 3839 605 733 3597
1024 256 3839 864 754 3586
1280 256 3839 1097 777 3579
1536 256 3839 1320 806 3577
1792 256 3839 1541 840 3576
2048 256 3839 1761 876 3575
2303 256 3839 1979 919 3578
2559 256 3839 2198 963 3581
2815 256 3839 2416 1010 3585
3071 256 3839 2634 1061 3590
3327 256 3839 2852 1113 3597
3583 256 3839 3070 1167 3604
3839 256 3839 3288 1223 3612
4095 256 3839 3506 1280 3621
0 512 3839 47 801 3643
256 512 3839 171 808 3625
512 512 3839 370 818 3601
768 512 3839 683 835 3567
1024 512 3839 919 855 3551
1280 512 3839 1135 877 3541
1536 512 3839 1347 903 3544
1792 512 3839 1559 933 3546
2048 512 3839 1773 967 3549
2303 512 3839 1987 1006 3554
2559 512 3839 2202 1047 3560
2815 512 3839 2417 1090 3567
3071 512 3839 2634 1137 3576
3327 512 3839 2851 1186 3585
3583 512 3839 3068 1237 3595
3839 512 3839 3285 1289 3605
4095 512 3839 3503 1343 3615
0 768 3839 163 963 3633
256 768 3839 325 967 3618
512 768 3839 521 976 3593
768 768 3839 766 990 3553
1024 768 3839 980 1009 3525
1280 768 3839 1186 1030 3506
1536 768 3839 1385 1053 3509
1792 768 3839 1587 1080 3512
2048 768 3839 1793 1110 3516
2303 768 3839 2000 1145 3522
2559 768 3839 2210 1182 3530
2815 768 3839 2421 1222 3541
3071 768 3839 2635 1264 3554
3327 768 3839 2850 1307 3567
3583 768 3839 3065 1353 3580
3839 768 3839 3282 1400 3593
4095 768 3839 3499 1449 3606
0 1024 3839 389 1161 3622
256 1024 3839 508 1164 3609
512 1024 3839 658 1170 3587
768 1024 3839 854 1181 3552
1024 1024 3839 1048 1197 3525
1280 1024 3839 1240 1214 3505
1536 1024 3839 1430 1233 3508
1792 1024 3839 1625 1256 3512
2048 1024 3839 1824 1282 3516
2303 1024 3839 2028 1313 3521
2559 1024 3839 2233 1346 3528
2815 1024 3839 2440 1382 3537
3071 1024 3839 2649 1421 3547
3327 1024 3839 2859 1462 3558
3583 1024 3839 3070 1506 3569
3839 1024 3839 3286 1548 3586
4095 1024 3839 3505 1588 3606
0 1280 3839 625 1372 3611
256 1280 3839 690 1374 3600
512 1280 3839 791 1378 3583
768 1280 3839 948 1385 3554
1024 1280 3839 1121 1397 3531
1280 1280 3839 1299 1411 3515
1536 1280 3839 1480 1427 3517
1792 1280 3839 1669 1446 3521
2048 1280 3839 1862 1467 3525
2303 1280 3839 2061 1494 3530
2559 1280 3839 2262 1523 3535
2815 1280 3839 2465 1555 3541
3071 1280 3839 2670 1592 3548
3327 1280 3839 2875 1630 3556
3583 1280 3839 3080 1673 3564
3839 1280 3839 3296 1708 3583
4095 1280 3839 3518 1739 3610
0 1536 3839 793 1596 3605
256 1536 3839 842 1598 3597
512 1536 3839 924 1601 3583
768 1536 3839 1055 1607 3560
1024 1536 3839 1210 1616 3541
1280 1536 3839 1374 1627 3527
1536 1536 3839 1545 1640 3530
1792 1536 3839 1725 1657 3533
2048 1536 3839 1912 1675 3537
2303 1536 3839 2105 1698 3542
2559 1536 3839 2302 1723 3547
2815 1536 3839 2501 1751 3553
3071 1536 3839 2702 1783 3560
3327 1536 3839 2904 1817 3568
3583 1536 3839 3107 1854 3576
3839 1536 3839 3321 1886 3596
4095 1536 3839 3542 1913 3623
0 1792 3839 952 1826 3604
256 1792 3839 990 1827 3598
512 1792 3839 1057 1829 3587
768 1792 3839 1168 1833 3569
1024 1792 3839 1308 1841 3553
1280 1792 3839 1458 1849 3542
1536 1792 3839 1619 1861 3544
1792 1792 3839 1791 1875 3548
2048 1792 3839 1970 1891 3552
2303 1792 3839 2158 1911 3557
2559 1792 3839 2349 1933 3562
2815 1792 3839 2544 1957 3568
3071 1792 3839 2741 1985 3575
3327 1792 3839 2940 2015 3583
3583 1792 3839 3140 2049 3591
3839 1792 3839 3352 2076 3611
4095 1792 3839 3571 2100 3639
0 2048 3839 1104 2059 3607
256 2048 3839 1134 2059 3603
512 2048 3839 1190 2061 3594
768 2048 3839 1286 2064 3580
1024 2048 3839 1412 2070 3568
1280 2048 3839 1549 2077 3558
1536 2048 3839 1700 2087 3561
1792 2048 3839 1863 2099 3564
2048 2048 3839 2034 2113 3568
2303 2048 3839 2215 2130 3573
2559 2048 3839 2401 2149 3579
2815 2048 3839 2591 2170 3585
3071 2048 3839 2785 2195 3592
3327 2048 3839 2979 2221 3600
3583 2048 3839 3177 2251 3609
3839 2048 3839 3386 2275 3628
4095 2048 3839 3603 2296 3656
0 2303 3839 1249 2295 3619
256 2303 3839 1276 2295 3616
512 2303 3839 1325 2296 3609
768 2303 3839 1410 2299 3598
1024 2303 3839 1526 2303 3587
1280 2303 3839 1653 2309 3579
1536 2303 3839 1794 2318 3582
1792 2303 3839 1948 2329 3585
2048 2303 3839 2111 2341 3589
2303 2303 3839 2286 2356 3594
2559 2303 3839 2465 2373 3600
2815 2303 3839 2649 2392 3606
3071 2303 3839 2838 2415 3614
3327 2303 3839 3029 2438 3622
3583 2303 3839 3223 2465 3631
3839 2303 3839 3428 2487 3650
4095 2303 3839 3642 2506 3677
0 2559 3839 1395 2532 3634
256 2559 3839 1418 2533 3632
512 2559 3839 1461 2534 3627
768 2559 3839 1536 2535 3619
1024 2559 3839 1642 2539 3610
1280 2559 3839 1760 2544 3603
1536 2559 3839 1893 2551 3605
1792 2559 3839 2039 2561 3608
2048 2559 3839 2193 2572 3613
2303 2559 3839 2361 2586 3618
2559 2559 3839 2534 2601 3624
2815 2559 3839 2713 2618 3630
3071 2559 3839 2897 2638 3638
3327 2559 3839 3083 2659 3646
3583 2559 3839 3273 2683 3656
3839 2559 3839 3475 2703 3675
4095 2559 3839 3685 2720 3700
0 2815 3839 1540 2771 3655
256 2815 3839 1560 2772 3653
512 2815 3839 1598 2772 3649
768 2815 3839 1665 2774 3644
1024 2815 3839 1764 2776 3637
1280 2815 3839 1874 2780 3631
1536 2815 3839 1999 2787 3632
1792 2815 3839 2137 2795 3635
2048 2815 3839 2283 2805 3639
2303 2815 3839 2444 2817 3645
2559 2815 3839 2610 2831 3651
2815 2815 3839 2783 2846 3658
3071 2815 3839 2962 2864 3666
3327 2815 3839 3144 2883 3675
3583 2815 3839 3330 2904 3686
3839 2815 3839 3528 2923 3704
4095 2815 3839 3733 2940 3725
0 3071 3839 1684 3012 3681
256 3071 3839 1702 3012 3680
512 3071 3839 1737 3012 3677
768 3071 3839 1797 3013 3674
1024 3071 3839 1888 3016 3669
1280 3071 3839 1990 3019 3665
1536 3071 3839 2111 3024 3665
1792 3071 3839 2242 3032 3668
2048 3071 3839 2380 3041 3672
2303 3071 3839 2534 3052 3678
2559 3071 3839 2693 3064 3685
2815 3071 3839 2859 3078 3693
3071 3071 3839 3034 3094 3703
3327 3071 3839 3212 3111 3714
3583 3071 3839 3399 3128 3728
3839 3071 3839 3591 3146 3741
4095 3071 3839 3787 3165 3753
0 3327 3839 1827 3252 3710
256 3327 3839 1844 3253 3709
512 3327 3839 1875 3253 3708
768 3327 3839 1930 3254 3706
1024 3327 3839 2014 3256 3703
1280 3327 3839 2109 3258 3701
1536 3327 3839 2225 3263 3701
1792 3327 3839 2349 3269 3703
2048 3327 3839 2479 3277 3708
2303 3327 3839 2623 3288 3716
2559 3327 3839 2774 3300 3724
2815 3327 3839 2934 3313 3733
3071 3327 3839 3105 3327 3743
3327 3327 3839 3281 3341 3755
3583 3327 3839 3470 3354 3770
3839 3327 3839 3657 3372 3779
4095 3327 3839 3843 3392 3783
0 3583 3839 1971 3494 3744
256 3583 3839 1985 3494 3743
512 3583 3839 2014 3495 3743
768 3583 3839 2065 3495 3742
1024 3583 3839 2142 3497 3741
1280 3583 3839 2232 3499 3741
1536 3583 3839 2341 3503 3742
1792 3583 3839 2458 3509 3745
2048 3583 3839 2580 3516 3750
2303 3583 3839 2705 3530 3761
2559 3583 3839 2840 3543 3771
2815 3583 3839 2992 3556 3780
3071 3583 3839 3165 3567 3787
3327 3583 3839 3346 3578 3793
3583 3583 3839 3534 3590 3801
3839 3583 3839 3720 3605 3808
4095 3583 3839 3905 3622 3816
0 3839 3839 2097 3739 3781
256 3839 3839 2110 3740 3781
512 3839 3839 2135 3740 3781
768 3839 3839 2180 3741 3781
1024 3839 3839 2250 3743 3782
1280 3839 3839 2332 3745 3782
1536 3839 3839 2434 3749 3784
1792 3839 3839 2546 3754 3788
2048 3839 3839 2665 3761 3792
2303 3839 3839 2789 3773 3801
2559 3839 3839 2924 3784 3810
2815 3839 3839 3075 3795 3817
3071 3839 3839 3244 3805 3822
3327 3839 3839 3421 3816 3827
3583 3839 3839 3604 3827 3832
3839 3839 3839 3787 3840 3837
4095 3839 3839 3972 3855 3842
0 4095 3839 2211 3987 3821
256 4095 3839 2222 3987 3821
512 4095 3839 2244 3988 3821
768 4095 3839 2282 3990 3822
1024 4095 3839 2344 3992 3824
1280 4095 3839 2418 3995 3825
1536 4095 3839 2512 3999 3828
1792 4095 3839 2621 4004 3831
2048 4095 3839 2739 4010 3834
2303 4095 3839 2876 4017 3838
2559 4095 3839 3020 4024 3842
2815 4095 3839 3173 4033 3847
3071 4095 3839 3336 4042 3852
3327 4095 3839 3503 4053 3857
3583 4095 3839 3677 4064 3863
3839 4095 3839 3858 4077 3864
4095 4095 3839 4041 4090 3863
0 0 4095 0 707 3864
256 0 4095 0 705 3871
512 0 4095 146 705 3877
768 0 4095 512 708 3881
1024 0 4095 797 726 3874
1280 0 4095 1057 750 3864
1536 0 4095 1293 779 3858
1792 0 4095 1525 813 3851
2048 0 4095 1753 851 3845
2303 0 4095 1975 892 3844
2559 0 4095 2197 937 3844
2815 0 4095 2418 984 3845
3071 0 4095 2639 1033 3848
3327 0 4095 2860 1084 3852
3583 0 4095 3079 1138 3857
3839 0 4095 3299 1194 3862
4095 0 4095 3518 1251 3868
0 256 4095 0 748 3881
256 256 4095 23 751 3873
512 256 4095 191 758 3863
768 256 4095 575 769 3849
1024 256 4095 845 786 3843
1280 256 4095 1083 807 3839
1536 256 4095 1310 833 3838
1792 256 4095 1535 864 3836
2048 256 4095 1759 898 3834
2303 256 4095 1980 937 3836
2559 256 4095 2201 978 3839
2815 256 4095 2421 1023 3842
3071 256 4095 2641 1070 3846
3327 256 4095 2861 1119 3850
3583 256 4095 3081 1171 3856
3839 256 4095 3300 1225 3862
4095 256 4095 3519 1280 3868
0 512 4095 22 835 3887
256 512 4095 102 841 3871
512 512 4095 291 850 3853
768 512 4095 645 864 3829
1024 512 4095 891 880 3825
1280 512 4095 1111 898 3825
1536 512 4095 1331 921 3827
1792 512 4095 1550 948 3828
2048 512 4095 1770 978 3830
2303 512 4095 1989 1014 3833
2559 512 4095 2208 1051 3837
2815 512 4095 2428 1092 3841
3071 512 4095 2647 1136 3846
3327 512 4095 2866 1182 3850
3583 512 4095 3086 1231 3856
3839 512 4095 3304 1282 3862
4095 512 4095 3523 1334 3869
0 768 4095 76 990 3878
256 768 4095 264 994 3865
512 768 4095 476 1001 3849
768 768 4095 723 1012 3828
1024 768 4095 937 1025 3825
1280 768 4095 1144 1039 3826
1536 768 4095 1357 1058 3828
1792 768 4095 1572 1081 3830
2048 768 4095 1788 1107 3833
2303 768 4095 2005 1137 3836
2559 768 4095 2222 1170 3840
2815 768 4095 2440 1206 3844
3071 768 4095 2658 1245 3849
3327 768 4095 2877 1286 3854
3583 768 4095 3095 1331 3860
3839 768 4095 3313 1377 3866
4095 768 4095 3531 1425 3872
0 1024 4095 327 1183 3867
256 1024 4095 466 1186 3857
512 1024 4095 623 1191 3845
768 1024 4095 810 1199 3831
1024 1024 4095 1000 1209 3830
1280 1024 4095 1193 1221 3831
1536 1024 4095 1398 1238 3833
1792 1024 4095 1607 1257 3836
2048 1024 4095 1818 1278 3838
2303 1024 4095 2031 1304 3842
2559 1024 4095 2245 1333 3845
2815 1024 4095 2461 1364 3850
3071 1024 4095 2677 1398 3854
3327 1024 4095 2894 1434 3859
3583 1024 4095 3110 1473 3865
3839 1024 4095 3327 1515 3871
4095 1024 4095 3544 1558 3878
0 1280 4095 601 1390 3858
256 1280 4095 665 1391 3850
512 1280 4095 760 1395 3843
768 1280 4095 902 1400 3837
1024 1280 4095 1071 1409 3837
1280 1280 4095 1251 1419 3838
1536 1280 4095 1446 1432 3840
1792 1280 4095 1647 1448 3842
2048 1280 4095 1852 1466 3845
2303 1280 4095 2062 1488 3848
2559 1280 4095 2273 1512 3852
2815 1280 4095 2485 1538 3856
3071 1280 4095 2699 1568 3861
3327 1280 4095 2914 1599 3866
3583 1280 4095 3129 1634 3872
3839 1280 4095 3345 1671 3878
4095 1280 4095 3560 1709 3884
0 1536 4095 768 1612 3855
256 1536 4095 814 1613 3851
512 1536 4095 888 1616 3848
768 1536 4095 1006 1620 3845
1024 1536 4095 1158 1627 3846
1280 1536 4095 1323 1635 3847
1536 1536 4095 1508 1647 3849
1792 1536 4095 1701 1660 3852
2048 1536 4095 1898 1676 3854
2303 1536 4095 2103 1695 3858
2559 1536 4095 2309 1715 3861
2815 1536 4095 2518 1738 3865
3071 1536 4095 2729 1764 3870
3327 1536 4095 2941 1791 3875
3583 1536 4095 3154 1821 3881
3839 1536 4095 3368 1854 3887
4095 1536 4095 3582 1887 3893
0 1792 4095 922 1840 3859
256 1792 4095 956 1841 3857
512 1792 4095 1016 1843 3856
768 1792 4095 1115 1846 3856
1024 1792 4095 1252 1852 3857
1280 1792 4095 1404 1859 3858
1536 1792 4095 1578 1869 3860
1792 1792 4095 1762 1881 3863
2048 1792 4095 1952 1894 3865
2303 1792 4095 2151 1910 3869
2559 1792 4095 2352 1928 3872
2815 1792 4095 2557 1948 3877
3071 1792 4095 2765 1970 3881
3327 1792 4095 2974 1994 3886
3583 1792 4095 3185 2021 3892
3839 1792 4095 3396 2049 3898
4095 1792 4095 3608 2079 3904
0 2048 4095 1067 2071 3867
256 2048 4095 1093 2072 3867
512 2048 4095 1143 2074 3868
768 2048 4095 1228 2077 3868
1024 2048 4095 1352 2082 3869
1280 2048 4095 1491 2088 3871
1536 2048 4095 1654 2096 3873
1792 2048 4095 1829 2106 3875
2048 2048 4095 2011 2117 3878
2303 2048 4095 2204 2132 3881
2559 2048 4095 2400 2147 3885
2815 2048 4095 2601 2164 3889
3071 2048 4095 2805 2184 3894
3327 2048 4095 3010 2205 3899
3583 2048 4095 3218 2228 3904
3839 2048 4095 3427 2253 3910
4095 2048 4095 3637 2280 3917
0 2303 4095 1204 2307 3883
256 2303 4095 1227 2308 3883
512 2303 4095 1271 2309 3883
768 2303 4095 1348 2312 3884
1024 2303 4095 1460 2316 3885
1280 2303 4095 1588 2322 3886
1536 2303 4095 1742 2329 3888
1792 2303 4095 1908 2338 3891
2048 2303 4095 2082 2348 3893
2303 2303 4095 2268 2361 3897
2559 2303 4095 2458 2374 3900
2815 2303 4095 2653 2390 3904
3071 2303 4095 2853 2407 3909
3327 2303 4095 3055 2426 3914
3583 2303 4095 3260 2447 3919
3839 2303 4095 3466 2470 3926
4095 2303 4095 3673 2494 3932
0 2559 4095 1342 2545 3900
256 2559 4095 1362 2546 3900
512 2559 4095 1401 2547 3900
768 2559 4095 1469 2549 3901
1024 2559 4095 1572 2553 3902
1280 2559 4095 1690 2558 3903
1536 2559 4095 1834 2565 3905
1792 2559 4095 1990 2573 3908
2048 2559 4095 2156 2581 3910
2303 2559 4095 2336 2592 3914
2559 2559 4095 2520 2605 3917
2815 2559 4095 2710 2618 3921
3071 2559 4095 2906 2634 3926
3327 2559 4095 3103 2651 3931
3583 2559 4095 3305 2669 3936
3839 2559 4095 3508 2690 3942
4095 2559 4095 3712 2711 3948
0 2815 4095 1479 2785 3918
256 2815 4095 1497 2786 3919
512 2815 4095 1532 2787 3919
768 2815 4095 1594 2789 3920
1024 2815 4095 1688 2792 3921
1280 2815 4095 1796 2797 3922
1536 2815 4095 1931 2803 3924
1792 2815 4095 2079 2810 3927
2048 2815 4095 2237 2817 3929
2303 2815 4095 2410 2827 3932
2559 2815 4095 2588 2838 3936
2815 2815 4095 2772 2851 3940
3071 2815 4095 2963 2865 3945
3327 2815 4095 3157 2880 3949
3583 2815 4095 3354 2897 3955
3839 2815 4095 3554 2915 3961
4095 2815 4095 3756 2934 3967
0 3071 4095 1616 3027 3940
256 3071 4095 1632 3027 3940
512 3071 4095 1664 3028 3941
768 3071 4095 1720 3030 3941
1024 3071 4095 1807 3033 3942
1280 3071 4095 1908 3037 3944
1536 3071 4095 2034 3042 3946
1792 3071 4095 2174 3049 3948
2048 3071 4095 2324 3056 3951
2303 3071 4095 2491 3065 3954
2559 3071 4095 2662 3075 3957
2815 3071 4095 2842 3086 3961
3071 3071 4095 3028 3099 3966
3327 3071 4095 3216 3112 3971
3583 3071 4095 3410 3128 3976
3839 3071 4095 3607 3144 3982
4095 3071 4095 3805 3162 3988
0 3327 4095 1753 3269 3963
256 3327 4095 1768 3269 3963
512 3327 4095 1797 3270 3963
768 3327 4095 1848 3272 3964
1024 3327 4095 1928 3275 3965
1280 3327 4095 2022 3278 3967
1536 3327 4095 2140 3283 3969
1792 3327 4095 2273 3289 3971
2048 3327 4095 2415 3295 3973
2303 3327 4095 2575 3303 3977
2559 3327 4095 2740 3312 3980
2815 3327 4095 2914 3322 3984
3071 3327 4095 3095 3334 3989
3327 3327 4095 3279 3346 3993
3583 3327 4095 3469 3360 3999
3839 3327 4095 3662 3376 4005
4095 3327 4095 3857 3392 4011
0 3583 4095 1890 3512 3988
256 3583 4095 1903 3512 3989
512 3583 4095 1930 3513 3989
768 3583 4095 1977 3515 3990
1024 3583 4095 2052 3518 3991
1280 3583 4095 2139 3521 3992
1536 3583 4095 2250 3525 3994
1792 3583 4095 2376 3530 3996
2048 3583 4095 2511 3536 3999
2303 3583 4095 2665 3544 4002
2559 3583 4095 2824 3552 4005
2815 3583 4095 2992 3561 4009
3071 3583 4095 3168 3572 4014
3327 3583 4095 3348 3583 4019
3583 3583 4095 3534 3596 4024
3839 3583 4095 3723 3610 4030
4095 3583 4095 3914 3625 4036
0 3839 4095 2025 3756 4016
256 3839 4095 2037 3756 4016
512 3839 4095 2062 3757 4016
768 3839 4095 2106 3759 4017
1024 3839 4095 2175 3761 4018
1280 3839 4095 2257 3764 4019
1536 3839 4095 2362 3768 4021
1792 3839 4095 2481 3773 4024
2048 3839 4095 2610 3778 4026
2303 3839 4095 2757 3785 4029
2559 3839 4095 2911 3793 4033
2815 3839 4095 3073 3801 4037
3071 3839 4095 3245 3811 4041
3327 3839 4095 3420 3821 4046
3583 3839 4095 3602 3833 4051
3839 3839 4095 3787 3846 4057
4095 3839 4095 3975 3859 4063
0 4095 4095 2159 4001 4044
256 4095 4095 2171 4001 4045
512 4095 4095 2194 4002 4045
768 4095 4095 2234 4003 4046
1024 4095 4095 2299 4005 4047
1280 4095 4095 2375 4008 4048
1536 4095 4095 2474 4012 4050
1792 4095 4095 2587 4016 4052
2048 4095 4095 2710 4021 4055
2303 4095 4095 2851 4027 4058
2559 4095 4095 3000 4034 4061
2815 4095 4095 3157 4042 4065
3071 4095 4095 3323 4051 4070
3327 4095 4095 3494 4060 4074
3583 4095 4095 3672 4071 4080
3839 4095 4095 3854 4083 4085
4095 4095 4095 4039 4095 4091
